CustomerType,SpecialDayProximity,ExitRate,PageValue,TrafficSource,GeographicRegion,BounceRate,ProductPageTime,PurchaseCompleted
Returning_Visitor,0,0.2,0,1,1,0.2,0.000000395,0
Returning_Visitor,0,0.1,0,2,1,0,64.000000396,0
Returning_Visitor,,0.2,0,3,-9,0.2,0.000000397,0
Returning_Visitor,0,0.14,0,4,2,0.05,2.666667398,0
Returning_Visitor,0,,,4,1,0.02,627.500000399,0
New_Visitor,0,0.099637503,0,1,1,0.085005968,1505.388015978,0
Returning_Visitor,0,0.003024056,0,5,3,0.030921647,730.652165563,0
Returning_Visitor,0,0.017612171,0,2,-6,0.000002774,688.810331791,0
Returning_Visitor,0,0.001769253,0,3,2,0.011427268,1137.581880625,0
New_Visitor,0,0.016757342,0,4,3,0.012159243,0.000000009,0
Returning_Visitor,0,0.006045049,0,8,1,0.060166542,3385.306343817,0
Other,0.2,0.05,0,2,1,0.002699057,314.471514883,0
New_Visitor,0.6,0.014987127,9.856743386,2,4,0,1887.440451441,0
Returning_Visitor,0,0.04537277,0,2,1,0.000006437,763.968255472,0
Returning_Visitor,0,0.1,0,3,1,0.000139223,767.170696857,0
Returning_Visitor,0.4,0.05,11.564664182,13,-8,0.063258076,169.903754347,0
Returning_Visitor,0,0.005627824,0,10,1,0.000135776,1498.296324724,0
Returning_Visitor,0,0.088379018,0,9,3,0.013098373,288.56774084,0
Returning_Visitor,0,0.001692552,0,2,2,0.057782114,1746.285414395,0
Returning_Visitor,0,0.092387359,0,1,1,0,103.377690945,0
Returning_Visitor,0.4,0.024397523,0,11,1,0.2,1583.975965229,0
Returning_Visitor,0,0.003082573,0,6,4,0.164386996,3118.702597971,0
Returning_Visitor,0,0.020506023,3.061824992,3,3,0.062983964,347.653898548,0
New_Visitor,1,0.008826122,0,2,1,0.000010687,1352.179311659,0
Returning_Visitor,0,0.032068425,0,8,1,0.232524228,1529.982438653,0
New_Visitor,0.2,0.083104394,0,12,4,0,95.796436171,0
Returning_Visitor,0,0.003982639,23.344408171,2,-5,0.101529603,1121.99551589,1
Returning_Visitor,0,0.213828454,0,2,1,0.000024155,0.000000027,0
Returning_Visitor,0,0.026125732,0,3,1,0.274430877,103.771392113,0
Returning_Visitor,0,0.218945785,0,2,3,0.001521617,1094.685248587,0
Returning_Visitor,0,0.000002625,0,5,1,0.000000054,748.925789984,1
New_Visitor,0,0.002209736,0,10,4,0.000673541,3363.219444726,0
Returning_Visitor,0.2,0.03680286,0,2,3,0.000000199,0.000000032,0
Returning_Visitor,0,0.003281106,0,3,-6,0.003397549,1293.314240704,0
New_Visitor,0,0.024000091,79.971040754,4,1,0,509.753478037,1
New_Visitor,0,0.007441114,0,1,4,0.000016538,1017.257468648,0
New_Visitor,0,0.021752658,0,2,2,0,1365.629490282,0
Returning_Visitor,0,0.023443939,0,2,-5,0,1858.042408819,0
Returning_Visitor,0,0.038587183,0,7,1,0.04043877,1945.756377622,0
New_Visitor,0.4,0.2,0,2,4,0.002515265,0.000000039,0
Returning_Visitor,0.4,0.04010769,0,8,1,0.018402399,1125.019813176,0
Returning_Visitor,0,0.003907681,0,2,1,0.002431824,1591.671601388,0
Returning_Visitor,0.8,0.032969956,0,3,2,0.1,663.080065251,0
Returning_Visitor,0.4,0.008160916,0,2,-6,0.021487159,1097.710751296,0
Returning_Visitor,0,0.021442136,0,3,-5,0.000493987,1491.670999621,0
New_Visitor,0,0.027039645,38.348589152,1,1,0,910.338347329,1
Returning_Visitor,0,0.00947606,0,1,1,0.007836835,248.474720214,0
Returning_Visitor,0,0.017614101,0,2,4,0.05,529.376586214,0
Returning_Visitor,0,0.024038262,68.835497625,11,3,0.047149307,271.082815907,0
New_Visitor,0,0.000242023,0,7,4,0.000069671,0.000000049,0
New_Visitor,0.8,0.100500988,0,2,-6,0.000013217,552.676409253,0
Returning_Visitor,0,0.101268434,0,4,3,0.069854211,1820.735589428,0
Returning_Visitor,0,0.01265984,0,1,2,0.200361154,2092.938210638,0
New_Visitor,0,0.005405333,0,3,-6,0.027046511,571.200741302,0
Returning_Visitor,0,0.000637037,0,3,4,0.000000255,113.130929568,1
Returning_Visitor,0,0.027761031,0,6,1,0.051737503,2472.575362959,0
Returning_Visitor,0,0.000559446,0,2,4,0.05,1147.952921437,0
Returning_Visitor,0,0.029894975,0,4,1,0.000137977,1050.284840513,0
Returning_Visitor,0,0.047028874,0,2,1,0.000036715,3247.155996416,0
New_Visitor,0,0.014730293,0,3,1,0.043255689,762.652692757,0
Returning_Visitor,0.4,0.134288445,0,1,3,0.010246668,424.478094598,0
Returning_Visitor,0,0.05,2.551018583,3,4,0.003042023,1165.425181464,0
New_Visitor,0,0.003320281,0,1,3,0.025477986,423.226551336,0
New_Visitor,0,0.000085459,0,1,1,0,1603.058527729,1
Returning_Visitor,0,0.146797355,0,1,-7,0.000004488,182.019814457,0
Returning_Visitor,0,0.005533982,0,10,-7,0.000000001,0.000000065,0
Returning_Visitor,0.6,0.004142333,0,2,1,0.013493065,454.227908858,0
New_Visitor,0,0.039902781,0,1,3,0.05,1859.222483397,0
New_Visitor,0,0.066246886,0,2,3,0.120358788,2298.416366075,0
Returning_Visitor,0,0.053007184,0,8,1,0.045067436,1044.362227322,0
New_Visitor,0,0.000000466,1.386027743,3,4,0,601.441680885,1
New_Visitor,0,0.172573698,0,8,2,0.100972858,636.483977271,0
Returning_Visitor,0,0.046583584,0,3,3,0.017309246,1368.371028816,0
Returning_Visitor,0,0.000183015,35.882918829,8,4,0,5586.835713641,1
Returning_Visitor,0,0.2,0,1,4,0.000002825,1182.108926557,0
Returning_Visitor,0,0.066822661,0,2,3,0,0.000000075,0
Other,0,0.000000125,19.264752337,8,1,0,2553.821949624,1
Returning_Visitor,0,0.015304855,24.033210998,4,2,0.005584687,1883.839566347,0
New_Visitor,0,0.004436617,3.040834509,2,1,0,1359.132060105,1
Returning_Visitor,0,0.008085136,16.325376745,3,1,0.000012534,0.000000079,0
Returning_Visitor,0,0.025510631,0,3,1,0,959.390822817,0
Returning_Visitor,0.2,0.008534895,0,8,1,0.019394279,1485.526055433,0
Returning_Visitor,0,0.000052508,0,3,1,0.000001404,442.256984839,0
Returning_Visitor,0.2,0.009399209,44.182695893,2,-8,0.09977816,375.799441983,0
Returning_Visitor,0,0.20764261,9.3384179,2,-8,0.240796832,700.089416764,0
Returning_Visitor,0.4,0.061258814,0,2,4,0.000180792,230.255322152,0
Returning_Visitor,0,0.004576912,0,3,1,0,1069.685423775,0
Returning_Visitor,0,0.00000028,59.631958419,6,3,0.02,1504.272875592,1
Returning_Visitor,0,0.051941737,12.272077099,7,1,0.013074153,265.750743185,0
Returning_Visitor,0,0.03401319,40.741325497,1,1,0.033182769,766.361982042,0
Returning_Visitor,0,0.100662593,0,1,1,0.000000546,1740.939741419,0
New_Visitor,0,0.004070306,0,2,1,0.000000539,882.823515927,1
Returning_Visitor,0,0.138591782,0,2,4,0.000097086,1603.834750126,0
New_Visitor,0,0.005188104,0,1,-6,0.058263007,841.877408393,0
Returning_Visitor,0,0.05,0,2,1,0.00037441,308.287403377,0
Returning_Visitor,0,0.013845971,7.75535998,2,3,0.012367651,1022.588999849,0
Returning_Visitor,0,0.063674329,0,3,4,0.000000233,5076.879472841,1
Returning_Visitor,0.2,0.152708363,12.712439409,3,-5,0,261.010171319,1
Returning_Visitor,0.2,0.03495603,0,3,1,0.003308254,1359.139827652,0
New_Visitor,0,0.000216721,0,2,-7,0.000000002,896.706334369,1
Returning_Visitor,0,0.295603305,7.4197175,14,4,0.016393667,0.0000001,0
Returning_Visitor,0,0.1,0,5,1,0.000000004,2930.192642112,0
Returning_Visitor,0,0.01009048,0,2,1,0.05,942.970360219,0
Returning_Visitor,0.4,0.030843675,0,1,1,0.2,1693.857837906,0
Returning_Visitor,0,0.008033455,0,2,-7,0.163944043,1786.75337879,0
Returning_Visitor,0,0.015135063,0,2,4,0.036001193,1273.913605026,0
Returning_Visitor,0.2,0.101750851,0,6,3,0.007249672,1434.084246263,0
Returning_Visitor,0,0.007157611,0,13,-7,0.006193256,2302.743837803,0
Returning_Visitor,0,0.1,0,3,3,0.09144824,679.406757339,0
Returning_Visitor,0,0.005487009,7.060998007,2,1,0.000938893,709.670158661,0
Returning_Visitor,0,0,0,2,1,0.02,538.211893763,0
Returning_Visitor,0,0.020888921,0,13,1,0.02,992.666300053,0
Returning_Visitor,0,0.031723131,8.113736521,6,1,0.000000001,907.678510138,1
New_Visitor,0,0.000040167,173.31435535,9,2,0,488.436882533,1
New_Visitor,0,0.209992177,42.657357797,1,-6,0,2248.651578613,1
Returning_Visitor,0,0.2,15.722141603,9,1,0.000076024,1143.886012601,0
Returning_Visitor,0,0.029042293,0,4,1,0.000002808,56.909604662,0
New_Visitor,0,0.01,0,2,1,0.001965257,994.843702019,0
Returning_Visitor,0,0.018436511,3.506609722,2,1,0.001475524,397.96456931,0
Returning_Visitor,0,0.011212021,0,3,-6,0.000115875,3726.734175771,1
Returning_Visitor,0,0.073698332,6.072231086,3,1,0.000072186,1461.096864639,0
Returning_Visitor,0,0.01026016,0,2,1,0,4557.411030801,0
Returning_Visitor,0,0.007423591,124.612953513,1,4,0,1924.428232272,1
New_Visitor,0,0.119454313,0,2,1,0.009315743,805.389340454,0
Returning_Visitor,0,0.02,0,5,1,0.060669683,1073.967531692,0
Returning_Visitor,0.4,0.026977537,0,1,-6,0.128607891,808.761828175,0
Returning_Visitor,0,0.092073533,8.751485718,7,-8,0.001584212,3013.131751984,0
Returning_Visitor,0,0.000000232,103.098256252,6,4,0,847.172896579,1
Returning_Visitor,0,0.000450939,10.7321968,3,1,0.000000289,0.000000128,1
New_Visitor,0,0.17982713,0,4,2,0.016068803,568.682422113,0
Returning_Visitor,0,0.08033087,0,2,-8,0.031878564,0.00000013,0
Returning_Visitor,0.2,0.169947143,0,2,4,0.008987369,445.852722525,0
Returning_Visitor,0,0.004427928,0,3,2,0,199.073917124,0
Returning_Visitor,0,0.011628298,39.154869173,17,1,0,1737.233649282,1
Returning_Visitor,0,0.041772356,0,3,3,0.028088167,178.862736711,0
Returning_Visitor,0,0.177524096,0,2,3,0,2097.729041349,0
Returning_Visitor,0.6,0.130596611,0,3,4,0.004768144,676.616539914,0
Returning_Visitor,0,0.004059921,0,4,3,0.001230543,208.95809476,0
Returning_Visitor,0,0.01,0,3,3,0,3169.285531029,0
Returning_Visitor,0,0.04512039,0,5,-6,0.091634849,637.092770297,0
Returning_Visitor,0,0.010721426,332.504657184,3,1,0.000000699,244.50774106,0
New_Visitor,0,0.023123888,6.769856055,1,-8,0.017812958,786.652999585,0
Returning_Visitor,0,0,13.160611301,4,-8,0.175303427,1642.005123745,1
Returning_Visitor,0.2,0.077125062,0,2,1,0.044723765,1475.202508055,0
Returning_Visitor,0,0.026380543,2.594412732,2,1,0.009777954,1008.27717726,0
Returning_Visitor,0,0.078374909,0,2,3,0.00239828,3077.775101398,0
Returning_Visitor,0,0.000015893,0,2,1,0.300791805,1641.870603549,0
Returning_Visitor,0.2,0.02700341,0,3,1,0.01,821.24558172,0
Returning_Visitor,0,0.131676823,0,3,1,0,1033.745828334,0
New_Visitor,0,0.02,0,8,-7,0.064777285,578.924143517,0
Returning_Visitor,0,0.203859916,1.719502964,1,-8,0,165.318555708,0
Returning_Visitor,0.4,0.005494114,0,1,1,0.045308301,220.213596574,0
New_Visitor,0,0.076606602,0,3,-6,0.001567604,1398.231319142,0
Returning_Visitor,0,0.022690636,0,5,1,0.000165289,333.046070144,0
Returning_Visitor,0,0.02,0,2,1,0.000275907,716.920550449,0
New_Visitor,0,0.002235131,0,12,1,0.000794973,403.310116591,0
Returning_Visitor,0,0.015631629,15.750373483,4,-8,0,1149.531308643,1
Returning_Visitor,0,0.092264172,0,4,3,0.018995344,215.087031792,0
Returning_Visitor,0,0.001794944,15.772294939,3,1,0.005231835,711.026914528,0
Returning_Visitor,0,0.0001677,84.307225246,3,1,0.01,2915.940455084,1
Returning_Visitor,0,0.032034478,0,1,1,0.001836003,4287.673580756,0
Returning_Visitor,0,0,0,5,2,0,1089.290524647,0
Returning_Visitor,0,0.001749064,0,1,1,0.007969087,1057.584227034,0
Returning_Visitor,0,0.02175935,93.493201268,11,1,0,2946.407495134,1
Returning_Visitor,0,0.013537504,0,2,-7,0.061217761,1765.271075793,0
Returning_Visitor,0,0.032363962,0,2,2,0.108795604,0.000000165,0
Returning_Visitor,0,0.000013209,31.40396791,7,4,0.012161679,1752.484276027,1
Returning_Visitor,0,0.187777496,0,3,2,0.00007356,0.000000167,0
New_Visitor,0.4,0.0028976,0,3,1,0.013463342,2445.524103247,0
Returning_Visitor,1,0.054946434,0,2,1,0.05,553.937231897,0
Returning_Visitor,0,0.010215373,12.353901389,2,1,0.309207969,1438.40733512,0
Returning_Visitor,0,0.000032124,0,2,1,0.01,1026.952133067,0
Returning_Visitor,0.8,0.007892801,32.074959341,3,1,0,717.194123985,1
Returning_Visitor,0,0.001996324,0,8,3,0.070944648,1615.34653667,0
Returning_Visitor,0,0.054834246,0,1,1,0.001614676,0.000000174,0
Returning_Visitor,0,0.076427306,0,9,3,0.001356935,191.658866314,0
Returning_Visitor,0,0.2,0,2,3,0.010364887,4.733908887,0
New_Visitor,0,0.2,3.346268583,2,1,0,1566.084827729,0
New_Visitor,0,0.072578542,0,3,-7,0.000001065,345.445148509,0
New_Visitor,0,0.000123327,0,4,-5,0.000000447,781.933809263,1
Returning_Visitor,0,0.024519046,10.586833186,2,1,0.105210045,1649.95623786,0
New_Visitor,0.2,0.003235598,0,3,1,0.005574379,1071.674928736,0
New_Visitor,0,0.046538813,0,8,2,0.062848257,733.36638025,0
Returning_Visitor,0,0.00190354,0,3,-8,0.003343812,1959.062311054,1
New_Visitor,0.4,0.001019214,0,2,2,0.000242157,966.645821866,0
Returning_Visitor,0,0.010377673,0,3,3,0,741.04938403,0
Returning_Visitor,0,0.05,0,2,1,0,1597.271975895,0
Returning_Visitor,0,0.011864933,0,1,3,0.00196207,51.635390289,0
Returning_Visitor,0,0.086414535,0,2,1,0.00056068,387.115771739,0
Returning_Visitor,0,0.041113218,57.505345539,3,4,0,1182.789909482,1
Returning_Visitor,0,0.088607977,37.750258295,5,1,0.000002621,2585.278854545,1
Returning_Visitor,0,0.000075667,0,2,4,0,2390.152686769,1
Returning_Visitor,0,0.000000016,52.482064296,9,1,0.000000489,1654.879903443,1
New_Visitor,0.2,0.305204213,0,1,1,0.091003818,1150.882842444,0
Returning_Visitor,0.4,0.057939128,0,2,4,0.005183078,1013.813020302,0
Returning_Visitor,0,0.01,0,2,1,0.005732588,2547.539940132,0
New_Visitor,0,0.045959038,10.623466169,10,4,0.000016083,0.000000196,0
New_Visitor,0,0.110273644,0,7,2,0.000004745,0.000000197,0
Returning_Visitor,0,0.055111918,22.766076648,2,2,0.1,2041.711007311,1
New_Visitor,0.4,0.01,0,1,1,0.102404721,1287.127428449,0
Returning_Visitor,0,0.078002798,0,1,4,0,5167.579561921,0
Returning_Visitor,0.2,0.003175083,0,17,3,0.000437499,1233.733834945,0
Returning_Visitor,0,0.001890645,0,2,1,0.004990206,0.000000202,0
Returning_Visitor,0,0.27934349,0,2,1,0.002152873,2178.666587399,0
Returning_Visitor,0,0.000600131,56.238482942,5,1,0.000000006,4741.814832473,1
Returning_Visitor,0,0.002118242,0,7,-5,0.02,696.76579672,0
Returning_Visitor,0,0.01468192,0,3,2,0.000002729,1632.349438844,0
New_Visitor,0,0.1,31.488500006,4,1,0,4259.848064885,1
New_Visitor,0,0.000431386,15.175059686,3,3,0.01,1774.175048665,1
Returning_Visitor,0,0.1,0,1,3,0.1,1186.671207612,0
Returning_Visitor,0,0.053585189,0,2,3,0,5495.702458323,0
Returning_Visitor,0.8,0.000002746,0,2,1,0.002950253,1901.121030311,0
Returning_Visitor,0,0.001191051,0,2,1,0.05,1508.549849733,0
Returning_Visitor,0,0.078620748,0,1,3,0.000092024,0.000000213,0
Returning_Visitor,0,0.001063498,0,15,1,0.004117326,509.769346102,0
New_Visitor,0,0.046074707,0,2,-6,0.007388843,3823.159193821,0
Returning_Visitor,0,0.110488994,0,7,-7,0.0000317,1018.763083996,0
Returning_Visitor,0,0.02462878,0,2,-7,0,1618.187561706,0
Returning_Visitor,0,0.000901182,0,2,2,0.05,5627.024888028,1
Returning_Visitor,0,0.009559012,0,3,3,0.2,492.086378561,0
Returning_Visitor,0.4,0.02466825,0,1,1,0,287.637495143,0
Returning_Visitor,0,0.2,0,4,1,0.031025201,2216.095710324,0
New_Visitor,0,0.01,3.881650577,2,4,0.000189729,919.718966143,0
Returning_Visitor,0,0.083929166,2.279752592,8,1,0.008421351,667.982595114,0
New_Visitor,0,0.064225677,0,2,3,0.000769528,705.746114035,0
Returning_Visitor,0,0.036439502,0,15,3,0.016794741,177.040365728,0
Returning_Visitor,0,0.010723269,0,4,1,0.003534493,3737.582323604,0
New_Visitor,0,0.044181474,0,5,4,0.002677863,1816.651000664,0
Returning_Visitor,0,0.02,0,1,-5,0.001190804,2866.790994903,0
Returning_Visitor,0,0.009713277,0,2,4,0.081612463,919.886348109,0
Returning_Visitor,0,0.080538036,0,17,-6,0.0650891,908.166199486,0
Returning_Visitor,0.2,0.003230404,0,1,-5,0.055809712,0.000000231,0
Returning_Visitor,0,0.113088758,0,4,1,0.001249507,3216.171137665,0
Returning_Visitor,0,0.051246371,0,1,1,0.000202686,661.693744508,0
Returning_Visitor,0,0.05,0,2,1,0.000554952,1115.060443672,0
Returning_Visitor,0,0.002687533,19.480861843,3,2,0.000030563,2946.280715745,0
New_Visitor,0,0.002245852,0,4,-6,0.000132871,1020.379068735,0
Returning_Visitor,0,0.010750678,0,1,1,0.021400292,2481.795369247,0
Returning_Visitor,0.8,0.040771416,0,1,4,0,1542.234382636,0
Returning_Visitor,0,0.055134636,0,1,3,0.009387344,114.00070362,0
Returning_Visitor,0,0.015981831,0,1,-5,0,2873.331857161,0
Returning_Visitor,0.2,0.042447535,0,1,-5,0.000563412,580.506252709,0
Returning_Visitor,0,0.105556852,0,2,2,0.000050065,249.886781265,0
Returning_Visitor,0,0.006046443,0,3,1,0.000358317,405.041491001,0
Returning_Visitor,0,0.003228797,0,2,3,0.05,6085.3586671,0
Returning_Visitor,0,0.043885474,0,1,-6,0.013753151,1300.180244993,0
Returning_Visitor,0,0.000000007,53.508744133,2,1,0.000000328,1630.702805564,1
Returning_Visitor,0,0.023268335,20.710647892,1,1,0.078606731,530.299097692,0
New_Visitor,0.6,0.102458917,0,4,1,0.01,1605.728918823,0
New_Visitor,0,0.00002144,5.857284653,2,-6,0.00000615,2606.569342136,1
Returning_Visitor,1,0.1,0,5,3,0.1,800.170310632,0
Returning_Visitor,0,0.00591022,0,3,1,0.053390971,1103.699024486,0
Returning_Visitor,0,0.13555361,0,6,3,0.1,1577.576490109,0
New_Visitor,0,0.03125956,0,1,1,0.000002504,159.637170323,0
Returning_Visitor,0,0.005554867,2.964082754,5,-8,0.00004099,600.974527056,0
Returning_Visitor,0,0.007460673,0,1,3,0.00024033,656.149455858,0
Other,0,0.000001364,24.884024037,1,1,0.01533619,1797.245649996,1
Returning_Visitor,0,0.000231479,0,3,2,0,2678.888219194,0
Returning_Visitor,0,0.004491355,0,14,4,0.05,0.000000258,0
New_Visitor,0,0.062605205,23.494978117,1,-7,0,402.913109283,0
Returning_Visitor,0.4,0.05,0,2,-6,0,275.981046525,0
Returning_Visitor,0,0.2,0,3,4,0,2938.852971247,0
New_Visitor,0.4,0.146866728,0,10,3,0,2153.018175425,0
Returning_Visitor,0,0.017012903,0,2,3,0.001277529,1277.478312433,0
Returning_Visitor,0,0.122381744,0,5,4,0.029081234,3535.125144746,0
Returning_Visitor,0,0.000199715,0,10,3,0.007963329,2254.502877069,0
Returning_Visitor,0,0.006550545,0,2,4,0.02546178,651.944604839,0
Returning_Visitor,0,0.00000769,11.032814376,7,3,0.000050312,2402.844632292,1
Returning_Visitor,0,0,13.201550433,4,-6,0.003650782,343.714634208,0
Returning_Visitor,0,0.000194815,0,1,-9,0.000002671,2110.159780135,1
Returning_Visitor,0,0.022159633,0,2,-6,0.015989928,1057.084788987,0
Returning_Visitor,0,0.000000517,0,2,4,0.000000176,2166.210250729,0
Returning_Visitor,0,0,0,1,-6,0.000000001,839.563815174,0
Returning_Visitor,0,0.001221461,113.463253248,17,3,0,2052.368735456,1
Returning_Visitor,0,0.01,0,2,3,0.0000093,639.156652765,0
Returning_Visitor,0,0.002750543,6.062514179,2,1,0.036906776,182.17057169,0
Returning_Visitor,0,0.000088337,0,11,1,0,2289.034581955,1
Returning_Visitor,0,0.007471344,1.781140939,4,2,0.000218442,4248.020178647,1
Returning_Visitor,0,0.0297811,32.393383868,9,1,0,401.267213288,1
Returning_Visitor,0,0.005627259,0,1,-5,0.05,652.466799288,0
Returning_Visitor,0,0.05,0,3,2,0.00000011,893.72067261,0
Returning_Visitor,0,0.012056486,0,8,-6,0.093555075,337.226574283,0
Returning_Visitor,0,0.034180635,0,2,3,0,330.81543338,0
Returning_Visitor,0,0.046761208,1.430352101,2,4,0.000457687,687.037948936,0
New_Visitor,0,0.007543652,173.1891653,4,2,0.000067071,107.417283443,1
Returning_Visitor,0,0.247956441,0,5,3,0.020086518,0.000000285,0
Returning_Visitor,0,0.104341868,0,1,1,0.003903042,321.327869206,0
Returning_Visitor,0,0.003911784,0,10,4,0.103886802,1504.532995027,0
Returning_Visitor,1,0.000977702,0,8,4,0.009405831,383.760491652,0
Returning_Visitor,0,0.007392151,0,5,1,0.00985918,991.609215705,0
New_Visitor,0,0.001227669,0,2,1,0,599.049447581,0
Returning_Visitor,0,0.000000182,6.351305643,10,3,0,4366.778405409,1
Returning_Visitor,0.4,0.039928044,6.655861113,4,3,0.05,789.950866732,0
Returning_Visitor,0,0.079849272,0,3,1,0.000737875,964.509939022,0
Returning_Visitor,0,0.000013519,0,3,3,0.000084178,2966.140764712,0
Returning_Visitor,0,0.000005419,0,2,-8,0.040361623,1336.575016308,0
New_Visitor,0,0.045149653,0,2,4,0.000006142,1855.084764903,0
Returning_Visitor,0,0.127818749,6.913283635,3,-7,0.006495475,1443.009086605,0
Returning_Visitor,0,0.01,0,18,3,0.02,366.142012032,0
Returning_Visitor,0.6,0.000439105,0,2,1,0.005880846,2315.354085997,0
Returning_Visitor,0,0.05,0,3,1,0.018215575,1891.784351914,0
Returning_Visitor,0,0.040470433,0,1,3,0.001420919,1794.732304529,0
Returning_Visitor,0.6,0,0,5,3,0.000091382,1228.490372227,0
Returning_Visitor,0.6,0.025502887,0,9,-6,0.001627551,117.486167367,0
Returning_Visitor,0,0.043504686,44.268125659,1,1,0.206141205,0.000000304,0
Returning_Visitor,0,0.008529105,0,2,2,0.000305712,0.000000305,0
Returning_Visitor,0,0.008236232,0,2,1,0.002254071,1326.381681889,0
Returning_Visitor,0,0.008902491,0,4,1,0.004573561,2887.086568589,0
New_Visitor,0.2,0.10176228,0,5,1,0.008048131,0.000000308,0
Returning_Visitor,0,0.178937976,0,4,-5,0.05,309.120803026,0
Returning_Visitor,0,0.098435818,0,4,3,0.000006318,0.00000031,0
Returning_Visitor,0,0.002556805,0,2,-8,0,2484.377710835,0
Returning_Visitor,0,0.000448785,0,2,3,0.00005016,941.273032935,0
Returning_Visitor,0,0.03507448,41.481241853,3,-7,0.05,233.930771497,1
Returning_Visitor,0,0.1364248,0,1,1,0.066041785,690.991124508,0
Returning_Visitor,0,0.13689472,10.488408728,2,3,0,445.845170565,0
New_Visitor,0.6,0.03442323,2.279725796,2,1,0.056257987,165.44822209,0
Returning_Visitor,0,0.013844147,0,2,4,0,269.756943204,0
Returning_Visitor,0,0.330348671,0,4,2,0.078360464,676.707070453,0
New_Visitor,0,0.007286449,0,2,4,0.004948854,631.446628116,0
New_Visitor,0.2,0.004675869,0,1,1,0,1443.154980318,0
Returning_Visitor,0.2,0.1,0,1,1,0.000018843,988.81284514,0
New_Visitor,0,0.000012845,0,2,3,0.01,1752.0335428,0
Returning_Visitor,0,0.236315671,0,2,3,0.025808815,859.623997111,0
Returning_Visitor,0,0.023380989,0,4,-5,0.000000532,1684.007656496,0
Returning_Visitor,0,0.005416942,0,2,1,0.023873938,519.262749173,0
Returning_Visitor,0,0.026003405,70.332782907,1,4,0.05,715.893497167,0
Returning_Visitor,0,0.150023609,0,11,2,0.000000028,1984.879802819,1
Returning_Visitor,0,0.144665744,0,2,1,0,2644.991551085,0
Returning_Visitor,0.2,0.003933395,0,1,1,0,885.372845086,0
Returning_Visitor,0,0.014148268,0,3,2,0.001516587,2051.421608269,0
Returning_Visitor,0,0.144814456,0,1,3,0.002395663,2017.398075271,0
Returning_Visitor,0,0.013332257,3.567501512,4,3,0.027140464,316.893075641,0
Returning_Visitor,0.8,0.007336326,0,2,1,0.05,506.627061883,0
Returning_Visitor,0,0.023182247,0,5,-6,0,966.433737112,0
Returning_Visitor,0.4,0.1,0,2,-5,0.000083226,1391.511105397,0
New_Visitor,0,0.016285388,0,1,1,0.024127254,2176.153596325,0
Returning_Visitor,0.4,0.056149203,0,1,1,0.05,404.951523046,0
Returning_Visitor,0,0.352688118,0,1,4,0.001511168,339.948863361,0
New_Visitor,0.4,0.022200374,0,2,-6,0.003198176,0.000000339,0
New_Visitor,0,0.004477503,12.975796541,1,1,0.047879231,2869.894711424,1
Returning_Visitor,0,0.005022013,0,3,-9,0,831.372481387,1
Returning_Visitor,0,0.000128883,19.522509547,2,4,0.000020356,919.832205937,1
Returning_Visitor,0,0.09756247,0,2,1,0.000006691,1029.150461779,0
Returning_Visitor,0,0.154466881,0,3,4,0.000545799,1798.670590642,0
Returning_Visitor,0,0.003742318,0,2,3,0.009294055,0.000000345,0
Returning_Visitor,0.6,0.015068392,0,5,-6,0,849.892747097,0
Returning_Visitor,0,0.01004423,73.838100164,4,4,0.02,1255.687170433,0
Returning_Visitor,0.2,0.145328634,0,4,4,0.009776447,1059.196336171,0
Returning_Visitor,0,0.005013105,0,2,3,0.003973586,1328.528758778,0
Returning_Visitor,0.2,0.01026683,0,2,1,0.01,320.140588187,0
New_Visitor,0,0.129755787,0,1,1,0.026050968,1015.131943714,0
Returning_Visitor,0,0.039854396,16.205514849,7,1,0.000077038,1001.818510526,0
Returning_Visitor,0,0.048704515,0,2,3,0.000000001,2373.059041631,0
Returning_Visitor,0,0.235315062,13.398561286,8,3,0.003086919,1856.101831779,0
New_Visitor,0,0.2,22.490331078,7,3,0,68.5611854,0
Returning_Visitor,0,0.243345319,10.171948147,2,-8,0,837.944326024,0
Returning_Visitor,0,0.02,0,1,1,0,534.319667758,1
Returning_Visitor,0,0.071638548,0,3,3,0.008465864,300.534306648,0
Returning_Visitor,0,0.052230899,0,3,3,0.015452249,408.820177625,0
Returning_Visitor,0.2,0.006520535,0,13,3,0,2106.746308553,0
Returning_Visitor,0,0.020021599,0,1,1,0.008261072,239.955179208,0
New_Visitor,0,0.046953211,0,18,1,0.019637541,2050.639536522,0
Returning_Visitor,0,0.001210984,5.708863293,2,3,0.021893643,1676.999035235,0
Returning_Visitor,0,0.2,0,2,3,0,473.984053365,0
Returning_Visitor,0.2,0.01,0,3,-6,0.000399555,2399.120420676,0
Returning_Visitor,0,0.067581304,0,5,1,0,468.331746782,0
Returning_Visitor,0,0.006215759,0,2,-8,0.004076226,1144.04960751,0
Returning_Visitor,0,0.042174442,0,2,1,0.00529334,806.1301516,0
Returning_Visitor,0,0.050656932,0,7,1,0.002318898,2458.163495454,0
Returning_Visitor,0,0.008568105,0,4,1,0,1736.024680315,1
Returning_Visitor,0,0.2,0,5,3,0.000102166,4546.585623833,0
Returning_Visitor,0,0.092671725,16.645163854,1,1,0.039248037,1641.355031379,0
Returning_Visitor,0,0.002109738,0,2,4,0,0.000000373,0
Other,0,0.011115779,0,2,-7,0.000000022,2164.520213089,0
Returning_Visitor,0,0.052684186,0,2,-8,0,1719.326752205,1
Returning_Visitor,0,0.041593828,0,15,-6,0.000005714,1280.476687183,0
Returning_Visitor,0,0.031098647,0,2,1,0.000730754,1281.504951984,0
Returning_Visitor,0,0.067600575,11.626219254,1,1,0,4.00092413,0
Returning_Visitor,0.2,0.088926114,11.498934696,1,1,0.000100562,329.972899684,0
New_Visitor,0,0.079701188,0,10,1,0.000000065,1688.435891028,0
New_Visitor,0,0.000000172,3.672448809,2,3,0,836.221459026,1
Returning_Visitor,0.6,0.038703839,0,4,1,0,2527.565315762,0
Returning_Visitor,0,0.083281274,0,1,2,0,932.19197972,0
Returning_Visitor,0,0.05,0,3,1,0.121270896,814.666595258,0
Returning_Visitor,0,0.045962403,0,1,1,0.001030018,2815.626147525,0
New_Visitor,0,0.029372367,0,17,-8,0.034361708,1912.483648731,0
Returning_Visitor,0,0.021083755,7.233985038,3,3,0,1700.940298857,0
Returning_Visitor,0,0.05,0,5,1,0.022205369,621.649569925,0
Returning_Visitor,0,0.01,0,3,2,0.000625203,1901.823049505,0
Returning_Visitor,0,0.124891173,0,2,-8,0,0.00000039,0
Returning_Visitor,1,0.001244776,0,7,4,0.026375419,0.000000391,0
New_Visitor,0,0.010987894,0,2,1,0.077206596,433.915471001,0
Returning_Visitor,0,0.000509701,0,4,1,0.000000908,1820.84911996,1
Returning_Visitor,0,0.0549899,0,3,1,0.005435356,642.181209422,0
Returning_Visitor,0,0.1,0,2,-6,0.012070248,802.637218357,0
New_Visitor,0,0.125174224,0,2,4,0.006576474,627.547684391,0
Returning_Visitor,0.2,0.036234055,0,2,1,0.069760816,460.120494949,0
Returning_Visitor,0,0.000085408,0,1,1,0,170.387327013,0
Returning_Visitor,0,0,3.850909802,1,1,0.000707537,3663.163197994,0
New_Visitor,0,0.000081942,0,3,-8,0,387.887663347,1
Returning_Visitor,0,0.009610284,0,2,3,0,2087.47662712,1
Returning_Visitor,0,0.063696948,0,,-7,0.1,1091.76712748,1
Returning_Visitor,0,0.006458841,2.548403068,1,1,0.000120115,550.879296788,1
Returning_Visitor,0.2,0.200833646,0,3,-6,0.007851779,2178.646815779,1
New_Visitor,0,0.097935829,6.169481736,1,1,0.033384384,2043.901206658,1
New_Visitor,0,0.000599103,,1,1,0.000529708,429.631029965,1
Returning_Visitor,0.2,0.05,0,2,4,0,2223.379596732,0
Returning_Visitor,0,0.006275653,0,4,3,0.05,1879.778755505,0
Returning_Visitor,0,0.035222812,0,3,2,0.004503883,1165.439350115,0
Returning_Visitor,0,0.113002253,0,2,1,0,1643.435453336,0
Returning_Visitor,0,0.009662198,17.476533606,2,1,0.000016812,1474.787116698,1
Returning_Visitor,0,0.034473373,0,8,-7,0.000799425,1257.663720509,0
Returning_Visitor,0,0.001225416,0,4,1,0.000017945,817.318532918,0
New_Visitor,0,0.05,101.380655409,2,3,0.000013711,1774.489792358,1
New_Visitor,0,0.001575797,0,3,3,0.000000001,890.478248704,0
New_Visitor,0,0.004035464,0,2,1,0.000035263,2098.772176983,0
Returning_Visitor,0,0,0,3,-7,0.001137796,85.433249043,0
Returning_Visitor,0,0.001640645,0,1,1,0,1429.828127426,0
Returning_Visitor,0,0.017881694,0,2,1,0.009900328,349.55155803,0
Returning_Visitor,0,0.1,0,2,-7,0.00030766,457.257924173,0
New_Visitor,0,0.05,0,12,3,0.020845515,1074.090714019,0
Returning_Visitor,0,0.081945477,0,8,1,0.002935662,3009.603453678,0
Returning_Visitor,0,0.009384445,18.837915779,1,-6,0.000384682,342.044757905,0
New_Visitor,0,0,0,2,2,0.000121289,1152.020255836,0
Returning_Visitor,0,0.013532366,16.75182335,4,2,0,1108.295658692,1
Returning_Visitor,0,0.024781903,0,3,3,0,863.204438753,0
Returning_Visitor,0,0.001874626,0,6,3,0,224.394027451,0
New_Visitor,0,0.043885431,0,1,1,0.000670794,,0
Returning_Visitor,0,0.031658972,0,1,4,0.099468048,3025.926900928,0
Returning_Visitor,0,0.005745487,0,,1,0.000010346,1253.631788916,0
Returning_Visitor,0,0.015161626,0,2,3,0.003415865,244.037348777,0
New_Visitor,0,0.07147687,0,2,3,0.113269541,542.12785173,0
,0.2,0.083431469,77.625445035,4,-6,0.066213791,402.594320813,0
Returning_Visitor,0,0.200691722,2.512380221,2,4,0.008518949,2179.315810881,0
Returning_Visitor,0,0.2,8.625753176,17,3,0,1440.2843977,0
Returning_Visitor,0,0.011755559,0,2,1,0.008226199,,0
New_Visitor,0,0.029316498,6.088344548,2,-6,0.010565118,1284.379913631,0
Returning_Visitor,0,0.033562823,0,14,1,0.006734876,1282.286153316,0
Returning_Visitor,0,0.037814512,,6,3,0.018327247,640.255321753,0
Returning_Visitor,0,0.000036619,0,3,1,0.003802809,2271.264854209,0
Returning_Visitor,0.2,0.016205808,,6,-8,0,1549.079579,0
Returning_Visitor,0,0.001779944,0,15,4,0.02,548.182394329,0
Returning_Visitor,0,0.066633844,0,2,1,0.000000121,2191.402813602,0
Returning_Visitor,0,0.1,0,15,1,0,0.000000444,0
Returning_Visitor,0.6,0.00042154,0,2,2,0.209858153,306.859278867,0
Other,0,0.016295176,0,7,1,0.008072743,508.8502212,0
Returning_Visitor,0,0.116808602,0,3,1,0.2,3839.7456415,0
Returning_Visitor,0,0.2,0,1,1,0.001310648,3265.277822896,0
,0,0.000076339,8.01434175,1,-6,0,1435.296057003,1
Returning_Visitor,,0.096145058,0,1,-5,0.020055305,687.73023158,0
Returning_Visitor,0,0.05,9.878742607,1,4,0.05,932.249232355,1
New_Visitor,,0.062317223,0,1,1,0.002391717,,0
Returning_Visitor,0,0.000292868,11.978840858,2,3,0.000074924,4077.232706864,0
Returning_Visitor,0.2,0.05,5.82423843,3,3,0.05,1262.592368971,0
Returning_Visitor,0.6,0.034287796,0,1,1,0.02,826.144638928,1
Returning_Visitor,0.6,0.019491253,0,1,1,0.001753007,96.174107266,0
Returning_Visitor,0.2,0.004057197,36.682053092,2,1,0,745.500147713,1
Returning_Visitor,0,0.106494724,0,1,2,0.00019467,2551.156262321,0
Returning_Visitor,0.6,0.017213311,0,,1,0.000106196,1191.70098392,0
New_Visitor,0,0.165159598,0,1,-8,0.019325949,1572.413872943,0
Returning_Visitor,0.2,0.009096617,0,1,3,0.005208985,336.932970341,0
Returning_Visitor,0.4,0.205842571,0,4,1,0.01050918,368.431881297,0
New_Visitor,0,,0,2,1,0.214349934,1540.901660019,0
New_Visitor,0,0.002092105,7.080014305,1,2,0.02,1142.721507049,1
Returning_Visitor,0,0.070348891,0,1,-8,0.009808719,2186.654856214,0
Returning_Visitor,0,0.000114322,34.209733913,4,1,0,977.355219757,1
Returning_Visitor,0,0.012007495,8.766970807,11,1,0.124039923,1231.569112141,0
New_Visitor,,0.003841571,0,3,1,0.001273686,1002.205942478,0
Returning_Visitor,0,0.019696931,0,,-5,0.03465285,2278.974997632,0
Returning_Visitor,0,0.228541803,0,2,3,0,946.103445517,0
Returning_Visitor,0,0.002840991,0,3,1,0.015374161,1176.252514674,0
Returning_Visitor,0,0.000143833,0,1,1,0.01250873,686.555428767,0
Returning_Visitor,0,0.067018366,0,4,1,1.426540374,,0
Returning_Visitor,0,0.08952245,0,4,4,0,,0
Returning_Visitor,0,0.114032396,0,2,1,0.01,121.466449401,0
,0,0.000000412,60.045086358,4,1,0,4086.950955839,1
Returning_Visitor,0,0.000001183,35.623695078,3,-6,0,375.401499579,1
New_Visitor,0,0.132180276,0,2,3,0.009021878,2874.293830508,0
Returning_Visitor,0,,0,6,1,0,1703.87429772,1
New_Visitor,0,0.006923132,0,18,-5,0,1003.722623975,0
Returning_Visitor,0.8,0.008763501,0,1,1,0.000440006,4239.771429979,0
Returning_Visitor,0,0.036611499,0,1,-7,0,468.462930738,0
Returning_Visitor,0,,0,1,-7,0,77.849675646,0
Returning_Visitor,0,0.011879223,0,3,1,0.003515458,,0
Returning_Visitor,0,0.06058943,0,8,1,0.000000008,974.575129023,0
New_Visitor,0,0.000000176,59.445363629,11,2,0,443.26533798,1
Returning_Visitor,0,0.053977959,0,4,3,0.000014912,2533.666688299,0
Returning_Visitor,0,0.000596583,0,,4,0.008032328,591.075868838,1
Returning_Visitor,0,0.024515311,0,2,4,0.011796781,891.41103557,0
Returning_Visitor,0,0.024889628,0,3,1,0.063083256,133.16163976,0
,0,0.012804124,0,3,3,0,124.620276814,0
Returning_Visitor,0,0.020933325,0,1,3,0,1510.327590629,0
Returning_Visitor,0,,,3,-8,0,3017.531351445,1
Returning_Visitor,0,0.05,0,1,1,0.00008346,1167.356914535,0
Returning_Visitor,0.8,0.032253819,0,2,-5,0,328.789845421,0
Returning_Visitor,0,0,,2,1,0.011079488,3771.606788089,0
Returning_Visitor,0,0.1,0,2,3,0.004853625,2616.516967752,0
New_Visitor,0,0.000019044,2.087750295,1,3,0.029678396,224.070480059,0
Returning_Visitor,0.6,0.007259719,0,5,1,0.00117098,2669.935525835,0
Returning_Visitor,0,0.2,0,1,1,0.000721817,2670.417449275,0
New_Visitor,0,0.043285821,40.041770929,4,-6,0.000149246,1307.608644247,1
Returning_Visitor,0,0.04,0,2,3,0.017757957,1976.477535401,0
Returning_Visitor,0.8,0.092720705,0,,1,0.005957352,1633.327992354,0
Returning_Visitor,0,0.037766244,6.740281382,1,1,0.000000174,981.377757139,0
Returning_Visitor,0,0.053387347,0,2,1,0.005436462,588.044194011,0
Returning_Visitor,0,0.036695328,0,5,1,0.000098374,3025.057788766,1
New_Visitor,0,0.050909943,172.28513422,1,4,0.041637478,501.862379124,1
Returning_Visitor,0,0.10977518,0,,-6,0,1297.204429444,0
Returning_Visitor,0,0.020068561,0,2,2,0.000000164,,0
Returning_Visitor,0.2,0.000143233,0,6,3,0.039792919,0.00000051,0
Returning_Visitor,0,0.006540162,0,5,1,0.012268874,0.000000511,0
Returning_Visitor,0,0.000016901,55.405681707,8,1,0,1454.609413392,1
Returning_Visitor,0,0.029544203,0,4,3,0.05,478.995855477,0
Returning_Visitor,0,0.000669475,0,2,-7,0.00013795,1187.319612084,0
Returning_Visitor,0,0.000739133,0,2,3,0,3006.446410799,0
Returning_Visitor,0,0.006337474,0,1,1,0.00093999,1403.34522492,0
New_Visitor,0,0.236096789,0,2,-8,0.000624005,1243.205532157,0
Returning_Visitor,0,0.001900743,0,,1,0.00022654,246.169312888,0
Returning_Visitor,0,0.000000932,0,6,4,0.000018826,3074.986720535,1
Returning_Visitor,0,0.040989522,0,7,1,0.075023117,328.849458396,0
New_Visitor,0,0.022494943,76.207111207,1,4,0,2315.785764173,1
New_Visitor,0,0.00158661,6.403253445,10,1,0.000033768,108.168309742,0
Returning_Visitor,0,0.005887964,0,3,-6,0.039262045,344.132741165,0
New_Visitor,0,0.000316696,31.174448144,1,-7,0.02,1442.903901207,1
Returning_Visitor,0,0.084876488,0,2,1,0,2736.328057232,0
New_Visitor,0,0.001938053,0,1,2,0.003287911,1123.860878846,0
New_Visitor,0,0.046660448,0,1,1,0,755.890189327,0
Returning_Visitor,0,0.00004593,4.569357489,4,4,0.054598302,1600.037093592,0
Returning_Visitor,0.4,0.02702147,0,7,1,0.116576931,88.154657053,0
Returning_Visitor,0,0,,1,2,0,1254.081078926,1
Returning_Visitor,0,0.079712716,0,2,3,0.000660077,200.328784131,0
Returning_Visitor,0,0.02621714,0,7,-5,0.00847292,366.33437404,0
,0,0.022711109,0,1,1,0.2,691.713906048,0
Returning_Visitor,,0.142479514,10.367903148,4,-7,0,523.166386322,0
Returning_Visitor,,0.011068082,33.538536528,,2,0.019890846,0.000000535,0
Returning_Visitor,0,0.043360127,0,1,1,1.289560578,1980.667567681,0
Returning_Visitor,,0.00991028,0,3,2,0.001027867,1334.655171759,0
Returning_Visitor,0,0.1,14.94619443,1,4,0.01,,1
Returning_Visitor,0,0.01,22.287110584,10,3,0.01,650.281959647,0
Returning_Visitor,0.6,0.000153052,0,5,-5,0.01,814.909133952,0
Returning_Visitor,0,0.010626971,0,3,3,0.000000011,787.522397749,0
New_Visitor,0,0.128321896,0,7,1,0.015858171,922.278583083,0
Returning_Visitor,0,0.000000657,0,1,1,0,,1
New_Visitor,0,0.009804367,5.771559198,5,3,0.107803313,0.000000544,0
Returning_Visitor,0,0.04848815,0,2,2,0.0002279,2685.041553122,0
New_Visitor,0,0.000002039,14.340769498,,-5,0.000000001,2119.885254392,1
Returning_Visitor,0,0.036574173,0,2,3,1.343478909,700.826231178,0
Returning_Visitor,0,0.006589848,0,2,1,0,1188.320700222,0
New_Visitor,0,0.000968783,0,2,3,0.050148304,333.757494859,0
New_Visitor,,0.003704543,0,11,1,0,295.458213727,0
,0,0.000289448,0,1,-8,0,592.006526534,0
Returning_Visitor,0,0,23.461355515,3,-6,0,1836.086936134,1
,0,0.039141463,0,1,-6,0.000057523,1336.222377394,0
Returning_Visitor,0,,0,1,-6,0.00000011,145.035648192,0
Returning_Visitor,0,0.025711464,0,2,1,0.000001123,,0
New_Visitor,0,0.172745431,,3,3,0.033785901,,0
,0,,0,3,1,0.00103302,0.000000557,0
Returning_Visitor,0,0.06791613,7.884584003,2,-6,0.002953748,242.908475888,0
Returning_Visitor,0,0.012267636,,,-6,0.02,1256.28738397,0
Returning_Visitor,0,0.026245103,0,1,3,0.001218311,456.159989905,0
Returning_Visitor,0.2,0.005281354,0,1,3,0.000008938,2187.294036687,0
Returning_Visitor,0,0.02,0,4,4,0.060827347,1714.18101866,0
New_Visitor,0,0.111456829,0,3,1,0.000001005,1182.937147185,0
Returning_Visitor,0,0.000051893,0,5,-7,0,1242.676262632,1
Returning_Visitor,0,0.00000197,9.1129768,9,-6,0.00000001,547.30778063,1
Returning_Visitor,0,0.013135879,0,4,-6,0.02634134,1271.174280753,0
New_Visitor,0,0.00691458,26.722323783,2,1,0.000000311,963.314595207,1
Returning_Visitor,0,0.002672332,0,2,3,0.015075615,721.095187845,0
Returning_Visitor,0.2,0.001899942,0,2,3,0.01,812.887984143,0
Returning_Visitor,0.2,0.045951903,0,1,2,0.001504074,626.667854542,0
Returning_Visitor,,0.003616778,5.412204942,9,2,0,0.000000571,1
Returning_Visitor,0,0.030157736,0,3,1,0.000009823,,0
Returning_Visitor,0.4,0.042759424,0,2,3,0,365.194247712,0
New_Visitor,0,0.084081207,0,3,3,0.00000148,148.915448192,0
Returning_Visitor,0,,0,1,2,0.026800848,6703.4072779,0
Returning_Visitor,0,0.055542292,0,4,-5,0.215570237,2319.892008063,0
Returning_Visitor,0,0.002151142,43.8838395,2,3,0,1603.829647682,1
Returning_Visitor,0,0.057847544,0,2,-8,0.000064474,820.817344039,0
Returning_Visitor,0,0.15896931,0,2,1,0.086575293,606.7625905,0
New_Visitor,0,0.02,13.659296353,2,1,0.1,2064.419059058,1
Other,0,0.000000071,0,2,1,0.036177152,1980.972257007,0
Returning_Visitor,0,0.076200852,0,2,2,0.000099872,2850.240558278,0
Returning_Visitor,0,0.2,0,3,1,0.05,1100.991079188,0
Returning_Visitor,0,0.034918663,0,2,1,0,1443.886611007,0
Returning_Visitor,0,0.058726556,0,2,1,0.011277691,1110.437046495,0
Returning_Visitor,0,0.041354831,,1,3,0.000453258,2149.996829982,0
Returning_Visitor,0,0.22964102,0,1,-7,0.01,293.009331349,0
Returning_Visitor,0,0.000069516,0,1,1,0.01,1336.412710246,0
Returning_Visitor,0,0.2,0,4,4,0.059119303,318.801813881,0
Returning_Visitor,0.2,0.034038699,0,3,-6,0.003290096,1637.450800878,0
Returning_Visitor,0,0.001056284,0,1,4,0,697.61225681,0
Returning_Visitor,0,0.01,0,1,-8,0.1,833.954017592,0
Returning_Visitor,0,0.198837158,0,1,-8,0.173901599,607.236421087,0
Returning_Visitor,0,0.036820632,0,4,1,0.01,564.648082665,0
Returning_Visitor,0,0.000001206,4.718975317,2,3,0,2487.79356829,1
Returning_Visitor,0,0.048594745,0,11,2,0.054336455,433.708364164,0
Returning_Visitor,0,0.034977074,0,2,1,0.000000008,519.302605814,0
Returning_Visitor,0,0.007092694,0,,2,0,593.369676495,0
Returning_Visitor,0,0.005503152,0,3,2,0,,0
Returning_Visitor,0,0.159349735,0,6,1,0.000176409,0.0000006,0
New_Visitor,0,0.036977154,0,13,-7,0.023047738,0.000000601,0
Returning_Visitor,0,0.047935468,0,3,2,0.1,673.012747467,0
Returning_Visitor,0,0.0000039,148.007487196,3,-6,0,927.250719776,1
Returning_Visitor,0,0.000421851,0,2,1,0,2392.585399363,0
,0,0.000011404,,2,4,0,518.05453118,1
Returning_Visitor,0,0.054806507,38.28663299,3,-6,0.000154397,868.33618332,1
Returning_Visitor,0,0.064101091,0,3,3,0.000909091,487.169929293,0
New_Visitor,0.2,0.143426485,0,13,1,0.000002519,693.405843855,0
Returning_Visitor,,0.020966504,0,2,-6,0.001137537,144.329759446,0
Returning_Visitor,0,0.10289204,30.942757657,15,2,0,465.714326942,1
Returning_Visitor,0,0.004429185,0,2,1,0.071989259,418.356412436,0
Returning_Visitor,0,0.013129307,0,2,1,0.000001158,2577.267392687,0
Returning_Visitor,0,0.001198971,,10,1,0.00184365,1124.104545061,0
Returning_Visitor,0,0.012644415,42.463401604,2,2,0.05,3226.65088868,1
Returning_Visitor,0.4,0.096504377,0,6,-6,0.02,1698.502643827,0
Returning_Visitor,0,0.027206125,0,3,1,0.134633272,1517.444639119,0
Returning_Visitor,0,0.000377704,0,2,4,0.000001622,559.695116884,0
New_Visitor,0,0.000066064,0,1,2,0,,1
Returning_Visitor,0.2,0.15315327,0,1,-6,0.002553204,1257.753537653,0
Returning_Visitor,0,0.05,0,2,1,0,855.797215246,0
New_Visitor,0,0.094957728,0,5,4,0.22434502,1783.898571199,0
New_Visitor,0,0.125862279,35.516552387,1,1,0.046999776,2104.772580666,0
Returning_Visitor,0,0.164238065,0,1,-7,0.000291682,3216.856981016,0
Returning_Visitor,0,0.059844676,0,1,-5,0,2249.643610385,0
Returning_Visitor,0,0.005151717,0,2,1,0,2927.886507836,0
Returning_Visitor,0,0.09744313,0,3,3,0.087872221,3680.146352169,0
Returning_Visitor,0,0.042901209,0,1,1,0.01,1182.987440736,0
Returning_Visitor,0,0.05,0,4,4,0.039055208,657.420267256,0
New_Visitor,0,0,0,3,2,0.022296367,765.348633058,0
Returning_Visitor,0,0.00151691,0,1,-6,0.00404635,0.00000063,0
Returning_Visitor,0,0.040829217,0,3,-6,0.027603954,2475.816151907,0
Returning_Visitor,,0.124805915,0,2,4,0.060506254,904.240340693,0
Returning_Visitor,0,0.032834614,15.113105002,,3,0.000000003,1597.935692024,1
New_Visitor,0,0.001096562,0,1,1,0.000367742,363.447396121,0
Returning_Visitor,0,0.019100439,0,1,3,0.016689989,446.962725525,0
Returning_Visitor,0,,0,2,4,0.006509575,295.327609171,0
Returning_Visitor,0,0.013554268,79.283602514,1,2,0.000045572,1103.59755197,1
New_Visitor,0,0.002952856,8.925891166,1,-6,0,2024.806841876,1
Returning_Visitor,0,0.21866232,0,3,4,0.00980625,2735.049385995,0
Returning_Visitor,0,0.026060709,0,2,2,0.009369422,2101.22574976,0
Returning_Visitor,0,0.046839011,0,2,1,0.019606174,288.394597982,0
Returning_Visitor,0.2,0.036090155,0,5,2,0.000004121,228.019324732,0
Returning_Visitor,,0.000877935,0,2,-5,0.000590702,421.385060524,1
Returning_Visitor,0.8,0.000000017,16.735649144,7,-7,0,2339.115819386,1
Returning_Visitor,0,0.02,49.102170757,4,-5,0,479.530507313,0
New_Visitor,0,0.000283062,0,1,1,0.070257083,592.774901454,0
Returning_Visitor,0,0.000078255,0,2,1,0.006608051,1981.815557634,0
Returning_Visitor,0.2,0.350476144,,1,3,0.000108722,1248.913697407,0
Returning_Visitor,0,0.2,0,3,1,0.011540231,228.773912299,0
New_Visitor,0,0.003544076,18.594636765,5,2,0.000000048,1983.728415701,1
Returning_Visitor,0,0.028373262,13.952353822,3,3,0.01,1886.830418402,1
New_Visitor,0,0.153706876,,3,2,0.008814178,833.408980268,0
Other,0,0.000116823,3.870973539,2,3,0.006018619,890.911155498,0
New_Visitor,0,0.274033554,9.155818898,8,1,0,1262.776021325,0
Returning_Visitor,0,0.145188143,,1,1,0,378.845392931,0
Returning_Visitor,0,0.006017179,0,2,3,0.015684764,361.131178285,0
Returning_Visitor,0,0.05,0,1,4,0.000492897,645.740839255,0
New_Visitor,0.2,0.087182792,0,3,3,0.007675655,4855.397841213,0
Returning_Visitor,0,0.001071282,0,2,1,0.01,801.095683581,0
Returning_Visitor,,0.071524404,0,1,1,0.045838632,679.772617745,0
Returning_Visitor,0,0.01,0,3,4,0,972.315701487,0
Returning_Visitor,0,0.093093762,0,2,4,0.016791725,209.692407211,0
Returning_Visitor,0,0.038523998,83.35773026,2,4,0.000000001,464.361581694,1
Returning_Visitor,0,0.02,0,1,3,0.013428122,277.923735787,0
Returning_Visitor,0,0.02,0,3,2,0.00206778,787.016752236,0
Returning_Visitor,0,0.047473299,10.496738605,1,-7,0.01,1468.054332666,0
Returning_Visitor,0,0.096239778,0,19,2,0.000275785,3671.382667218,0
Returning_Visitor,0.8,0.03412263,11.592496744,3,-7,0.023994199,319.699361724,0
New_Visitor,0,0.003425964,,1,2,0.000053218,1156.556892069,0
Returning_Visitor,0,0.001999759,0,8,1,0.021180634,0.00000067,0
,0,0.003557818,,3,-8,0.002882759,1755.667668351,1
Returning_Visitor,0,0.262568104,,3,1,0.000007789,0.000000672,0
New_Visitor,0,0.169227632,0,3,1,0.003714946,280.968806669,0
Returning_Visitor,0.2,0.044775237,0,,1,0.019724775,2212.42615178,0
Returning_Visitor,,0.023564971,0,5,4,0.012486085,322.527822913,0
Returning_Visitor,0,0.014598942,5.73836127,12,1,0.03132955,785.097502332,0
Returning_Visitor,0,0.009528264,0,5,3,0.01,1053.168049373,1
Returning_Visitor,0,0.138436686,0,6,3,0,1364.428887682,1
New_Visitor,0.4,0.033148577,0,1,3,0.000010988,0.000000679,0
Returning_Visitor,0,0.009913261,0,3,4,0.01,0.00000068,0
Returning_Visitor,0,0.1,0,,3,0.018597163,1371.288899677,0
Returning_Visitor,0.2,0.1,0,,2,0.0000016,1600.271345185,0
Returning_Visitor,0.2,,0,5,1,0,388.87600385,0
Returning_Visitor,0.8,0.033804623,0,5,4,0.000548848,735.589501224,0
Returning_Visitor,0.2,0.1,0,5,3,0.002594449,2730.686999355,0
Returning_Visitor,,,11.390779705,2,-6,0.016213661,72.244762092,0
Returning_Visitor,0,0.021927501,0,1,4,0.039425961,692.601399024,0
New_Visitor,0,0.006507311,11.641013979,5,1,0,1461.452688571,1
Returning_Visitor,0.2,0.000090015,0,4,-6,0.02,191.178064567,0
Returning_Visitor,1,0.02,0,4,3,-0.202363492,,0
Returning_Visitor,0,0.000000062,65.765991637,6,-7,0,1152.687335348,1
Returning_Visitor,0,0.004153055,19.873035359,6,2,0.000931956,3327.391699379,1
Returning_Visitor,0,0.039285384,0,2,1,0.000000014,,0
New_Visitor,0,0.000262132,0,2,-8,0.000000078,2741.611980928,1
Returning_Visitor,0,0.000002504,36.638335015,11,2,0,870.05046916,1
New_Visitor,0.2,0.000722994,37.586706584,1,1,0.036229662,871.593065598,0
Returning_Visitor,0.6,0.03993494,7.708422287,2,-9,0.001143953,537.350198903,0
Other,0,0.153823366,0,8,1,0.000003321,833.80048208,0
Returning_Visitor,0,0.2,31.960310963,5,1,0.05,490.113658987,1
Returning_Visitor,0.6,0.001385581,,1,-5,0.042355216,0.0000007,0
,0,0.098012547,0,3,2,0.028890226,399.663369822,0
Returning_Visitor,0,0.00893418,0,2,1,0.00186372,3358.45411419,0
New_Visitor,0,,0,3,3,0.2,470.35230654,0
Returning_Visitor,0.2,0.084904484,0,2,-5,1.394951994,1745.054762995,0
Returning_Visitor,0.4,0.03782182,0,1,3,0.118326157,705.050537475,0
Returning_Visitor,0,0.026862347,0,1,4,0,140.433494738,0
New_Visitor,0,,9.00606896,2,3,0.000500523,2419.727087744,0
Returning_Visitor,0,0.002271498,0,3,1,0.091175472,6318.71337407,1
Returning_Visitor,0.4,0.05,0,7,1,0.000001921,1762.981022125,0
Returning_Visitor,0.2,0.044513033,0,5,-7,0,738.291636288,0
Returning_Visitor,0,0.000121824,14.386902737,13,1,0.082328111,338.864446247,0
Returning_Visitor,0,0.001586045,0,2,2,0,0.000000712,0
Returning_Visitor,0,0.028361163,,3,3,0.015068553,137.19077864,0
Returning_Visitor,0,0.000147832,86.166149678,1,-5,0,2849.149475421,1
Returning_Visitor,0,0.049683859,0,4,1,0.000051131,465.217199939,0
Returning_Visitor,0,0.005425455,0,8,1,0.123481872,714.827899577,0
Returning_Visitor,0,0.018171728,0,3,-8,0.000518865,178.613542574,0
Returning_Visitor,0.4,0.000328562,0,2,3,0.013903311,432.35492593,0
Returning_Visitor,,0.01382105,0,3,-8,0.021900659,1196.051133714,0
Returning_Visitor,0,0.020312378,0,8,2,0.001877835,2226.494994263,0
New_Visitor,0,0.001796351,0,,-5,0.007326298,2274.186040647,1
Returning_Visitor,0,0.2,0,4,1,0.002296213,829.305411438,0
Returning_Visitor,0,0.005971556,0,2,1,0,1784.806641125,0
New_Visitor,0,0.033675174,0,3,1,0.000817691,1271.276043076,0
,0,0.011820593,4.263051244,2,-8,0.057303694,,0
Returning_Visitor,0.2,0.054000213,0,,1,0.002098831,438.131262896,0
Returning_Visitor,0,0.000041233,47.529396397,2,4,0.000004154,,1
Returning_Visitor,0,0.064462925,0,7,3,0.016116892,474.318796678,0
Returning_Visitor,0,0.200036736,0,2,3,0.02,0.000000729,0
Returning_Visitor,0,0.011968808,0,,2,0.001025966,1496.194783602,0
Returning_Visitor,0,0.000327519,29.071727747,2,3,0,940.362234423,1
Returning_Visitor,0.2,0.02,0,3,1,0.048887811,815.256593782,0
New_Visitor,0,0.051761158,0,2,-7,0.2,1273.864343947,0
Returning_Visitor,0,0.102695684,0,2,-6,0.000999511,2367.022260368,0
Returning_Visitor,0,0.000799247,0,,1,0.006864225,,0
Returning_Visitor,0,0.003045719,0,1,2,0.008710527,1542.023407791,0
Returning_Visitor,0.2,0.000740505,0,2,-6,0,0.000000737,0
Returning_Visitor,0,0.000689015,0,2,3,0,0.000000738,0
Returning_Visitor,0,0.031272135,0,6,3,0.02,1173.703157541,0
Other,0,0,0,1,1,0.1,322.055353976,0
Returning_Visitor,0,0.000610591,0,2,1,0,1029.70011301,1
,0.4,0.045720951,0,4,1,-0.218796582,100.189349383,0
Returning_Visitor,0,0,,3,3,0.1,3866.111963249,0
Returning_Visitor,0,0.0491419,0,1,2,0.004713133,1668.878259006,0
New_Visitor,,0.018804788,0,2,4,0.000028019,2036.822946918,0
Returning_Visitor,0,0.005164869,0,1,1,0.024880732,,0
New_Visitor,0,0.090104648,65.9020849,,-8,0.228491972,2806.522000288,0
New_Visitor,0,0.040464564,,1,1,0.018154203,742.48097513,0
,0,0.006533211,0,1,4,0.000752234,167.855196325,0
Returning_Visitor,0,0.300705267,14.182992195,1,-8,1.08514893,2337.324619612,0
Returning_Visitor,0,0.015715348,0,1,4,0.005912554,1756.843407761,0
Returning_Visitor,,0.037520816,3.516511511,2,3,-0.242536721,503.517874692,0
New_Visitor,0,0.003512431,30.683313809,2,-6,0,1208.642165676,1
Returning_Visitor,0.6,0.004409318,0,2,-6,0.000808229,477.066537406,0
,0,0.172280007,0,2,3,0.0053353,460.473542771,0
Returning_Visitor,0.8,0.282775698,0,3,1,0,0.000000756,0
Returning_Visitor,0,0.072251756,0,3,-6,0.000002742,0.000000757,0
Returning_Visitor,0,0.000017019,12.186900972,1,1,0.02,659.955133624,1
Other,0,0.019212539,19.8495601,1,1,0.01,911.089475923,1
New_Visitor,0,0.001319192,139.656845404,9,3,0,911.005653667,1
Returning_Visitor,0,0.01,0,4,-7,0.004594333,3688.825987314,0
New_Visitor,0,0.122714742,0,1,1,0.001236734,1286.232714781,0
New_Visitor,0,0.03664159,0,2,1,0.054334154,708.644753189,0
Returning_Visitor,0,0.02,0,4,4,0.000000244,1256.316877716,1
New_Visitor,0.4,,0,1,-6,0.000000945,707.534291492,0
Returning_Visitor,0,0.015589996,0,1,-9,0.115369208,1820.010827245,0
Returning_Visitor,0,0.011771361,0,1,-8,0,0.000000767,0
New_Visitor,0,0.102751347,0,1,-6,0.154038081,422.187728719,0
Other,0,0.000318663,0,3,3,0,1393.532743581,1
Returning_Visitor,0,0.12322385,,2,2,0.1,,0
Returning_Visitor,0,0.002469717,0,1,1,0.01,918.292208191,0
Returning_Visitor,0,0.02394298,18.440141356,4,-6,0.075457308,2578.553389674,1
Returning_Visitor,0,0.001910316,0,9,1,0.001231372,1629.005899186,0
,0,0.049608742,0,2,1,1.379901968,1113.078548183,0
,0.4,0.000977451,8.636782854,2,-6,0.000019719,241.022053866,0
Returning_Visitor,0,,26.838542569,2,-7,0,799.053196702,1
Returning_Visitor,0.2,0.059328606,0,1,-8,0.023814909,2194.93330693,0
Returning_Visitor,0,0.053589657,0,3,1,0.006071275,115.202146816,0
Returning_Visitor,0.8,0.083637418,0,1,-6,0.000286756,1353.489950831,0
Returning_Visitor,0,0.011615212,0,,3,0,393.355596048,0
New_Visitor,0,0.000025246,0,6,-8,0,825.923665215,1
Returning_Visitor,0,0.039390298,20.928572227,,4,0.119779079,1847.948268301,0
Returning_Visitor,0,0.112494488,4.100215958,2,1,0.020115208,,0
Returning_Visitor,0,,,6,1,0.079222287,720.798452207,0
Returning_Visitor,0,0.104990258,5.881830835,1,-5,0.001047557,875.966075084,0
,0,0.030667955,0,,1,0.000000007,2761.309302305,1
Returning_Visitor,0,0.176577344,0,6,3,0.011712155,2007.490688882,0
Returning_Visitor,0,0.057393722,0,1,1,0.02,1254.407764777,0
Returning_Visitor,0,0.000000018,33.76074132,8,3,0,2748.233484523,1
Returning_Visitor,0.2,0.018565483,13.314540044,2,2,0.000913431,0.00000079,0
Returning_Visitor,0,0.147505044,0,3,3,0.12721432,470.172799771,0
New_Visitor,0,0.001267748,0,1,1,0,828.810923834,0
New_Visitor,,0.02,0,3,1,1.042494001,1267.684817249,1
Returning_Visitor,0,0.004607632,98.669079982,2,1,0,1593.418028005,1
Returning_Visitor,0,0.000000009,0,3,-6,0.1,2793.384559944,1
Returning_Visitor,1,0.030705061,3.222418168,13,3,0.001853511,792.083503316,0
Returning_Visitor,0,0.002563963,,7,3,0,1075.731150855,1
Returning_Visitor,0,0.2,0,3,1,0.098879414,3416.276306994,0
Returning_Visitor,0,0.023789702,0,3,3,0.01,0.000000799,0
,0,0.00139332,0,11,4,0.036086116,978.790625526,0
Returning_Visitor,0,0.05,0,3,3,0,3681.086428694,0
Returning_Visitor,0,0.033297983,0,3,-6,0.000007812,1876.086723177,0
Returning_Visitor,0,0.183811326,0,10,3,0.000049638,329.415941723,0
Returning_Visitor,0.8,0,0,10,2,0.009764008,1464.209227172,0
Returning_Visitor,0,0.036422601,0,2,-7,0.03540795,145.701564954,0
Returning_Visitor,0,0.000000001,11.589050355,2,2,0.098892906,3080.162700188,1
Returning_Visitor,0.8,0.305946875,0,2,1,0.001004106,631.291807872,0
Returning_Visitor,0,0.08516992,0,3,1,0,930.271300136,0
Returning_Visitor,,0.06781268,0,,3,0,573.503910119,0
Returning_Visitor,0,0.0221336,0,5,3,0.000106822,1889.01961362,0
Returning_Visitor,0,,0,3,3,0.057029099,0.000000811,0
Returning_Visitor,0,0.024048686,0,1,-6,0.002535058,,0
Returning_Visitor,0,0.038535044,40.7089976,1,3,0.000000042,988.726539016,0
Returning_Visitor,0,0.15035141,0,2,1,0.026429643,1093.938696053,0
Returning_Visitor,0,0.106990554,0,5,1,0,825.882759247,1
Returning_Visitor,0,0.021887475,47.922741201,1,1,0.003752225,1844.440782255,1
Returning_Visitor,0,0.04614853,0,2,1,0,2908.246897517,0
Returning_Visitor,0.4,0.0107638,0,1,1,0.1,226.773862754,0
Returning_Visitor,0.6,0.000578972,0,2,-8,0.107927079,2803.089027835,0
Returning_Visitor,0,0.00033633,0,5,1,0.000000001,,1
,0,,7.164565948,2,1,0.000310588,395.5686093,0
Returning_Visitor,0,0.000107608,5.678415368,5,1,0.011896354,817.820146116,0
Returning_Visitor,0,0.011060019,0,,1,0.001755215,1816.706507808,0
Returning_Visitor,0,0.041193713,3.434111188,2,3,1.270815539,362.496009931,0
Returning_Visitor,0,0.000429968,0,4,1,0,6347.667040339,1
Returning_Visitor,0,0.02996028,0,1,2,0.029304387,,0
Returning_Visitor,0,0.137395385,0,1,1,0.105058195,190.632649762,0
New_Visitor,0,0.2,0,4,1,0.088463996,1421.877798286,0
Returning_Visitor,0.2,0.078027901,6.044846744,4,3,0.000057139,865.714862752,0
New_Visitor,0,0.002847622,,2,1,0.02372877,1374.944942057,0
Returning_Visitor,0,0.020646759,0,14,4,0.14807446,1063.255266351,0
New_Visitor,0,0.020461017,0,5,1,0.053515651,1042.286685285,0
Returning_Visitor,0.2,0.108534159,0,1,3,0.206743083,1052.135636183,0
Returning_Visitor,0,0.038444927,0,10,4,0.000056099,180.006603854,0
Returning_Visitor,0,,10.503465277,2,3,0.002069929,1024.991897284,0
New_Visitor,0,0.123094985,5.168466921,6,2,0,480.694552703,0
Returning_Visitor,0.2,0.049492036,0,1,-6,0.00954544,316.959991242,0
Returning_Visitor,0,0.01101876,0,4,1,0.067786134,3387.668178033,0
Other,0,0.047938746,0,4,-7,0.000438181,0.000000839,0
Returning_Visitor,0,0.02,0,3,2,0.006096732,355.579130924,0
Returning_Visitor,0,0.000000032,0,6,-8,0.00739341,905.567968351,0
Returning_Visitor,0,0.041934109,0,5,1,0.134438628,0.000000842,0
Returning_Visitor,0,0.01,0,5,-5,0.025254969,585.638977407,0
Returning_Visitor,0,0,47.08574996,5,-6,0.033748784,513.205554458,1
New_Visitor,0,0.012595666,0,3,3,0.005090776,314.362872988,0
Returning_Visitor,0.4,0.000754398,0,11,1,0.000000047,1999.662602349,0
Returning_Visitor,0,0.060394459,,1,3,0,310.778292908,0
Returning_Visitor,0,0.1,0,6,-7,0.090686199,1380.583414987,0
Returning_Visitor,0.6,0.031183515,0,2,1,0.2,637.218016082,0
Returning_Visitor,0,0.034327786,0,3,-7,0.11081968,1802.553501233,0
Returning_Visitor,0,0.004414938,0,2,1,0.02,824.78895828,0
Returning_Visitor,0,0.000375581,18.686559646,3,1,0,2328.653758993,1
,0,0.010852592,0,3,1,0.03686605,2250.547538108,0
Returning_Visitor,0,0.006860149,90.39517006,7,1,0,0.000000854,1
New_Visitor,0,0.064264618,0,4,2,0.284036081,1951.601191363,0
Returning_Visitor,0.6,0.073228362,0,5,1,0.000002437,2431.613296323,0
Returning_Visitor,0,0.037361914,0,3,1,0.1,1280.634418629,0
New_Visitor,0,,38.37422411,4,-8,0,887.209717699,1
Returning_Visitor,0.4,0.03067607,0,9,1,0.01,310.38163266,0
New_Visitor,0,0.073792669,0,2,3,0.046959052,2213.055638963,0
Returning_Visitor,0,0.026888393,16.968487079,2,2,0,759.695326175,0
Returning_Visitor,0,0.193433141,0,1,1,0,212.818670252,0
Returning_Visitor,0,,17.483763352,5,1,0.000001643,90.342705674,0
Returning_Visitor,0.2,0.000009876,0,3,-7,0.086952493,519.718609277,0
Returning_Visitor,0,0.013615681,0,1,1,0.010222858,1737.862134284,0
Returning_Visitor,,0.1,,7,3,0.05,2440.697798226,0
Returning_Visitor,0,0.116308924,0,1,1,0.000358269,783.185548118,0
Returning_Visitor,0,0,0,4,-6,0.148483308,1417.772589825,0
Returning_Visitor,0,0.000196269,0,,3,0,2712.156091574,1
New_Visitor,0,0.001398561,64.683826884,6,-8,0,1419.755887473,1
Returning_Visitor,0,0.016754853,,1,2,0.013463998,992.697483026,0
Returning_Visitor,0,0.0012091,0,4,-8,0,584.199935365,1
New_Visitor,0.4,0.009775903,0,3,1,1.196107331,692.792464872,0
New_Visitor,0,0.019562867,0,2,3,1.134599268,894.221217563,0
Returning_Visitor,0.8,0.004945613,0,7,1,0.000748937,142.026032458,0
Returning_Visitor,0.6,0.016109365,0,5,3,0.052793976,652.86762753,0
,0,0.049345759,0,2,1,0.06940185,454.651890225,0
Returning_Visitor,0,0.00004944,31.47944919,2,-5,0.000041222,1053.72359025,1
New_Visitor,0,0.006548501,0,8,-6,0,945.925348232,1
Returning_Visitor,0,,0,3,-8,0.008359922,1522.348642131,0
Returning_Visitor,0,0.00231884,0,4,4,0.000831059,174.792137976,0
New_Visitor,0,0.003200747,0,1,-6,0,513.223986784,0
Returning_Visitor,0,0.05203341,0,3,2,0.000653179,1444.876804412,0
Returning_Visitor,0,0.000818342,6.623273896,3,-8,0.01,0.000000884,0
Returning_Visitor,0,0.003382043,67.888978975,3,1,0.000000004,1586.913050511,1
Returning_Visitor,0,0.007900322,0,2,1,0.06242039,943.167846502,0
Returning_Visitor,0,0.000007328,41.399564637,5,1,0.008678442,1015.767950037,1
New_Visitor,0,0.068995154,0,,4,0.05,,0
Returning_Visitor,0,0.14668993,0,3,1,0.052862094,1224.94631978,0
Returning_Visitor,0,0.001543977,0,2,2,0.037172572,228.851901857,0
New_Visitor,0,0.019565713,0,5,1,0.01739452,210.838287428,0
Returning_Visitor,0,0.022630678,0,2,1,0.002715837,2206.807790087,0
Returning_Visitor,0,0.02,0,1,2,0.01157972,2564.106444485,0
Returning_Visitor,0,0.215484254,,1,3,0.023511573,870.99215409,0
Returning_Visitor,0,0.049679949,0,4,-6,0.02,1073.470169109,0
Returning_Visitor,0,0.000094298,0,2,2,0.115793374,0.000000896,0
Returning_Visitor,0,0.018759673,0,8,2,0.000041464,446.455054458,0
,0,0.097871385,0,3,3,0.000000015,25.734700709,0
Returning_Visitor,,0.042940876,0,17,-6,0.00003359,1212.275986872,0
Returning_Visitor,0,0.000431651,0,4,2,0.000001399,2898.433744195,1
Returning_Visitor,0,0.004979842,10.914741554,4,4,0.000434342,564.334050627,0
Returning_Visitor,1,0.030989988,14.596599603,3,-7,0.000247886,994.870267365,0
Returning_Visitor,0,0.081897067,0,3,1,0.000959343,1050.525745666,0
Returning_Visitor,1,0.057858631,0,2,4,0.000042092,3203.591242859,0
Returning_Visitor,0,0.037416989,,2,2,0.031271254,942.84106495,0
Returning_Visitor,0,0.036273156,0,2,-7,0.007850558,717.25818119,0
New_Visitor,0.2,,0,,-9,0.013033504,110.091235293,0
Returning_Visitor,1,0.001127183,0,5,3,0.003913394,410.851711342,0
Returning_Visitor,0,,0,7,3,0.002497479,97.58772609,0
New_Visitor,0,0,0,3,1,0.002817078,0.00000091,0
Returning_Visitor,0.4,0.002014939,0,,1,0.007710366,364.240634659,0
Returning_Visitor,0.2,0.226455361,0,3,3,0.025767146,757.321414878,0
Returning_Visitor,0,0.049112149,39.787358804,10,1,0,5244.501160896,1
Returning_Visitor,0,0.000425547,20.441357457,2,1,0.000045193,918.064689407,1
Returning_Visitor,0,0.12035878,0,6,2,0.00017379,1997.937740013,1
Returning_Visitor,0,0.05,,1,-8,0.030019345,1490.641847957,0
Returning_Visitor,0,0.02,0,2,-8,0.008188171,250.517627276,0
New_Visitor,0,0.001048128,0,2,2,0.048708614,2242.369866744,0
Returning_Visitor,0,0.1,0,5,1,0.000159046,669.926444073,1
New_Visitor,0,0.084687452,0,1,1,0.001570242,1776.394858831,0
Returning_Visitor,0,,0,,2,0,1037.013851882,0
Returning_Visitor,0,0.276611794,0,2,3,0.007937914,0.000000922,0
Returning_Visitor,0,0.05,0,2,2,0.030763767,2164.476303913,0
Returning_Visitor,0,0.036627016,0,6,4,0.03023754,1024.693809047,0
Returning_Visitor,0,0.027169059,0,,1,0.000000003,3813.328043167,1
Returning_Visitor,0,0.050858338,0,2,1,0,1893.286364151,0
New_Visitor,0,0.098367323,0,6,1,0.000000003,2052.666754206,0
Returning_Visitor,0,0.165588197,0,2,4,0.026089737,1150.770542867,0
Returning_Visitor,0,0.008326984,0,1,1,0.000482246,1003.445302958,0
New_Visitor,0,0.000212557,,2,-5,0,284.449231721,0
Returning_Visitor,0,0.255027545,0,9,1,0,2424.135122782,0
New_Visitor,0,,,6,-8,0,396.51465796,1
New_Visitor,0,0.052333454,0,4,3,-0.129625972,0.000000933,0
New_Visitor,0.4,0.005446405,0,1,3,0,981.740549519,0
Returning_Visitor,0,0.014142732,0,5,1,0.000001974,1925.970789588,0
Returning_Visitor,0,0.012746391,0,2,1,0.001503681,470.420186263,0
Returning_Visitor,0,0.003283371,,2,1,0.146712262,2472.690775031,0
Returning_Visitor,0.4,0.016059863,6.493235358,2,1,0.016759446,948.150452812,0
New_Visitor,0,0.2,24.989791253,3,3,0.00305913,,1
Returning_Visitor,0.2,0.001037014,0,2,1,0.022181489,946.127958915,0
Returning_Visitor,0,0.046033456,0,1,1,0.009509512,189.724784571,0
Returning_Visitor,0,0.1,0,15,3,0.003103533,2429.409388738,0
New_Visitor,0,,0,1,-8,0.004143444,350.652648583,0
Returning_Visitor,0,0.012074132,7.690763731,2,2,0.002143278,1727.141810406,0
Returning_Visitor,0,0.015955119,9.541605242,3,1,0.000192026,872.940824218,0
Returning_Visitor,0,0.095309497,0,2,4,0,737.196485902,0
New_Visitor,0,0.000424716,35.372570092,1,3,0.01,1532.98682052,1
Other,0,0.015330801,0,7,1,0.000105251,951.369116563,0
Returning_Visitor,0,0.176597013,0,4,1,0.00000152,500.231301713,0
Returning_Visitor,0,0.035767486,0,2,3,0.000250787,3335.963672369,1
Returning_Visitor,0,0.059442821,0,2,3,0.032351836,,0
New_Visitor,0.4,0.059317341,0,8,-6,0.01,540.785737886,0
Returning_Visitor,0,0.005088073,72.110737752,2,-7,0.051529113,639.920839803,1
Returning_Visitor,0,0.25342262,0,8,-6,0.002302895,920.185720591,0
Returning_Visitor,0,0.000284587,0,1,1,0.0009471,886.154455118,0
New_Visitor,0,0.005922063,0,,3,0.014601697,812.955475563,0
Returning_Visitor,0,0.029551027,0,,2,0.021856576,765.463548219,0
Returning_Visitor,0,,0,1,-8,0.080199432,3198.856443743,0
Returning_Visitor,0.6,0,47.616483523,2,1,0,1045.858848101,1
New_Visitor,0,0.033741398,0,4,1,0.002525657,441.915081565,0
Returning_Visitor,0,0.017714034,0,,-7,-0.186338648,2274.820736993,0
Returning_Visitor,0,0.035006604,0,3,1,0,0.000000962,0
Returning_Visitor,0,0.000997923,19.57527154,1,1,0.000000003,540.693814189,1
Returning_Visitor,0,0.03180422,0,2,1,0.082524948,419.867161899,0
Returning_Visitor,0,0.527431154,0,1,1,0.051081043,1089.127095345,0
Returning_Visitor,,,0,2,1,0.05,1661.945124171,0
Returning_Visitor,0,0.044689086,4.42482293,2,3,0.031703235,604.442291782,0
New_Visitor,0,0.002823793,0,18,1,0.001768252,,0
New_Visitor,0,0.000000104,0,,3,0,501.500489377,1
Returning_Visitor,0.2,0.05,0,3,-6,0.090579184,1491.066481532,0
Returning_Visitor,0,0.066794632,0,10,3,0.000361868,616.188058128,0
Returning_Visitor,0,0.018867003,67.334167499,2,-7,0.000000046,348.027270129,1
Returning_Visitor,0,0.07609394,0,1,1,0.014670082,146.589771617,0
,0,0.000000019,0,3,3,0.000105043,193.616975697,1
Returning_Visitor,0,0.104960579,0,4,1,0.000000004,2786.756205318,1
New_Visitor,0,0.203534982,0,1,3,0.01,839.058896897,0
Returning_Visitor,0,0.127416619,0,1,-6,0,74.753309967,0
Returning_Visitor,0,0.015658207,0,14,3,1.433307041,2748.242479211,0
Returning_Visitor,0,0.023875186,,5,2,0.03689961,634.712544552,0
Returning_Visitor,0,0.038093807,0,1,-7,0,1145.83012551,1
Returning_Visitor,0,0.014306253,0,3,3,0.2,1365.40003494,0
Returning_Visitor,0,0.002705671,,9,-7,0.039715736,915.315536005,0
Returning_Visitor,0,0.02,0,2,4,0.00019606,,0
Returning_Visitor,0,0.026432813,0,1,-9,0.000927208,107.144904087,0
Returning_Visitor,0,0.02,0,3,1,0.000098436,117.231686201,0
Other,0,0.007251705,0,3,3,0,517.68257849,0
New_Visitor,0,0.029978924,0,2,-5,0.030572488,,0
Returning_Visitor,0,0.043183667,0,14,-7,0.002913142,878.278023903,0
Returning_Visitor,0,0.007412444,0,2,3,0.000504055,415.522159236,0
Returning_Visitor,0,,0,2,4,0.001267322,2659.891686307,0
Returning_Visitor,0,0.05,0,2,-6,0.00004216,0.000000991,0
Returning_Visitor,0.2,0.151697792,0,8,1,0.021366641,2682.38918289,0
Returning_Visitor,0,0.000117183,0,7,-6,0,1006.02976084,0
,0.2,0.016570992,0,2,1,0.02,462.63679319,0
New_Visitor,0,0.068772859,0,19,-5,0.000034859,1367.663454685,0
Returning_Visitor,,0.032190408,0,9,1,0.000014169,649.54922545,0
Returning_Visitor,0.8,0.000135705,0,11,-8,0.027888503,619.722570837,0
Returning_Visitor,0,0.000172362,12.530594866,4,1,0,,1
Returning_Visitor,0,0.011420853,0,12,3,0,0.000000999,0
Returning_Visitor,0,0.12899713,0,2,2,0.17295296,1627.099984572,0
,0,0.000004394,32.966532173,5,3,0.000236556,726.517301602,1
Returning_Visitor,0,0.004097214,0,3,-7,0.01783259,381.119727687,0
New_Visitor,,0.046506998,64.534018436,9,1,0,940.045008727,1
Returning_Visitor,0,0.035360585,0,2,4,0.000856523,1151.841239991,0
Returning_Visitor,0,0.162616403,0,2,3,0.000103159,625.861006938,0
New_Visitor,0,0.006871063,0,3,1,0.000038785,0.000001006,0
Returning_Visitor,0,0.005749819,0,1,-5,0.012179126,1641.155972342,0
Returning_Visitor,0.2,0.0184829,0,2,3,0.00004777,229.092351011,0
Returning_Visitor,0,0.003892048,0,2,1,0,1264.95344316,0
Returning_Visitor,,0.016068973,0,3,4,0.000005761,0.00000101,0
New_Visitor,0,0.127474196,0,8,3,0.000000001,2666.78123459,1
Returning_Visitor,0,0.060597853,0,1,1,0.020688637,307.765612067,0
Other,0,0.01678916,10.136258552,7,1,0.1,0.000001013,0
New_Visitor,0,0.030023619,,4,2,0.017052936,0.000001014,0
Returning_Visitor,0,0.000103167,0,2,-6,0.009870473,751.53375443,1
Returning_Visitor,0,0.08203424,0,3,1,0.000185739,,0
Returning_Visitor,0.2,0.017547645,38.302743996,2,-9,0,593.584244297,0
Returning_Visitor,0,0.02,61.839899647,2,1,0.003874027,1415.208194202,0
New_Visitor,0,0,0,1,1,0.006906455,181.558355614,0
New_Visitor,0,0.00000077,0,10,1,0,0.00000102,1
Returning_Visitor,0,0.009928144,0,2,-8,0.025705666,1308.606315696,0
Returning_Visitor,0,0.2,8.704997439,4,1,0.012444875,402.925616091,0
Returning_Visitor,0,0.048580626,0,12,2,0.068170776,1735.725903533,0
Returning_Visitor,,0.01,0,,3,0.1,403.310360919,0
Returning_Visitor,0.6,0.110644033,0,2,1,0.061902293,1364.284315846,0
Returning_Visitor,0,0.01501789,0,2,4,0.000000947,0.000001026,0
Returning_Visitor,,0.055355612,0,2,-8,0.010767949,1118.628635077,0
Returning_Visitor,0,0.005316809,0,6,4,0.00119241,135.539347047,1
Returning_Visitor,0,0.2,0,6,1,0.00127237,709.213849784,0
New_Visitor,0,0.006491711,0,2,3,0,1280.321244322,0
Returning_Visitor,0,0.002013816,10.112513126,3,3,0.028724677,1607.684711896,0
Returning_Visitor,0,0.006025773,0,2,3,0,73.881978561,0
Returning_Visitor,0,0.020027239,0,1,1,0.24913766,566.629727987,0
Returning_Visitor,0,0.04624999,0,2,2,0.000000255,1009.346288823,1
Returning_Visitor,0.4,0.01,0,1,3,0.045872175,1543.181203829,0
New_Visitor,0.6,0.1,0,2,-6,0.000042424,,0
Returning_Visitor,0,0.048222662,0,2,3,0.00017163,1684.406296115,0
Returning_Visitor,0,0.000212987,0,3,4,0.001721104,,0
Returning_Visitor,0,0.078986403,15.591461221,2,1,0,350.748035646,0
Returning_Visitor,0,0.129718817,,3,-8,0.01,0.00000104,0
Returning_Visitor,0,0.000730985,0,7,3,0.18188249,1074.581715032,0
New_Visitor,0,0.000005705,0,8,4,0.000000488,1225.155050737,1
Returning_Visitor,0,0.085546815,0,2,1,0,,0
Returning_Visitor,0,0.00522306,5.749467578,2,4,0,1725.163957237,0
Other,0,0.2,0,3,-6,0.122146618,345.608100817,0
Returning_Visitor,,0.102572418,3.864409912,4,1,0.002282693,386.315476841,0
New_Visitor,0,0.018243505,0,2,2,0,448.182482382,0
Returning_Visitor,0,0.066249135,,2,3,0.05,1579.930107137,0
Other,0,0.02,0,4,4,0.000002509,409.187051591,0
New_Visitor,0,,43.469845086,2,-6,0,,1
New_Visitor,0,0.038120788,0,1,1,0,596.871921243,0
Returning_Visitor,0,0.001147597,11.595530591,2,1,1.130552322,849.008338433,1
Returning_Visitor,0,0.045012763,0,3,4,0,791.629378246,0
Returning_Visitor,0.2,0.070363936,0,2,3,0.011529776,952.868369753,0
Returning_Visitor,0,0.023286676,0,,1,0.01266438,1168.933701033,0
Returning_Visitor,0,,0,2,4,0.05,,0
,1,0.003776526,0,10,2,0.003844414,2763.931132827,0
Returning_Visitor,0.2,0.041276685,0,2,1,0.001373607,1235.881165084,0
Returning_Visitor,0,0.013470319,0,3,3,0.068452816,3294.25283402,0
Returning_Visitor,0,0.00843805,0,3,4,0.001497512,46.48013386,0
Returning_Visitor,0,0.021512607,0,2,1,0.004440517,886.719537801,0
Returning_Visitor,0,0.045765817,,2,1,0.000007401,111.926329365,0
New_Visitor,0,0.002996976,0,3,3,0.01,1128.894186768,0
New_Visitor,0,0.015633914,0,7,1,0.000616236,710.446806407,0
Returning_Visitor,0,0.008841325,11.497856364,1,-6,0,1645.449664819,1
Returning_Visitor,0,0.05,0,15,-6,0.01,322.491082798,0
Returning_Visitor,,0.007671342,0,2,3,0.000016742,0.000001067,1
Returning_Visitor,0,0.017726991,,2,2,0,498.91091741,0
Returning_Visitor,0,0.002808113,0,,3,0.008003571,91.425714234,0
Returning_Visitor,0,0.2,0,5,1,0.02,120.222687908,0
New_Visitor,,0.087425499,7.129148616,2,2,0.017171167,408.108457344,0
New_Visitor,0,0.00898427,0,11,1,0.050292059,3226.7736426,0
Returning_Visitor,0.4,0.05,,6,1,0.001914387,2528.977979024,0
Returning_Visitor,0,0.000000392,0,2,-5,0.000000119,1197.178460889,1
New_Visitor,0.6,0.090769505,0,7,1,0,3670.960860859,0
Returning_Visitor,0,0.01,,6,1,0.043211059,,0
Returning_Visitor,0,0.001147594,0,3,4,0.013569623,373.055916833,0
Returning_Visitor,0,0.054165376,0,14,3,0.043279414,830.8795639,0
Returning_Visitor,0,0.304936758,0,7,1,0.000076822,,0
Returning_Visitor,0,0.006432646,0,2,1,0,359.612566936,0
Returning_Visitor,0,0.009745599,,1,1,0.079151626,1886.719678445,0
Returning_Visitor,0,0.008516568,0,3,2,0.047038244,1493.976848656,0
Returning_Visitor,0,,,2,1,0,2861.37818457,1
New_Visitor,,0.062774346,5.793930533,2,3,1.445563173,0.000001084,0
Returning_Visitor,,0,0,1,1,0.142589021,3442.797725333,0
Returning_Visitor,,0.038502758,0,7,3,0.02,1780.715875721,0
Returning_Visitor,,0.010528506,2.17184518,1,3,0.070033162,4193.650310572,0
,0,,0,2,3,0.000400693,1224.96513883,0
New_Visitor,0,0.001313503,0,2,-6,0.000993258,457.146832306,0
New_Visitor,0.4,0.124609127,0,2,-8,0.000317742,645.092033808,1
New_Visitor,0,0.008350561,5.987548585,5,1,0.02982026,,0
Returning_Visitor,0,0.121723145,11.325022878,3,-7,0,644.297578114,1
Returning_Visitor,0,0.030084465,47.098461832,3,-8,0.000192152,2208.674123609,0
Returning_Visitor,0.2,0.054591365,0,2,1,0.000086662,694.918382894,0
Returning_Visitor,0.4,0.002496054,0,1,2,0.01,804.209767519,0
Returning_Visitor,0.2,0.024825966,0,2,1,0.010991812,,0
New_Visitor,0,0.090829626,0,1,1,0.000869132,855.584372386,0
New_Visitor,0,,,3,4,0.05,585.153515112,0
Returning_Visitor,0,0.064948218,0,4,1,0.000034345,747.57419424,0
Returning_Visitor,0,0.040348087,0,2,1,0.000031852,966.754427627,0
Returning_Visitor,0,0.140636781,0,2,4,0.000123983,118.880814277,0
Returning_Visitor,0,0.042390381,0,9,-7,0.02,435.686091491,0
New_Visitor,0,0.013675499,0,1,-5,0.02146431,70.603721856,0
Returning_Visitor,0,0.095390149,0,1,1,0.02,1058.658230052,0
Returning_Visitor,0,0.000068994,0,1,4,0.0298236,795.881297374,0
New_Visitor,0,0.14331651,0,,-8,0.000084009,1840.700298226,0
Returning_Visitor,0,0.008062535,0,2,3,0.028056262,1546.039143447,0
Returning_Visitor,0,0.01069342,0,2,-8,0.2,576.711723761,0
,0,0.016048732,0,15,-8,0.018382666,2773.809543214,0
Returning_Visitor,0,0.065607354,0,3,3,0.00485827,718.93061298,0
Returning_Visitor,0.2,0.003906153,0,1,1,0.000906257,0.000001111,0
Returning_Visitor,0,0.012556787,0,3,1,0.000234762,3218.749706773,0
Returning_Visitor,0,0.033263333,0,1,4,0.000391413,1759.404015618,0
Returning_Visitor,0,0.000300069,0,1,3,0.000000367,,1
Returning_Visitor,0,0.018916226,0,,1,0.000075046,1279.386018737,0
New_Visitor,0,0.034395053,0,3,4,0,2019.062101863,1
Returning_Visitor,0,0.011951389,0,4,-5,0,1555.103060596,1
Returning_Visitor,0,0,0,2,1,0.000503883,959.711848135,0
Returning_Visitor,0,0.016987554,0,2,4,0,2795.447373816,0
Returning_Visitor,0,0.02,0,10,3,0.000132014,1115.076885238,0
Returning_Visitor,0,0.048197493,0,2,3,0.02,478.22943004,0
New_Visitor,0.2,0.000010468,0,6,3,0,1599.532876143,1
Returning_Visitor,0,0.000000003,32.209839166,3,2,0,415.151609881,1
Returning_Visitor,,0.1,0,2,2,0.016026879,314.971680235,0
Returning_Visitor,0,0.246836609,0,6,1,0.002695745,1014.094642462,0
New_Visitor,,0.011350266,0,2,1,0,1849.308396725,1
New_Visitor,0,0.056247877,0,1,-6,0,756.727661373,0
Returning_Visitor,0,0.001729898,0,4,1,0,1728.315061622,0
Returning_Visitor,0,,0,4,-7,0,,1
Returning_Visitor,0,0.176566039,0,1,3,0.001383138,458.100446163,0
New_Visitor,0,0.009309142,0,1,1,0.053459811,440.444809084,0
New_Visitor,0,0.093028763,0,1,-7,0.043969733,1120.417811449,0
Returning_Visitor,0,0.2,0,11,1,0.020296022,2082.743611178,0
Returning_Visitor,0,0.01,0,4,3,0.000501698,2756.739476551,0
Returning_Visitor,0,0.001240141,0,9,1,0.003497805,3758.263415875,0
Returning_Visitor,0,0.016707407,,4,1,0.02816638,3642.841605468,0
Returning_Visitor,0,0.126417738,0,3,4,0.000212779,2445.189066163,0
Other,0,0.025173032,4.884783469,1,1,0.001216227,,0
Returning_Visitor,0,0.03240636,0,11,3,0.057374995,1405.411183317,0
Returning_Visitor,0,0.004130376,72.447969827,9,1,0,1502.385869589,1
New_Visitor,,0.01387348,0,4,1,0.000006492,2813.271282058,0
Returning_Visitor,,0.08010776,0,1,3,0,934.032366521,0
Returning_Visitor,0,0.01,0,2,3,0.012542382,1948.082957635,0
Returning_Visitor,0,0.02,47.555395731,,-7,0.000011682,391.050177049,1
Returning_Visitor,,0.001386766,0,5,1,0.031643409,468.732721803,0
New_Visitor,,0.025286023,0,7,1,0.070582441,4993.74233106,0
New_Visitor,0,0.039436235,0,2,1,0.000755393,2782.704732876,0
Other,0,0.060847464,,2,-6,0.001700607,585.707127746,0
Returning_Visitor,0.4,0.007184522,0,18,2,0,997.156741488,0
Returning_Visitor,0,0.02765601,0,4,1,0.143958664,0.00000115,0
Returning_Visitor,0.4,0.2,,2,1,0.055302045,1706.418628537,0
New_Visitor,0,0.021024898,,12,-5,0.00000096,2559.907973078,0
New_Visitor,0,0.066151365,20.80867513,2,-7,0.02,3151.470521285,1
Returning_Visitor,0,0.02,0,3,3,0.008049423,212.957461031,0
New_Visitor,0,0.001975221,0,1,3,0.000000062,916.39028917,0
Returning_Visitor,0,0.019782555,0,2,2,0.000166504,3655.206690375,0
New_Visitor,0,0.054240287,0,2,-5,0.007029529,1703.345158006,0
New_Visitor,0,0.07059165,0,3,1,0.13991256,393.739769713,0
Returning_Visitor,0,0.001891885,28.782431163,4,-8,0.002877345,1115.409528675,0
Returning_Visitor,0.4,0.030901298,0,1,-5,0.000006474,651.238750191,0
Returning_Visitor,0,0.037625234,0,4,1,0.000021197,1902.323355611,0
Returning_Visitor,0.8,0.010166899,0,,3,0.000000002,0.000001162,0
Returning_Visitor,0,0.137205693,0,1,1,0.067075015,1048.697988803,0
Returning_Visitor,0,0.024714141,0,2,2,0.004866033,459.504316241,0
Other,0,0.043575533,0,1,1,0.000717164,176.378311143,0
Returning_Visitor,0,0.000763424,0,2,3,0.004687893,730.26384442,0
,0,0.000030016,0,1,-7,0,1425.360917166,0
Returning_Visitor,0,0.052223417,0,2,2,0.013463028,1888.258402316,0
Returning_Visitor,0,0.142498801,0,2,4,0.026092241,500.62870824,0
New_Visitor,0.2,0.034146401,0,1,1,1.145798629,1577.829281552,0
New_Visitor,0,0.043913459,0,3,1,0.005227197,1156.968005821,0
New_Visitor,0,0.03810497,0,5,4,0,508.109091108,0
Returning_Visitor,0,0.110337853,6.93170465,5,3,0,0.000001173,0
Returning_Visitor,0.2,,0,4,-7,0.004044926,1686.332133505,0
New_Visitor,0,0.019308339,18.923921434,2,1,1.346334027,1332.313564048,0
Returning_Visitor,0,0.010563188,87.568575863,4,1,0,1865.425895218,1
Returning_Visitor,0,0.02519022,0,5,3,0.005401412,3253.293132414,0
Returning_Visitor,0,0.097446296,9.732208972,1,-6,0.05,1741.512136399,0
Returning_Visitor,0,0.032887601,0,2,3,0.04587189,,0
,0,0.1,7.893002811,2,1,1.081777163,,1
New_Visitor,0,0.039740545,0,3,3,0.000950882,,0
Returning_Visitor,,0.008381583,0,4,1,0.05,,0
Returning_Visitor,0,0.002320365,0,,1,0.010552648,1965.512240804,0
Returning_Visitor,0,0.081045413,3.356231992,2,-7,0.012571598,525.042734725,0
Returning_Visitor,0,0.010535687,3.083326397,11,-8,0,1087.03456323,1
Returning_Visitor,,0.000160315,1.323878935,8,1,0.021220115,1528.941494468,0
Returning_Visitor,0,0.000584225,0,3,3,0.000225973,726.054318764,0
Returning_Visitor,0,0.009501237,0,5,1,0,2367.077038375,0
Returning_Visitor,0.2,0.079729707,0,5,3,0.000050317,0.000001189,0
Returning_Visitor,0,0.004567877,0,3,-6,0.000000806,377.444907265,1
New_Visitor,0,0.177059891,0,2,3,0,2133.442401438,1
Returning_Visitor,0,0.072012261,0,2,-8,0.134044599,3600.953178212,0
Returning_Visitor,0,0.009262671,0,4,1,0.000078519,527.77302396,0
Returning_Visitor,0,0.026176046,0,4,4,0.047124759,957.9062719,0
Returning_Visitor,0.4,,0,11,1,0.024266482,344.326056191,0
New_Visitor,0,0.2,0,2,2,0.05,0.000001196,0
,0,,0,2,4,0.000089672,638.226666399,0
New_Visitor,0,0.001024259,20.40819035,2,-5,0.037110153,1816.739933935,0
Returning_Visitor,0,0.000599591,0,2,3,0.05,2522.335643244,0
Returning_Visitor,0,0.076149563,0,8,3,0.002566923,1405.260439196,0
New_Visitor,0,0.01,0,1,3,0.029842327,2416.625896868,0
New_Visitor,0,0.032811422,0,19,-7,0.037275067,1386.987369035,0
Returning_Visitor,0,0.13287551,3.473894716,3,-8,0.107854081,797.318110394,0
Returning_Visitor,0,0.028497781,0,8,-6,0.001596871,347.423615871,0
Returning_Visitor,0,0.002467705,1.844066381,4,-6,0.1,1599.69970956,0
Returning_Visitor,0,0.1120273,0,,3,0.000003404,488.440771283,0
Returning_Visitor,,0.000789269,0,3,1,0.098676325,382.377774174,0
,,0.02,0,3,1,0.033335158,1046.495788419,0
Returning_Visitor,,0.04907436,0,1,3,0,1944.987736018,1
Returning_Visitor,0,0.142985432,0,7,-8,0.000000675,252.546316882,0
Returning_Visitor,0,0.033529262,0,3,1,0,1554.674430678,0
New_Visitor,0,0.096692646,0,6,2,0.00005052,218.357185736,0
Returning_Visitor,0,0.001488789,16.76908172,3,-7,0,4673.166827713,1
Returning_Visitor,0,0.0530213,0,2,3,0,646.544792517,0
Returning_Visitor,0,0.013963585,0,,1,0.01,1437.97342147,0
Returning_Visitor,0.6,0.004209738,0,2,3,0.000506041,1031.632014558,0
Returning_Visitor,0.2,0.004982649,0,5,3,1.039715559,129.143001852,0
New_Visitor,0,0.024729926,0,2,1,0.033632118,538.206409469,0
Returning_Visitor,0,0.024999091,0,3,4,0,2086.740493309,0
New_Visitor,0,0.033790489,28.278817476,4,-5,0,3561.466643389,1
Returning_Visitor,0,0,0,3,4,0.012028534,62.02341307,0
Returning_Visitor,1,0.051019831,0,5,4,0,959.99130616,0
Returning_Visitor,0,0.032896144,,18,4,0.089906127,776.523262591,0
Returning_Visitor,,0.01,0,,4,0.000032639,466.085788772,0
Returning_Visitor,0,0.000148608,0,2,-8,0.001620764,648.072122026,0
Returning_Visitor,0,0.290175755,0,17,3,0.043976597,,0
Returning_Visitor,0,0.072521816,0,,3,0.01,2369.579780091,1
Returning_Visitor,0,0.048690883,0,,1,0.000000669,820.617526348,0
Returning_Visitor,0.8,0.004034988,0,4,3,0.2,,0
New_Visitor,0,0.000325129,0,4,3,0.000005871,3881.090684246,1
,0,0.028399378,0,,-5,0.003910928,1173.696193942,0
,0,0.059447598,0,1,3,0.003148945,1467.772335226,0
Returning_Visitor,0,0.2,0,3,2,0.17898457,1610.813841543,0
Returning_Visitor,0,0.024852376,0,15,1,0,334.124092991,0
Returning_Visitor,0,0.02,0,1,1,0.1,1217.34671427,0
Returning_Visitor,0,0.02158075,0,2,3,0.000949812,2231.398222037,0
Returning_Visitor,0,0.02390847,198.002744836,4,4,0.000028198,635.127523889,1
Returning_Visitor,,0.044630892,1.200840939,2,1,0.00082799,326.209791502,0
Returning_Visitor,0,0.08586262,0,2,4,0.040692701,4924.881734373,0
Returning_Visitor,0,0.015861459,20.39532694,2,4,0,0.00000124,0
Returning_Visitor,0.2,0.002925639,0,3,1,0.021083839,2091.68926974,0
Returning_Visitor,0,0.1,0,3,-7,0.01,,0
,0,0.000010261,0,1,3,0.040536555,189.945064298,0
New_Visitor,0.6,0.006225206,0,1,3,0.204939464,455.663005346,0
,0.2,0.00362648,0,4,2,0.000000018,705.352633962,0
Returning_Visitor,0,,33.579891972,7,4,0,459.544953062,1
New_Visitor,0,0,0,4,3,0,1043.509894313,1
Returning_Visitor,0.8,0.00011516,6.943860147,3,1,0,2206.926278865,0
Returning_Visitor,0,0.05,6.777724433,2,4,0.02,347.206213427,0
Returning_Visitor,0,0.12224201,0,7,2,0.002320713,2479.768734556,0
Returning_Visitor,0.2,0.017510069,0,4,-6,0.000003133,521.613275726,0
,0,0.044241118,0,2,1,0.152530401,2208.306963961,0
Returning_Visitor,0,0.16305363,0,6,1,0.01,687.884390501,1
New_Visitor,0,0.102790202,18.787632513,2,-7,0,0.000001254,0
New_Visitor,0,0.125054368,0,18,1,0.018339332,,0
New_Visitor,0,0.006145304,0,1,2,0.018783657,2167.096711879,0
,0.6,0.23854621,0,2,1,0.000020452,182.934933402,0
Returning_Visitor,0.2,0.000442628,14.435736856,1,1,0.2,4043.55882154,0
Returning_Visitor,0.2,0.086731149,0,3,1,0,861.019490615,0
New_Visitor,0,0.199810988,0,3,-9,0.218682857,1752.281378919,0
New_Visitor,0.4,0.1,0,4,1,0.001706396,639.768523479,0
Returning_Visitor,0,0.007095427,0,2,4,0.06946041,1635.897661177,0
New_Visitor,0,0.037950465,0,6,3,0.02,9.060628936,0
Returning_Visitor,0,,12.804642127,1,4,0.000000147,,1
Returning_Visitor,0,0.045406566,0,3,2,0.044571562,2354.915259114,0
Returning_Visitor,,0.003566652,0,1,4,0,316.31907085,0
Returning_Visitor,,0.029813477,0,18,1,0.000768657,1091.290070216,0
Returning_Visitor,0,0.098072359,0,8,1,0.2,116.258887416,1
Returning_Visitor,0,0.000638015,20.77324524,3,1,0.000002023,1061.698878169,0
Returning_Visitor,0,0.02967253,0,2,-7,0.05,1859.167444084,0
Returning_Visitor,0,0.059312829,18.502001111,1,4,0.05,0.000001271,0
Returning_Visitor,0,0.070807131,0,2,1,0.000010928,2848.431062728,0
New_Visitor,0,0.050895406,0,2,2,0.021421471,1344.906616353,0
Returning_Visitor,0,0.00367719,10.489046684,1,1,0,5294.713840291,1
Returning_Visitor,0,0.049518199,0,2,-5,0,905.659471175,0
Returning_Visitor,0.8,,0,2,-7,0.237614268,604.430703836,0
Returning_Visitor,0,0.048415923,17.827545683,3,2,0.026237855,1169.049710553,0
Returning_Visitor,,0.023664547,0,1,-7,0.002842362,2127.282018476,0
Returning_Visitor,0,0.1,0,4,-6,0.193733026,874.383330183,0
Returning_Visitor,0.6,0.017124928,1.778176514,4,1,0.05,1762.304084159,0
Returning_Visitor,0,0.001274251,0,2,-5,0.000694319,0.000001281,0
Returning_Visitor,0,0.020007179,,13,1,0.00085153,937.581435015,0
Returning_Visitor,0,0.026023664,5.105869223,,-6,0.003305191,1817.142342725,0
Returning_Visitor,0,0.013175168,38.2414843,1,2,0.000138978,3071.240040915,1
Returning_Visitor,0.6,0.254722447,0,10,1,0.031034879,1672.356529462,0
Returning_Visitor,1,0.003356205,0,1,3,0,1596.308337828,0
Returning_Visitor,0,0.02,73.88570932,1,1,0,1691.546491818,1
Returning_Visitor,0,0.079558735,51.111008241,5,3,0,1950.281134073,1
Returning_Visitor,0.2,0.038848011,4.137745028,2,1,0.015536565,0.000001289,0
New_Visitor,0.4,0.007613029,0,3,3,0,2179.958600347,1
New_Visitor,0,0.000091615,0,2,3,0.001634875,854.515408389,0
,0,0.006630729,104.286089202,3,3,0.000001631,3664.37801531,1
Returning_Visitor,0,0.016377644,0,3,1,0.003320697,339.56473936,0
Returning_Visitor,0,0.053392485,0,1,1,0,1083.635040558,0
New_Visitor,0,0.000443823,0,3,1,0.000006119,0.000001295,0
Returning_Visitor,0,0.001184385,0,8,3,0.000024235,1625.632493787,0
Returning_Visitor,0.4,0.000017999,0,1,1,0.05542399,223.138762244,0
New_Visitor,0,0.044298193,35.061930751,9,1,0.005117444,,0
Returning_Visitor,0,,0,5,-6,0.001391785,2603.931787887,0
Returning_Visitor,0,0.104436463,0,2,2,0.013995488,1986.476555069,0
Returning_Visitor,0,0.028141293,47.463780347,2,4,0,1510.12393119,1
Returning_Visitor,0.4,0.000148182,,2,3,0.000491936,865.890600002,0
Returning_Visitor,0,0.112729518,0,1,2,0.003806758,2304.15433554,0
Returning_Visitor,0,0.035294042,0,2,-7,0.000027049,1098.14405196,0
New_Visitor,0.2,0.002923206,0.775616271,4,1,0.011201021,3861.098105093,0
Returning_Visitor,0,0.000076989,0,3,3,0.000159932,795.127424409,0
Returning_Visitor,0,0.019663132,0,4,-7,0.01,0.000001307,0
Returning_Visitor,0,0.018018993,0,2,3,0,2635.756716298,0
,0,0.01832136,0,2,1,0.02,222.377900026,0
Returning_Visitor,0.2,0.133656679,0,2,1,0,0.00000131,0
,0,0.02156965,0,2,3,0.000003708,882.999880822,0
New_Visitor,0,0.008213195,18.823631686,,-9,0.1,591.334728552,1
Returning_Visitor,0,0.024845865,0,4,2,0.000416215,984.305080898,0
Returning_Visitor,0,0.001769043,0,4,2,0.071966241,0.000001314,0
Returning_Visitor,0.2,0.021116553,0,2,1,0.01,386.13703433,0
New_Visitor,0.4,0.02464891,3.898581704,1,1,0.000000038,771.267134768,0
Returning_Visitor,0.8,0.02,,5,3,0.000004223,1002.543585542,0
Returning_Visitor,0,0.070329221,0,7,1,0.01,507.471601202,0
Returning_Visitor,0.4,0.059594595,10.567311374,11,-7,0,1699.594732997,1
Returning_Visitor,0,0.001061895,0,6,4,0.002929006,0.00000132,0
Returning_Visitor,0,0.034212146,,1,-6,0.005300448,701.24572782,0
Returning_Visitor,0,0.193016465,0,5,1,0.028850492,2025.247330883,0
Returning_Visitor,0,0.005504139,40.940949191,4,3,0,1471.07890787,1
Returning_Visitor,0,0.16541867,,2,1,0.000055913,,0
New_Visitor,0,,,,3,0.000262356,154.280838865,0
New_Visitor,0,0.021214389,0,2,1,0.016597302,1854.309639553,0
Returning_Visitor,0,0.002834173,0,3,3,0.005767678,1047.194662297,0
Returning_Visitor,0,0.01,0,3,2,0.000099881,1668.799282658,0
Returning_Visitor,,0.00628201,0,1,1,0,598.019412948,0
Returning_Visitor,0,,10.614111165,3,1,0,2774.669545971,0
Returning_Visitor,0.2,0.112959614,,1,1,0.000026864,1257.206313088,0
Returning_Visitor,0,0.05,40.583271973,10,1,0,877.189945236,1
Returning_Visitor,0,0.215172272,0,10,1,0.005228491,2217.50956735,0
Returning_Visitor,0,0.092528454,0,2,1,0.006516737,2374.805139828,0
New_Visitor,0,0.014053466,0,,1,0.015915491,107.594711303,0
Returning_Visitor,0,0.132034703,0,3,2,0,852.120295685,0
Returning_Visitor,,0.055255292,0,2,1,0,2376.002587904,0
New_Visitor,,0.019917706,0,13,1,0.000452422,680.25712978,0
Returning_Visitor,0.4,0.030750767,0,4,1,0.008668125,729.210183468,0
Returning_Visitor,0,0.053153475,,3,3,0.09276947,1029.820745252,0
,0,0.01,0,1,3,0.1,1486.339010294,0
New_Visitor,0,0.003239557,0,1,1,0.01,156.60866237,0
Returning_Visitor,0,0.001683347,0,2,1,0.015613164,1317.195656896,0
Returning_Visitor,0,0.082549185,7.333743384,3,1,0.026934201,2070.002393682,0
Returning_Visitor,0,0.096731302,0,3,-9,0.000362918,365.177106862,0
New_Visitor,0,0.020534198,0,2,-6,0.004721266,765.944434486,0
New_Visitor,0,0.007236396,0,4,1,0.000125674,344.382466265,0
Returning_Visitor,0,0.090044355,0,2,-6,0.006019202,741.498111495,0
Returning_Visitor,0,0.02209531,0,7,1,0.000136941,947.92533448,0
,0,0.090100805,75.107077569,1,1,0,607.090409397,1
Returning_Visitor,0,0.000313659,0,11,1,0.019703347,2044.938821384,0
Returning_Visitor,0,0.009361195,0,3,-7,0.00000108,,0
Returning_Visitor,0,0.010881193,0,3,1,0.036662772,357.537196661,0
Returning_Visitor,0,0.01,16.905295023,1,3,0,830.19242742,1
Returning_Visitor,0,0.020668339,10.635496385,4,4,0.000021951,3525.002809334,0
Returning_Visitor,0,0.003476703,9.929777118,3,-7,0.030023565,0.000001356,0
Returning_Visitor,0,,0,4,2,0.000001065,2429.000787609,0
New_Visitor,0,0.017344089,,2,-9,0.000048797,1206.193320349,0
New_Visitor,0,0.000000043,19.164103718,1,-8,0.031991278,3579.389910423,1
Returning_Visitor,0,0.039431175,0,4,4,0,1331.18359723,0
Returning_Visitor,0.2,0.000026356,12.680727154,4,1,0,2098.92655142,1
Returning_Visitor,0,0.007906627,0,5,2,0.000007798,1470.691777824,0
New_Visitor,0.6,0.01375879,0,1,-5,0.000760211,1224.12317589,0
Returning_Visitor,0,,,3,2,0.000000013,4669.195687038,1
Returning_Visitor,0,0.134886679,0,1,-7,0,2037.635113665,0
Returning_Visitor,0,0.067808555,0,1,3,0.1,2359.747325991,0
Returning_Visitor,0,0.001012939,42.938223351,2,3,0,501.297857405,1
Returning_Visitor,0,0.00039345,0,5,1,0,241.824591318,0
Returning_Visitor,,0.040611191,25.363091055,6,1,0.000000049,6599.550138054,1
New_Visitor,0,0.002692672,0,5,2,0.000000045,,0
Returning_Visitor,0,0.01,0,2,4,0.000217973,860.274627765,0
Returning_Visitor,0,0.096464711,0,1,3,0.000008535,,0
New_Visitor,0,0.067437543,0,1,1,0.01,1692.982218819,0
Returning_Visitor,0,0.02884773,18.956736552,12,1,0.000000493,853.354162721,1
New_Visitor,0,0.000815362,0,1,3,0.000881115,1960.658323441,0
Returning_Visitor,0,,0,1,-6,0.000000002,0.000001376,0
New_Visitor,0,0.01273778,0,8,3,0.049385748,834.721106241,0
New_Visitor,0.2,,0,2,1,0.03018005,,0
Other,0,0.006911883,0,4,3,0.022143279,169.772244153,0
Returning_Visitor,0,0.004273491,2.5060861,2,2,0.02,1812.993177982,0
New_Visitor,0.2,0.001081361,,4,1,0,260.974732979,0
Returning_Visitor,0.2,0.009733286,0,,-6,0.2,0.000001382,0
Returning_Visitor,0,,,3,3,0.099020187,1524.803810078,0
Returning_Visitor,0,0.2,0,8,3,0,1349.992951657,0
Returning_Visitor,0,0.004553527,0,2,1,0.013576556,2184.32618059,0
Returning_Visitor,0,0.078323845,0,2,1,0.001718118,2112.090387297,0
New_Visitor,0,0.001475163,16.764137915,2,3,0.00001189,1143.085033436,1
Returning_Visitor,0,0.035435775,0,2,1,0,4425.662298964,0
Returning_Visitor,,0.038865963,16.259231996,2,3,0.000626851,1969.220245411,0
Returning_Visitor,0,0,0,5,1,0.000000394,2125.182389188,1
Returning_Visitor,0.2,,45.048619397,4,2,0.000014668,1786.618265311,1
New_Visitor,0,0.131688201,0,10,1,0.011237951,1208.966214518,0
Other,0,0.1,0,3,3,0.01,1081.391866976,0
Returning_Visitor,0,0.010978097,0,3,1,0.2,,1
Returning_Visitor,0,0.02,0,1,1,0.240550555,176.314258518,0
New_Visitor,0,0.00729566,0,10,1,0.002353171,965.475857216,0
Returning_Visitor,0,,34.620293269,2,3,0.000103456,554.772168292,1
New_Visitor,0.4,0.003139708,0,2,2,0,,0
Returning_Visitor,0,0.070980206,0,2,1,0.01,114.182619989,0
Returning_Visitor,0,0.035691057,0,2,-7,0,2260.155778465,0
Returning_Visitor,0,0.110600154,0,3,1,0.038336944,561.342069843,0
Returning_Visitor,0,0.013443984,0,1,-6,1.263414566,864.39335839,0
Returning_Visitor,0,0.00564401,0,2,1,0,862.198348675,0
Returning_Visitor,0.2,0.000208328,0,17,1,0,587.358868444,0
Returning_Visitor,0,0.069745835,0,1,-7,0.000148518,414.640000279,0
Returning_Visitor,0,0.000601819,0,3,1,0.001266301,647.439606262,0
Returning_Visitor,0,0.017868242,3.789006657,1,-5,0.000040018,417.741456987,0
Returning_Visitor,0,0.000008573,0,1,-6,0.000041433,5962.237871697,1
Returning_Visitor,0.2,0.010981559,0,2,3,0.04118301,883.562290956,0
Returning_Visitor,0,0.001907232,0,,1,0.000000044,1377.210496362,1
Returning_Visitor,0,0.0528919,3.033428723,3,1,0,1062.454066194,0
Returning_Visitor,0,0.059844325,16.396206086,4,1,0.003574277,451.678111491,0
Returning_Visitor,0.2,0.0046873,0,15,1,1.313981838,,0
Returning_Visitor,0.4,0.047700923,0,2,4,0.000431621,574.0739079,0
,0,0.032684351,0,1,-7,0.010712527,169.190755249,0
,0,0.027766818,2.120513048,1,1,0.00000007,1252.294782904,0
Returning_Visitor,0,,5.935237835,1,4,0.002598077,3537.133196913,1
Returning_Visitor,0,0.025268522,0,2,1,0.05,600.214920708,0
New_Visitor,0,0.082092883,0,,3,0,360.940627276,0
Returning_Visitor,0,,0,2,1,0.015960859,682.578306912,0
Returning_Visitor,0,0.147306676,0,2,1,0.011756168,0.000001421,0
Returning_Visitor,0,0.012204407,0,9,1,0.02338515,799.210369997,0
Returning_Visitor,0,,0,6,3,0.000107874,1927.097805127,0
New_Visitor,0,0.007308877,0,2,1,0.007187125,1266.160718921,0
New_Visitor,0,0.001086717,65.441829775,15,1,0.1,932.594823117,1
Returning_Visitor,0,0.085327987,0,1,2,0,466.111262546,0
Returning_Visitor,0.4,0.073792316,,2,-6,0.062935738,1172.13985835,0
Returning_Visitor,0,0.02,0,8,-6,0.005145334,4676.948988325,0
Returning_Visitor,0,0.003153469,0,1,2,0,496.351129953,0
,0,0.000065654,0,2,3,0.004465964,1847.514978401,1
New_Visitor,0,0.000000067,0,3,-5,0,1957.03894621,1
Returning_Visitor,0,0.019054207,0,2,1,0.000052777,521.075040787,0
New_Visitor,,0.128900883,0,7,4,0.051100883,0.000001433,0
Returning_Visitor,0,0.024079635,0,2,-8,0.064955883,1193.845338296,0
Returning_Visitor,0,0.044555516,0,3,2,0.00439897,767.000952116,0
New_Visitor,0,0.027054467,,12,2,0.006011515,3760.039649359,0
New_Visitor,0,0.010131829,0,1,1,0.027512749,430.265766863,0
Returning_Visitor,0,0.105261858,0,3,3,0.179479777,1788.390070479,0
Returning_Visitor,0,0.000290721,0,10,1,0,432.904093818,0
Returning_Visitor,0,0.004407105,0,7,3,0.000001251,1108.609973261,0
Returning_Visitor,0,0.008732618,0,1,3,0.000012736,615.375010005,0
Returning_Visitor,0,0.2,0,12,1,0,2687.871217859,0
Returning_Visitor,0,0.019828146,0,1,4,0,815.774066178,0
New_Visitor,0,0.053395181,0,,3,0.000745704,387.60639904,0
Returning_Visitor,1,0.000804819,0,3,4,0.010883268,845.326125186,0
Returning_Visitor,0,0.005336007,29.417450697,7,-8,0,1918.784735109,1
New_Visitor,0,0.064872026,0,1,3,0.051011202,3599.597460268,0
Returning_Visitor,0,0.000275509,0,2,-6,0.2,248.721192119,0
Returning_Visitor,0,0.012358195,8.214221336,3,3,0.101747846,935.801930713,0
Returning_Visitor,0,0.092242665,0,1,-7,0.025244476,332.659998235,0
Returning_Visitor,0,0.05,21.559403268,1,2,0,2469.217359686,1
Returning_Visitor,0,0.006368027,0,2,-8,0.001187297,315.42294785,0
New_Visitor,0,0.122445194,0,3,1,0,3019.605814515,0
New_Visitor,0,0.005398448,39.110106677,4,3,0.01,1679.74053904,1
Returning_Visitor,0,0.011517257,0,,3,0.010820486,1586.258862244,0
Returning_Visitor,0,0.004530369,0,2,4,0.000035215,686.259083137,0
,,0.004313378,0,1,1,0.004239202,812.094709981,0
New_Visitor,1,0.002202789,0,2,3,0,1415.013691067,0
New_Visitor,0,0.004574776,0,3,2,0.068623625,,0
Returning_Visitor,0.8,0.193840095,4.78876835,2,3,0.386392754,1109.963999803,0
Returning_Visitor,0,0,0,2,3,0.106668975,186.051828279,0
Returning_Visitor,0,0.060137562,0,9,-7,0.00325379,2972.675181443,0
Returning_Visitor,0,0.025088933,0,3,1,0,1022.528551387,0
Returning_Visitor,0,0.096523594,0,2,1,0,0.000001464,0
Returning_Visitor,0,0.016956001,0,2,4,0.007757685,1574.167416322,0
Returning_Visitor,0,,0,5,1,0.01,2730.653899681,0
Returning_Visitor,0,0.000343045,17.76318775,17,-7,0.000000027,1958.907207054,1
Returning_Visitor,0,0.000223846,0,1,-6,0.1,181.209299872,0
Returning_Visitor,0,0.262368168,0,1,1,0.001875731,587.158830006,0
Returning_Visitor,,0.017500502,0,1,1,0.000000756,55.284683767,0
New_Visitor,0.2,0.000028485,0,2,1,1.19044584,210.856070666,0
New_Visitor,0,0.0997472,0,6,3,0.00796907,131.435713234,0
,0,0.01,17.043416487,2,1,0,1602.4847964,1
Returning_Visitor,0,0.021749944,0,5,-7,0.060471663,726.340860148,0
Returning_Visitor,0,0.1,,7,3,0.000054359,260.303411563,0
Returning_Visitor,0.4,0.00613196,7.226004962,2,1,0.011602941,767.454918067,0
Returning_Visitor,0,0.100541993,3.16097167,,-8,0.05,,0
Returning_Visitor,0.2,,0,5,3,0.000957821,247.818852579,0
Returning_Visitor,0,0.020095309,0,2,1,0.092998293,34.62665267,0
New_Visitor,0,,28.338563997,3,3,0,4666.446796604,1
Returning_Visitor,0,0.095093681,0,5,3,0.042578963,829.530721987,0
Returning_Visitor,0,,0,2,4,0.022426604,657.452173995,0
,0,0.002610784,0,3,1,0.2,1020.427071357,0
Returning_Visitor,0,0.01,21.879127554,2,1,0,1724.092806213,1
New_Visitor,0,0.073385981,0,6,1,0.001387868,490.495957514,0
Returning_Visitor,0,0.021518834,0,2,3,0,1042.16996258,0
Returning_Visitor,0,0.2,0,2,1,0.040140101,422.960263605,0
New_Visitor,0,0.006237634,0,2,1,0.000223548,486.742078595,0
Returning_Visitor,0,0.01,26.301343768,1,-7,0.038396324,3832.726742234,1
New_Visitor,0,0.000023452,0,7,3,0.000002967,266.040051588,1
New_Visitor,0,0.066467493,0,2,2,0.000058279,425.499108998,0
Returning_Visitor,0.2,,0,2,-7,0,0.000001492,0
Returning_Visitor,0,0.112068041,0,1,-7,0.046942189,2352.258190872,0
Returning_Visitor,0,0.002991731,0,4,1,0.0021492,4334.181763529,0
Returning_Visitor,0,0.015725262,0,2,2,0.00114677,515.976991072,0
Returning_Visitor,0.2,0.001005822,0,4,3,0.00056983,0.000001496,0
Returning_Visitor,0,0.006567652,0,10,1,0.00093278,658.456328809,0
Returning_Visitor,0,0.01,25.963971033,6,1,0.000000003,761.341298379,1
Returning_Visitor,0,0.1,0,2,-6,0.111487046,369.464011369,0
New_Visitor,0,0.129934251,8.007956978,8,3,0,747.823661554,0
New_Visitor,0,0.093239966,0,1,1,0.011133528,252.955463211,0
Returning_Visitor,0,0.035164241,0,2,3,0.1,488.314262801,0
,0.2,0.023666544,0,2,3,1.385106427,2036.269360741,0
Returning_Visitor,0.6,0.00155034,0,4,3,0.0141429,783.490473358,0
Returning_Visitor,0,0.003112436,0,10,3,0.003209943,916.076807275,0
,,0.082773248,0,7,1,0.002457133,799.609438061,0
Returning_Visitor,0,0.049435046,15.835491847,1,-8,0,493.477984801,1
Returning_Visitor,0,0.05,0,4,1,0,4537.887185005,0
Returning_Visitor,0,0.007953013,7.744878272,2,3,0,420.285912675,0
Returning_Visitor,0.6,0.08160365,0,1,3,0.000009599,431.566845981,0
Returning_Visitor,0,0,0,2,1,0,1788.163684458,0
Returning_Visitor,0,0.002676809,0,2,2,0.014973488,0.000001512,0
Returning_Visitor,0,0.045873047,0,4,-7,0.000303842,359.023417676,0
Returning_Visitor,0,0.046612219,0,2,-6,0.002123233,0.000001514,0
Returning_Visitor,0,0.005664012,17.98241881,1,1,0.02,1580.277730969,1
Returning_Visitor,0,0.087611352,0,5,1,0.02,141.466609847,0
Returning_Visitor,0.8,0.033618975,55.815559543,5,-6,0,775.11650833,0
Returning_Visitor,0,0.000280974,0,8,4,0,274.199684934,0
Returning_Visitor,0.8,0.016752619,0,2,1,0.00000053,818.355886196,0
Returning_Visitor,0,0.070511118,5.616041564,2,3,0.031757113,554.805464733,0
Returning_Visitor,0,0.011185062,0,14,3,0.113383657,1485.899805179,0
Returning_Visitor,0,0.07538396,0,,1,0.325186386,1731.878883374,0
Returning_Visitor,0.4,0.058978663,0,1,1,0.020352454,893.25118777,0
New_Visitor,0,0.05,0,,2,0.05,1139.349268769,0
Returning_Visitor,0.2,,90.703629186,2,1,0.028122824,608.456927016,1
Returning_Visitor,0,0.01582915,0,2,2,1.156819043,458.067956552,0
Returning_Visitor,0.4,0.02,0,2,1,0,1225.317608118,0
,0,0.00015526,,2,2,0.000000789,2291.954811241,0
Returning_Visitor,0.2,0.004357953,0,3,-7,0.067693986,,0
Returning_Visitor,0.2,0.036167076,,2,3,0.000038443,1306.46258264,0
Returning_Visitor,0,0.063062491,0,8,1,0.004358917,840.08387929,0
Returning_Visitor,0,0.022517154,0,1,1,0.005630905,1793.039681561,0
Returning_Visitor,0,0,0,2,1,0.1,1628.013896021,0
Returning_Visitor,0,0.019464189,34.585222604,2,1,0,1346.46075246,1
Returning_Visitor,0,0.015927569,0,5,1,-0.113064054,817.334739352,0
Returning_Visitor,0,,3.507571619,,1,0.02,1156.542868585,0
Returning_Visitor,0,0.109235861,0,4,1,0,696.850402581,0
,0,0.036979585,0,2,4,0.000861928,0.000001538,0
New_Visitor,1,0.000512241,,3,-8,0,132.564550578,0
Returning_Visitor,0,0.000565203,11.356024755,3,1,0,1450.24052894,1
Returning_Visitor,0,0.007202811,0,3,4,0.020773352,787.30346898,0
New_Visitor,0,0.143343475,0,,-7,0.065081243,156.617465447,0
Returning_Visitor,0,0.026153704,0,3,2,0.000121859,324.270137772,0
Returning_Visitor,0,0.05,0,1,2,0.002978559,765.672689459,0
Returning_Visitor,,0.010010202,0,15,3,0,1165.626379345,0
Returning_Visitor,0.8,0.2,,,1,0.000915036,948.795851417,1
Returning_Visitor,0,0.020933864,6.42036376,3,3,0.076320536,,0
Returning_Visitor,0.2,0.015474431,0,1,1,0.013247869,1327.996057282,0
New_Visitor,0,0.00006906,0,1,-7,1.364442427,239.397024626,0
New_Visitor,0.2,0.000038063,0,2,3,0.015228174,3219.079683044,0
New_Visitor,0,0.018767051,0,17,1,0.023811627,2280.282278646,0
Returning_Visitor,1,0.020678605,0,4,3,0.002633306,146.870824457,0
Returning_Visitor,0.8,0.001760069,6.42360439,2,-7,0.024608301,94.085771069,0
Returning_Visitor,0,0.00993014,0,2,3,0,4385.312231776,1
Returning_Visitor,0,0.03562509,,2,1,0.001026616,628.215291748,0
New_Visitor,0.2,0.00338072,0,2,1,0.2,2223.80721505,1
Returning_Visitor,,0.000000015,85.147218169,9,1,0,351.678548167,1
Other,0,0.121621103,0,2,1,0.003161733,2354.164216219,0
Returning_Visitor,0,0.00009012,0,5,-8,0,991.623115778,0
Returning_Visitor,0,0.158273233,0,9,1,0.081867208,1609.802457597,0
New_Visitor,0,0.031833538,47.406002597,6,2,0.123095487,712.988273113,0
Returning_Visitor,0,0.000046684,,,4,0,677.578969497,1
Returning_Visitor,0,0.237465073,0,1,-7,0,0.000001563,0
Returning_Visitor,0,,89.03004093,2,1,0.000133316,2403.309580602,1
Returning_Visitor,0.4,0.021059268,0,1,4,0,944.996637703,0
New_Visitor,0,0.000928332,0,,-7,0,3600.632079672,1
,0,0.233833358,28.018244605,4,1,0.011901364,419.405017764,0
Returning_Visitor,0,0.1,0,2,1,0.190047544,947.712175118,0
Returning_Visitor,0,0.012654228,7.493184663,2,3,0.119872027,875.07652756,1
Returning_Visitor,0,0.167783876,0,2,4,0.007755931,171.986386331,0
New_Visitor,0,0.2,51.250306166,1,3,0.000001217,1294.035237368,1
,0,,0,2,2,0,613.8656339,0
New_Visitor,0,0.126572076,0,,2,0.004301746,1435.289238518,0
Other,0.4,0.004503967,0,2,1,0.00642303,1266.884820186,0
New_Visitor,0,0.009722093,0,,3,0.011187661,587.103607956,0
Returning_Visitor,0,0.004413017,0,2,1,0.05,2621.074869052,0
New_Visitor,0,0.011397867,41.717661341,4,1,0.069751083,1947.038499128,1
Returning_Visitor,0,0.00012999,0,2,4,0.000002951,863.943098604,0
Returning_Visitor,0,0.03757219,0,3,2,0.029873223,145.921760217,0
Returning_Visitor,0,0.158909013,0,1,3,0.011737973,652.842420596,0
Returning_Visitor,0,0.055482423,0,1,1,0.012600688,2688.767782359,0
Other,,0.024431116,0,2,4,0.000141817,704.685755511,0
Returning_Visitor,0,0.005746742,0,1,1,0.009981413,718.852896701,0
Returning_Visitor,0,0.060360173,5.25730598,3,-6,0.003005002,5215.797861235,0
New_Visitor,,0.032417441,0,3,1,0.2,2466.186731128,0
Returning_Visitor,,0.020662022,0,2,1,0,341.552682982,0
Returning_Visitor,0,0.196619705,0,5,1,0.01034868,350.344267835,0
Returning_Visitor,0,0.03945207,15.288646117,3,1,0.05,0.000001588,1
Returning_Visitor,0,0.021018439,0,2,1,0,330.744747027,0
Returning_Visitor,0.6,0.054659206,16.201216733,2,1,0.028458995,45.282442984,0
Returning_Visitor,0,0.022386326,0,3,1,0.131104314,1015.412325992,0
New_Visitor,0,0.014385409,0,1,1,0.00233937,208.073361237,0
Returning_Visitor,0,0.004889539,0,,3,0.037193542,973.89537457,0
Returning_Visitor,0,,0,2,2,0.000005621,1372.888973593,0
New_Visitor,0,0.450342723,0,1,3,0.055741979,281.174470661,0
New_Visitor,0,0.019022228,0,5,-9,0.000000075,565.397343559,0
New_Visitor,0,0.057081029,0,,-6,0,1037.595539367,0
Returning_Visitor,0,,5.927069241,3,2,1.035205703,2081.631647656,0
Returning_Visitor,0,0.027956277,0,2,-8,0.000043787,1101.418988324,0
Returning_Visitor,0.2,0.053533316,0,,1,0.001087496,0.0000016,0
Returning_Visitor,0,0.048104303,0,1,1,0.00311507,371.173301504,0
New_Visitor,0,0.000147198,0,5,3,0.000380506,786.094816791,0
Returning_Visitor,0,0.046818938,0,3,4,0.003228668,209.104669775,0
Other,0,0.016021738,30.104697856,4,2,0,1767.816348094,1
Returning_Visitor,0,0.009336718,0,3,-7,0,1083.370679364,0
Returning_Visitor,0,0.002682646,0,1,1,0.000000031,1015.27138684,0
New_Visitor,0,0.061722221,0,3,2,0.008351792,1292.911937093,0
Returning_Visitor,0,0.035447102,0,,-7,0.029590229,1031.815722074,0
Returning_Visitor,0,0.007667788,,2,1,0.018051371,337.928268119,0
New_Visitor,0,0.017831617,0,2,4,0.008822601,647.283933572,0
Returning_Visitor,0.8,0.007477482,,2,2,0.049168552,,0
Returning_Visitor,,0.00042278,0,1,2,0,2772.024371594,0
Returning_Visitor,0,0,0,8,1,0.05,1249.852153647,0
Returning_Visitor,0,,18.002856756,4,1,0.000040697,969.600269978,0
New_Visitor,0,0.009787684,16.773985664,2,1,0.002514454,,0
Returning_Visitor,0,0.030523224,0,2,-8,0.2,3734.03483643,0
New_Visitor,0.2,0.020150253,0,2,3,0.106997235,372.95947776,0
Returning_Visitor,0,,0,8,4,0.000176291,231.711123524,0
New_Visitor,0.2,0.025672079,0,1,4,0.024392166,1534.202372961,0
Returning_Visitor,0,0.018187811,1.756805687,3,1,0.056204374,0.00000162,0
Returning_Visitor,1,0.031170219,0,2,1,0.05,1646.34713586,0
New_Visitor,0,,7.757321014,1,1,0,1209.642665483,1
Returning_Visitor,0,0.035368385,0,3,4,0.000502293,823.001261183,0
New_Visitor,0,0.041290892,0,2,2,0.000471102,1060.838584346,0
New_Visitor,0,0.02,0,2,-9,0.000004094,2704.503489879,1
Returning_Visitor,0,0.05375115,41.65772727,2,-5,0,469.308956946,0
Returning_Visitor,0,0.024166371,0,13,4,0.086413608,106.088890041,0
,0.4,0.029217365,0,2,-8,0.010912503,1349.812119437,0
Returning_Visitor,0,0.176596331,0,2,4,0.004571784,331.028031384,0
Returning_Visitor,0,0.053496767,0,2,3,0.000020684,265.03538433,0
Returning_Visitor,0.8,0.060442493,0,1,-7,0.000005189,0.000001631,0
Returning_Visitor,0,0.013842706,0,2,1,0.223053118,1255.206714804,0
Returning_Visitor,0,0.075759813,0,4,3,0.060058602,487.45357871,0
,0,0.07855788,0,2,3,0.02,895.17768875,0
Returning_Visitor,0,0.012268524,0,2,1,1.02189685,1664.86996459,0
Returning_Visitor,0.8,0.2,84.623922168,5,3,0,,1
Returning_Visitor,0.2,0.05,0,3,1,0.039279678,1466.335502806,0
Returning_Visitor,0,0.025603345,0,5,1,0.009510833,533.119833398,0
New_Visitor,0,0.023870562,0,2,-6,0,673.76682455,0
Returning_Visitor,0,0.011304016,0,3,1,0,698.808246442,0
Returning_Visitor,0.6,0,3.543983225,3,-6,0,1904.670699562,1
Returning_Visitor,0,0.2,0,2,3,0.014666141,0.000001642,0
Returning_Visitor,0,0.00437186,15.560409349,3,-7,0.02,516.050088331,1
Returning_Visitor,0,0.076755068,0,13,1,0.097897874,427.108005865,0
Returning_Visitor,0.4,0.005027461,0,3,1,0.000001965,1691.143226666,0
Returning_Visitor,0,0,0,2,2,0.00000002,1047.246808617,0
New_Visitor,0,0.021488164,0,2,3,0,,0
Returning_Visitor,0,0.133383376,0,2,-6,0.048638282,849.419175725,0
New_Visitor,0,0,0,2,1,0.014338132,1190.437749401,0
Returning_Visitor,0,0.046444912,0,3,-6,0.000557517,3011.047533196,0
Returning_Visitor,0,0.008377751,0,3,-8,0.023782811,1709.399364074,0
Returning_Visitor,0,0.368664621,,2,1,0.000017011,0.000001652,0
Returning_Visitor,0,0.04156888,0,2,4,0.00005514,909.171114824,0
Returning_Visitor,0.2,0.091768333,0,2,-6,0.020276613,430.618556634,0
Returning_Visitor,0,0.03255095,,5,-8,0.006826972,71.221302655,0
New_Visitor,,0.019168905,0,6,1,0.000010166,255.815004299,0
Returning_Visitor,0,,0,3,1,0.015229872,181.851849219,0
Returning_Visitor,0,,0,2,1,0.1,0.000001658,0
Returning_Visitor,0,0.002725362,0,5,-9,0.00001229,2598.070073451,1
Returning_Visitor,0.2,0.027571694,0,,1,0.002459042,,0
Returning_Visitor,0,,0,3,4,0,1336.760123008,0
Returning_Visitor,0,0.000068572,0,1,-7,0.05,3355.401522978,0
Returning_Visitor,,0.006589384,0,3,1,0,733.667991952,0
Returning_Visitor,0,0.084361185,0,3,-7,0,0.000001664,0
New_Visitor,0,0.006492601,0,7,3,0.01,784.98696471,0
Returning_Visitor,,0.100590772,4.162340924,,-6,0.00002773,0.000001666,0
Returning_Visitor,0,0.018620072,0,4,3,0.061185751,771.660714002,0
New_Visitor,0,0.000000463,29.715311217,1,-8,0.005078428,1807.974788885,1
Returning_Visitor,0,0.008402723,0,2,-7,0.01,924.725478736,0
Returning_Visitor,0,0.004811298,0,5,3,0.027115714,353.231000192,0
New_Visitor,0,0.047746042,0,10,1,0.11351613,91.456834084,0
Returning_Visitor,0.2,0.107948891,0,3,2,0.05,535.913736464,0
,0,0.055250046,17.759970325,3,1,0.006415507,4011.125862708,1
New_Visitor,0,0.05,0,2,-6,0,1749.182707907,0
Returning_Visitor,0,0.141047504,0,1,-6,0.03473802,1010.048882732,0
Returning_Visitor,0,0.008681448,0,2,1,0.020858358,70.670041945,0
Returning_Visitor,0,0.01,0,11,1,0.000005571,852.662997222,0
Returning_Visitor,0,0.037173624,0,2,1,0.008443029,857.887469038,0
New_Visitor,0,0.007871445,0,10,1,0,152.791053873,0
New_Visitor,0.2,0.018111291,0,5,1,0,,0
Returning_Visitor,0,0.015647944,0,4,4,0.001811466,164.042852299,0
Returning_Visitor,0,0.008784706,0,9,3,0.000037525,315.766477514,0
Returning_Visitor,0.8,0.008382488,0,2,-6,0.000387008,896.887549785,0
Returning_Visitor,0,0,0,1,3,0.000000014,4783.424926953,1
New_Visitor,0,0.02,0,6,-6,0.000485898,437.975095388,0
Returning_Visitor,0,0.066024413,0,1,1,0.02906672,707.612023794,0
New_Visitor,0.2,0.2,0,1,3,0.02,979.307831774,0
Returning_Visitor,,0.017172159,0,2,3,0,1636.326471489,0
Returning_Visitor,0.2,0.05,0,2,1,0.008046809,955.899552893,0
Returning_Visitor,0,0.000585588,0,2,3,0,,0
Returning_Visitor,0,0.001123285,20.68378763,3,4,0.02,1077.213097657,1
Returning_Visitor,0,0.09747684,0,2,1,0,185.282438693,0
New_Visitor,0,0.084548857,,2,-6,0,443.91765528,0
New_Visitor,0,0.012148074,0,1,-7,0.019966853,1218.461748208,0
New_Visitor,0,0.143482058,0,2,1,0.013102522,201.100577479,0
New_Visitor,0,0.006620674,0,10,1,0.098246239,416.490619997,0
Returning_Visitor,0,0,0,2,1,0.01,224.036149404,0
Other,0,0.025827615,0,2,-6,0.016596399,910.697291415,0
Returning_Visitor,1,0.004000908,0,,3,0.012621663,1217.54018786,0
Returning_Visitor,0,0.05,216.295585603,1,-6,0,0.0000017,1
Returning_Visitor,0,0.05,0,2,3,0.012306942,1566.019941457,0
Returning_Visitor,0,0.016625059,9.787109415,7,1,0.000353216,807.313482619,0
Returning_Visitor,0,0.016829963,1.317185205,3,-5,0.000042445,426.442197058,0
Returning_Visitor,0.4,0.342399423,0,2,-5,0.000040267,533.305473414,0
Returning_Visitor,0,,0,2,3,0.00129734,59.961403322,0
New_Visitor,0,0.039884581,0,2,1,0.019737861,2115.887098609,0
Returning_Visitor,0,0.07675848,0,,2,0.002110074,161.0621806,0
Returning_Visitor,0,0.059865884,0,1,4,0.000587481,,0
Returning_Visitor,0.8,0.1,28.19925768,3,4,0.02,890.134317624,1
Returning_Visitor,0,0.016679444,0,2,1,0.01,1481.445138535,0
New_Visitor,0,0.00891012,1.942970539,2,1,0.05,1535.485805214,0
Returning_Visitor,0,0.001045124,0,2,2,0.084083604,117.402991113,0
New_Visitor,0.8,0.016984165,0,1,1,0.000015895,266.335703491,0
New_Visitor,0,0.011308664,0,2,1,0.001651785,1899.218099175,0
Returning_Visitor,0,0.050539809,0,,3,0.009993075,440.914236645,0
Returning_Visitor,0,0.037123019,0,2,3,-0.159695876,66.018329667,0
Returning_Visitor,0,0.028341829,3.684768276,2,1,0.069325882,776.889992041,0
Returning_Visitor,0,0.053241266,3.034580504,2,3,0.183478626,,0
Returning_Visitor,0,0.020372631,0,7,-5,0.0000259,1710.824436546,0
Returning_Visitor,0,0.2,0,1,2,0.013115668,1627.761845663,0
New_Visitor,0,0.014411975,56.581836599,2,1,0.000544262,805.876036913,1
New_Visitor,0,0.001388809,0,3,2,0,609.711597971,0
Returning_Visitor,0,0.009293363,0,4,1,0.017071721,106.966169163,0
Returning_Visitor,0,0.05,13.419958997,14,3,0.000000007,433.384548739,0
Returning_Visitor,0,0.00039393,10.615645912,2,1,0.193590328,1037.794567979,0
Returning_Visitor,0,0.001141216,0,1,1,0.002628227,2854.914306683,1
Returning_Visitor,0,0.018246005,,5,3,0.000454432,900.433376429,0
New_Visitor,0,0.01,0,7,3,0.004298882,1100.915465594,0
Returning_Visitor,0,0.142482043,0,2,-6,0.02,180.49788765,0
Returning_Visitor,0,0.026853944,0,2,3,0.001216575,453.823834312,0
Returning_Visitor,1,0.029792474,0,1,-8,0.002857984,3383.289804687,0
Returning_Visitor,0,0.02230796,3.320065754,3,1,0,,0
Returning_Visitor,0,0.048872256,0,1,-7,0.02,252.607775124,0
Returning_Visitor,0.2,0.025762489,0,1,1,0.01974372,445.749258915,0
Returning_Visitor,0,0.080556154,0,2,-8,0.151475345,2288.548155426,0
New_Visitor,0,0.000004656,0,6,4,0.01,901.646285691,0
New_Visitor,,0.000004021,0,,1,0.045684482,849.910527955,0
Returning_Visitor,0,0.01,5.927370738,1,1,0.022608133,2418.074134347,0
Returning_Visitor,0,,0,2,3,0.00001044,716.262120467,0
Returning_Visitor,0,0.071234023,0,2,3,1.366222088,199.480455783,0
New_Visitor,0,0.032330609,0,2,3,0.001976366,341.054818649,0
Returning_Visitor,,0.068851161,0,9,2,0.003453331,359.053718718,0
Returning_Visitor,0,0.011223254,2.550943671,6,3,0.141436626,669.378824357,0
Returning_Visitor,0,0.136437059,0,3,1,0.000000001,0.000001744,0
New_Visitor,0,0.000015456,0,6,-6,0.039264237,686.310652442,0
Returning_Visitor,0.4,0.03736446,0,1,1,0.000130111,1707.562000123,0
New_Visitor,,0.01,0,2,1,0,2038.708225424,1
Returning_Visitor,0,0.086064184,0,4,2,0.006231423,1073.62419426,0
Returning_Visitor,0,0.000229797,0,9,1,0.000120121,209.64871264,0
Returning_Visitor,0,0.1,0,1,4,0.045221744,526.10315116,0
Returning_Visitor,0.2,0.037397886,,7,-5,0,628.639667315,0
Returning_Visitor,0.2,0.031387919,0,,2,0.000922176,412.487599399,0
New_Visitor,0,0.136618823,0,5,-8,0,1650.075651845,1
Returning_Visitor,0,0.003956007,3.75027702,2,1,0.022478991,1128.366231941,0
Returning_Visitor,0,0.007924848,0,3,1,0.000315948,1275.765908114,0
Returning_Visitor,0.2,0.02,5.335381155,7,1,0.000114047,287.036421782,0
Returning_Visitor,0,0.108629882,0,1,2,0.198419145,2928.715662839,0
,0,0.083946897,0,2,1,0.000000001,501.914930276,0
New_Visitor,0,0.05,0,3,-5,0.000496672,105.020738727,0
Returning_Visitor,0.2,0.107386635,,2,1,1.203422696,0.00000176,0
Returning_Visitor,0.6,,0,1,4,0.00989265,307.847846848,0
Returning_Visitor,0,,34.082596759,2,3,0.02,2196.211531347,1
Returning_Visitor,0,,0,2,-7,0,3898.775386033,1
Returning_Visitor,,0.026830668,0,9,3,0.038114907,517.569926647,0
Returning_Visitor,0,0.175542648,0,1,-6,0.026377432,1046.025201913,0
Returning_Visitor,0.4,0.026957595,0,2,2,0.013905556,,0
Returning_Visitor,0,0.078854249,0,7,-6,0.003643185,427.087831976,0
Returning_Visitor,0.6,0.005897404,0,2,2,0.000039883,,0
Returning_Visitor,0,0.038850439,74.336654479,5,-9,0.000000087,1436.196636915,1
Returning_Visitor,0.4,0.021183352,0,2,2,0.02,2811.064842053,0
Returning_Visitor,0,0.010066427,0,3,1,0,167.417089255,0
Returning_Visitor,0,0.000068239,7.502347043,8,1,0.068483949,301.225148005,0
Returning_Visitor,0.2,0.008409677,0,11,3,0.000000548,1692.135970644,0
Returning_Visitor,0,0.006645844,0,1,-9,0,2424.780365906,0
New_Visitor,0,0.075887493,0,12,3,0.05735896,1756.857549338,0
Returning_Visitor,0.2,0.012708777,0,2,4,0.05,1761.199229336,0
New_Visitor,0,0.05,0,2,-9,0.000003905,2071.284934405,1
Returning_Visitor,0,0.003659297,0,3,4,0,1185.244923351,1
Returning_Visitor,0,0.01,9.550395713,2,-7,0.05,1662.040339179,1
Returning_Visitor,0,0.000236585,11.888762429,2,4,0.011274821,2493.546850223,1
New_Visitor,0,0.006750906,,1,1,0,1551.631565039,0
Returning_Visitor,0,0.003213091,0,3,-6,0.02,1247.683109866,0
Returning_Visitor,0,0.000151911,0,6,-7,0,1009.418740159,1
New_Visitor,0,0.000015601,54.934814355,17,3,0,908.659209189,1
Returning_Visitor,0,0.000005901,0,4,4,0.066342772,1248.929151586,0
Returning_Visitor,,0.01,0,2,1,0.038099221,466.083147273,0
Returning_Visitor,0,0.059227684,0,16,-7,0.07196316,0.000001787,0
Returning_Visitor,0,0.2,5.718609627,2,4,0.05,3306.627147611,1
Returning_Visitor,0,0.1820563,0,1,1,0.000492409,282.626083157,0
Returning_Visitor,0.4,0.037100098,0,4,1,0,662.526331966,0
Returning_Visitor,0,0.005785615,0,2,3,0.268111219,218.320979812,0
Returning_Visitor,0,0.110509011,0,9,3,0.000001878,1057.91146428,0
Returning_Visitor,0,0.00275011,0,1,4,0,497.824266327,0
Returning_Visitor,0,0.046287654,0,3,1,0.021603125,2372.069668089,0
Returning_Visitor,0,0,0,7,1,0,1854.861128765,1
Returning_Visitor,,0.006848595,0,1,2,0.000000065,204.756987287,0
Returning_Visitor,0.2,0.106593177,0,2,3,0.024292474,497.80796253,0
Returning_Visitor,0,0.000034641,0,1,3,0.000040037,404.669253318,1
New_Visitor,0,0.017515798,0,7,4,0.000000955,970.081038255,0
Returning_Visitor,0,0.001805969,0,2,1,0,748.278864294,0
New_Visitor,0,0.07855571,,2,1,0.05,1102.704852863,0
New_Visitor,0,0.005922585,17.534461196,3,1,0,571.034397546,1
Returning_Visitor,0,,0,7,4,0.2,770.085073288,1
Returning_Visitor,0,0.021551832,0,2,2,0.175607774,853.623073068,0
New_Visitor,0,0.001611039,0,,-8,0.022669122,322.669693506,0
Returning_Visitor,0,0.000022474,0,2,-6,0,1830.59557715,1
Returning_Visitor,0,,9.411302234,5,1,0.1,1017.120149905,1
Returning_Visitor,0,0.006398649,0,2,3,0.008979892,209.930585847,0
Returning_Visitor,0,0.2,0,4,1,0.056593978,1964.075334616,0
Returning_Visitor,0.8,0.000216484,0,3,1,0.01,807.773647573,0
New_Visitor,0,,0,20,4,0.000085406,98.071868882,0
Returning_Visitor,0,0.1,0,,3,0.01942099,1292.78017139,0
Returning_Visitor,0,0.013936995,23.95054053,2,2,0.039783714,1465.400603616,1
Returning_Visitor,0,0.036932268,0,9,-7,0.02,689.985799914,0
New_Visitor,0,0.11478197,0,3,1,0.021419873,3005.514296451,0
Returning_Visitor,0,0.2,0,2,-7,0.001543465,559.396438144,0
Returning_Visitor,0,0.000005903,67.333958823,,-5,0.000559291,847.46360894,1
Returning_Visitor,0,0.073585287,3.826736391,1,1,1.295355975,702.203149882,0
Returning_Visitor,0,0.092350878,,2,2,0.013827905,0.000001819,0
Returning_Visitor,0,0.073457119,0,2,1,0.01,412.978762858,0
Returning_Visitor,0.8,,0,,2,0.07493591,2793.308877257,0
Returning_Visitor,0,0.021103591,0,3,-7,0.05,6340.813037181,0
New_Visitor,0,0.002931148,0,2,4,0.008074546,284.927730624,0
New_Visitor,0,0.04914961,0,1,1,0.012537669,1603.701243135,0
Returning_Visitor,0,0.123824628,0,3,-6,0.005950805,1598.05403706,0
Returning_Visitor,0,0.01,0,5,1,0.01,0.000001826,0
Returning_Visitor,0,0.038012203,0,2,3,0,0.000001827,0
Returning_Visitor,0,0.001485215,0,14,4,0.01222771,3195.446258234,0
New_Visitor,0,0.097773269,0,2,-7,0.056660802,660.108638271,0
Returning_Visitor,1,0.047797033,0,4,-7,0.000219114,65.542678861,0
New_Visitor,0,0.043877514,0,2,2,0.004704397,1755.543793264,0
New_Visitor,0.6,0.02,0,15,-9,0.000000362,406.162119287,0
Returning_Visitor,0.4,0.020763493,0,2,1,0.0012191,893.494027943,0
Returning_Visitor,0,0.015468838,0,13,3,0.121828526,483.424185639,0
Returning_Visitor,1,0.049701471,0,1,2,0.001847698,1100.807880579,0
Returning_Visitor,0.4,0.012183469,2.866373689,2,1,0.013629657,2227.81500313,0
Returning_Visitor,0,0.034133402,53.165332555,2,1,0,3255.255054358,1
Returning_Visitor,,0.000162903,0,1,-6,0.01,396.575918524,0
Returning_Visitor,0.2,0.151361971,4.719608783,2,1,0,316.740937161,0
Returning_Visitor,0.4,0.089917796,0,5,3,0.039080576,701.904968007,0
Returning_Visitor,0,0.009420452,0,2,1,0.02214058,2388.507251436,0
Returning_Visitor,0.2,0.171251396,0,3,3,0.00000002,761.724290347,0
Returning_Visitor,,0.027858682,,5,-5,0.01,849.316581831,0
Returning_Visitor,0,0.005660685,0,1,1,0.000618737,60.743160802,0
New_Visitor,0.2,0.082757134,0,2,4,0,1107.562606008,1
Returning_Visitor,0,0.036523845,0,6,-7,0.05,376.672786488,0
Returning_Visitor,0.2,0.000000001,10.285214252,4,-8,0,1115.544932871,1
Returning_Visitor,0,0.018646881,0,2,3,0.00009376,2034.269740184,0
Returning_Visitor,0.2,,0,1,1,0.090056271,1105.689040593,0
New_Visitor,0,0.05,0,2,1,0.000237361,891.635838878,0
Returning_Visitor,0,0.172094054,0,13,2,0.022407425,225.265914634,0
Returning_Visitor,0,0.044058539,0,1,4,0.000000079,2048.447950831,0
Returning_Visitor,0,,0,10,1,0.16714663,,0
,0.6,0.015628382,0,3,-6,0.000001194,0.000001854,0
Returning_Visitor,0,0.025329351,0,,2,0.053070789,810.381737812,0
New_Visitor,0,0.06479116,0,,3,0,112.532224066,0
Returning_Visitor,0.4,0.036788405,0,,1,0.025322432,1025.381368811,0
Returning_Visitor,0,0.007562843,0,9,1,0.045488194,1075.107180162,0
New_Visitor,,0.092893175,85.982677021,3,-6,0,3470.391777743,1
New_Visitor,0,0.049603478,0,2,3,0,,1
New_Visitor,0,0.005220842,0,3,3,0,938.033067506,0
Returning_Visitor,0.4,0,0,2,4,0,1207.922069614,0
New_Visitor,0,0.036421588,25.063365227,12,-7,0,,1
Returning_Visitor,0,0.066300596,0,,1,1.453385965,1441.695909356,0
New_Visitor,0,0.005666098,0,1,-7,0.025511172,557.52035908,0
Returning_Visitor,0,0.041925906,0,1,-8,0.003995683,2436.080939282,0
Returning_Visitor,0,0.088262565,0,2,-6,0,2775.799554562,0
New_Visitor,0.6,0.2,0,4,-6,0,816.708636166,0
Returning_Visitor,0,0.121807692,0,1,4,0.005025323,990.944618976,0
Returning_Visitor,0,0.230111357,0,2,-5,0.177508718,776.207747707,0
Other,0,0.02,0,7,1,0.002058885,,0
Returning_Visitor,0,0.008159015,0,5,1,0,103.174957147,0
Returning_Visitor,0,,0,1,1,0.003717355,967.727215226,0
Returning_Visitor,0.6,0.002063985,0,3,-7,0.009689573,406.772320558,0
Returning_Visitor,0,0.039134603,,4,-8,0.006054373,476.812324955,0
Returning_Visitor,0,0.036148895,0,,1,0.000401703,276.002345752,0
Returning_Visitor,0,0.014068888,12.208926085,2,1,0,7527.484811741,1
New_Visitor,0,0.002187479,0,1,1,0.006949644,2977.804676425,0
,0,0.001832872,11.271555698,4,-7,0.001276885,259.989406774,0
Returning_Visitor,1,0.002020961,21.725331437,8,3,0,2328.442401073,0
Returning_Visitor,0,0.000138964,0,5,2,0.005005557,139.080076551,0
Returning_Visitor,0,0.000011473,0,2,1,0.011838186,1213.174760794,0
Returning_Visitor,0,0.2,0,2,3,0.00004421,84.28656637,0
Returning_Visitor,0,0.000201578,0,1,-6,0,1534.745962299,1
New_Visitor,0.8,0.052318141,0,6,-7,0,321.376658804,0
New_Visitor,0,0.000085674,0,3,-5,0.011229343,2005.173581275,0
New_Visitor,0,0.067720489,0,2,-9,0.000000552,74.248038799,0
Returning_Visitor,0.4,0.008757432,0,3,-8,0.004183534,1009.68318816,0
New_Visitor,0,0.000081323,,1,3,0.011819134,3106.954943375,1
New_Visitor,0.4,0.05,0,1,2,1.218033226,1070.180399308,0
Other,0,0.076946152,0,1,3,0.000000763,5513.773890443,0
Returning_Visitor,0,0.1,0,2,-5,0.000223286,527.277556754,0
Returning_Visitor,0,0.01015447,0,5,2,1.089192382,707.54560236,0
Returning_Visitor,0,0.04634526,0,2,1,1.340328373,1073.084364069,0
Returning_Visitor,,0.013148661,59.5058109,2,-6,0,818.960935311,1
Returning_Visitor,0,0.095133923,0,1,1,0.00162812,386.213383175,0
Returning_Visitor,0,0.073758146,19.245630657,4,1,0.003157369,1104.795687281,0
Returning_Visitor,0,0.08469422,0,10,3,0.011521218,769.78590316,0
Returning_Visitor,0,0.043903865,0,1,1,0.119930357,441.266814635,0
Returning_Visitor,0.6,0.000333002,0,4,-6,0.001060762,1794.015596858,0
Returning_Visitor,0.4,0.026615335,0,13,3,0.000017646,826.535842648,0
Other,0,0.014604633,0,1,3,0.019258657,218.505132936,0
Returning_Visitor,0,0.001647916,25.733535108,5,3,0.000000414,2319.576436725,1
Returning_Visitor,0,0.099718656,0,2,4,0.009290053,351.24488836,0
Returning_Visitor,0,,0,1,1,0,0.000001905,0
Returning_Visitor,0,0.000245458,19.073640751,1,1,0.018729278,313.698564606,0
Returning_Visitor,0,0.040708089,0,3,1,0.000069832,1546.713307833,0
Returning_Visitor,0,0.108225126,0,8,1,0.040097345,0.000001908,0
Returning_Visitor,0,0.02,14.62122789,2,3,0.011847679,795.01175227,0
Returning_Visitor,0,0.057855407,0,12,3,0.038567646,4006.271509039,0
Returning_Visitor,0,0.069173881,,3,-7,0,288.17129861,0
New_Visitor,0,0.000680706,0,8,1,0.02,735.758670039,0
Returning_Visitor,0,0.000398295,14.171110022,1,4,0.000000005,5943.421543633,1
New_Visitor,0,0.053374646,0,2,1,0.01,3398.631259236,0
New_Visitor,0,0.111520983,0,3,1,0.095937578,166.58959869,0
Returning_Visitor,0,0.112019125,0,1,3,0.000061789,1199.362076053,0
Returning_Visitor,0,0.039958594,0,2,-7,0.003588457,1950.78445756,0
New_Visitor,0,0.042742285,8.179476726,5,1,0.092533746,2713.371359052,0
Returning_Visitor,0,0.054631065,0,1,1,0,1047.822770721,0
Returning_Visitor,0,0.047588881,5.219124638,4,2,0.000655637,3095.697788946,0
,0.8,0.130104899,0,1,1,0.004808846,866.557926017,0
New_Visitor,0,0.023709442,0,3,3,0.000947913,1712.893317289,0
Returning_Visitor,0,0.03654943,0,2,3,0.006362051,0.000001923,0
Returning_Visitor,0,0.130813196,0,8,-6,0.006422395,0.000001924,0
New_Visitor,0,0.004493703,1.470229439,2,1,0.000040556,664.969273318,0
Returning_Visitor,0,0.000024853,,3,2,0,1301.474092387,0
Returning_Visitor,0,0.020442041,0,3,3,0.088769916,6044.760089741,0
Returning_Visitor,0,,0,,1,0.246914553,1568.269012621,0
Returning_Visitor,,0.001280231,0,2,1,0.2,495.905660517,0
New_Visitor,0.2,0.165204963,0,2,3,0,621.865983187,0
Returning_Visitor,0,0.008500424,0,2,1,0.001917897,1696.209713203,0
Returning_Visitor,0,0.08377305,0,2,-8,0.033289895,3706.921167736,0
,,0.002225962,39.586236154,4,1,0,991.846990677,1
New_Visitor,0,0.083639492,0,,1,0.000317599,963.569494557,0
Returning_Visitor,0.6,0.043189667,0,2,1,0,2357.501465642,0
Returning_Visitor,0,0.004988972,,1,2,0.00981316,388.454693715,0
Returning_Visitor,0,0.041782531,0,2,4,0.037428189,1710.827112747,0
New_Visitor,0,0.003959007,13.95612831,1,3,0,,0
Returning_Visitor,1,0.029190935,0,1,-8,0.004254167,527.220814258,0
New_Visitor,0,0.015182705,0,14,-8,1.357715887,0.00000194,0
Returning_Visitor,0,0.000003656,0,2,1,0.004414602,419.736924106,0
Returning_Visitor,0,0.003158484,21.480562314,,3,0.188416085,1088.267117392,1
Returning_Visitor,,0.031962405,0,4,1,0.000112074,4492.481078514,0
New_Visitor,0,0.004684676,0,4,-6,0.000000013,239.688722227,0
Returning_Visitor,0,0.005312629,,1,-7,0.000000005,308.565558533,0
Returning_Visitor,0,0.002131056,,4,-5,0.01703799,731.741237861,0
Returning_Visitor,0.2,,0,1,-5,0.000000071,574.760485007,0
,0,0.076098985,0,,4,0.01,,0
Returning_Visitor,0,0.029829589,0,4,-5,0.000070342,658.229612201,0
Returning_Visitor,0,0.009765102,28.703387403,17,2,0,2227.188370661,0
Returning_Visitor,0,0,0,2,3,0.000000398,1622.903438485,0
New_Visitor,0,0.000000327,9.645265419,,-7,0.038694395,2678.219725398,1
Returning_Visitor,0,0.017841283,,2,4,0,1128.498234268,1
Other,0,0.110434008,0,,1,0,561.044661201,0
Returning_Visitor,0.2,0.000274004,0,18,3,0,659.132582802,0
New_Visitor,0,0.07454505,0,6,-5,0.002811354,623.495919247,0
Other,0,0.020394769,0,2,1,0.058696505,548.889612989,0
Returning_Visitor,0,0.000210677,0,4,4,0.064736717,784.594104912,0
New_Visitor,0,0.130380909,0,2,1,0,805.662358213,0
New_Visitor,0.8,0.046489059,0,3,-7,0.009559059,0.00000196,0
New_Visitor,0,0.005514342,0,1,1,0.028967844,1704.726072314,0
Other,0,0.000937287,0,3,-7,0.007226118,3133.685716024,0
Returning_Visitor,0,0.000016629,0,2,1,0.055108858,0.000001963,0
Returning_Visitor,0,0.134942103,14.179909432,5,-7,0.006103542,4099.684850517,1
Returning_Visitor,0,0.134602335,0,,1,0.000071996,1896.785662755,0
Returning_Visitor,0,0.04417022,0,6,1,0.05,873.355027064,0
Returning_Visitor,0,0.081863497,0,,1,0.000191809,1970.661584587,0
Returning_Visitor,,0.01,0,2,4,0.023155573,2077.000838576,0
Returning_Visitor,0,0.1,,4,3,0.003649192,863.160784351,0
New_Visitor,0,0.005302476,,2,1,0.034278265,1592.611070486,0
Returning_Visitor,0,0.2,,2,1,0.012979095,415.837618585,0
New_Visitor,0,0.029477529,17.015775488,1,4,0,1797.711359827,1
Returning_Visitor,0,0.016142657,0,4,1,0,952.932650691,0
Returning_Visitor,0,0.007238526,0,2,-7,0.003763164,91.067155495,0
Returning_Visitor,0,0.017630932,0,1,-7,0.003938391,977.564684944,0
New_Visitor,0,0.000964961,0,6,3,0.167731907,323.36870095,0
New_Visitor,,0.000000067,114.089836077,4,1,-0.103547481,2096.436505593,1
Returning_Visitor,0,0.039154972,0,2,1,0.000051111,571.198125762,0
Returning_Visitor,0,0,8.410127952,1,1,0,50.339427177,1
Returning_Visitor,0,0.002874338,21.56719452,6,2,0,872.843802101,1
Returning_Visitor,0,0.1,0,8,-6,0.000207096,880.467839141,0
Returning_Visitor,0,0.125932075,0,16,3,0.05,232.897155194,0
Returning_Visitor,0,0,0,5,1,0.144227969,0.000001983,0
Returning_Visitor,0,0.029735781,24.167095663,11,-8,0.000380823,1749.492632715,1
Returning_Visitor,0,,0,2,2,0.07034902,813.613725442,0
Returning_Visitor,,0.025058114,16.406685463,2,-7,0.002636384,2342.782426677,0
Returning_Visitor,0,0.032045505,0,2,1,0.001030548,3855.759237895,0
New_Visitor,0,0.016501414,0,2,3,0.000420829,839.162773663,0
Returning_Visitor,0,0.001003026,12.580606755,2,3,0.000001591,1337.645044639,1
Returning_Visitor,0,0.006397513,17.146638609,1,-7,0.00002124,0.00000199,0
Returning_Visitor,0,0.05,0,2,3,0,1719.933295834,0
Returning_Visitor,0,0.1,0,2,4,0,3208.791416365,1
Returning_Visitor,0,0.000299418,0,,1,0.002280138,0.000001993,0
,0,0.070886348,0,4,3,0.159488263,665.632691672,0
Returning_Visitor,0,0,,1,-5,0,1262.729715162,0
Returning_Visitor,0,0.208832461,0,1,3,0.001129928,3118.862584539,0
,0,0.052060071,0,1,1,0.000000001,690.572597985,0
Returning_Visitor,1,0.041775771,0,15,1,0.102665521,926.019884469,0
Returning_Visitor,0,,62.226130248,,1,0.000000658,,1
New_Visitor,0,0.222567964,0,1,1,0.156773973,663.323358023,0
Returning_Visitor,0,0.015168225,0,3,-6,0.01002073,992.465966387,0
Returning_Visitor,0,0.006395492,2.806386989,2,-7,0,1444.957164142,1
Other,0.4,0,0,1,3,0.000036839,447.475752802,0
New_Visitor,0,0.004600107,0,1,-7,0,0.000002004,0
Returning_Visitor,0.6,0.024005483,0,2,1,0.01,1375.009234487,0
Returning_Visitor,,0.076980242,0,7,1,0,632.815724682,0
Returning_Visitor,0,0.003715963,13.473531685,4,-8,0.000006742,,1
New_Visitor,0,0.147908893,0,15,3,0.000260986,0.000002008,0
Returning_Visitor,0.4,0.009513073,0,3,1,0.001624703,1182.869624774,0
Returning_Visitor,,0.011787096,20.047818234,4,1,0,869.558794084,1
Returning_Visitor,0,0.2,0,1,1,0.02685453,493.873753605,0
New_Visitor,0,0.015431894,0,3,1,0.007067642,303.495601413,0
Returning_Visitor,0,0.073510465,0,1,1,0,308.880355937,0
New_Visitor,0,0.021220908,0,2,-7,0.054695353,540.09109872,0
New_Visitor,0,0.011825234,0,5,-7,0.000116557,393.161180563,0
New_Visitor,0,0.084945143,0,1,3,0.011468335,57.545102086,0
Returning_Visitor,0,0.042563409,0,1,2,0,634.930750165,0
Returning_Visitor,0,0.025370227,3.835912806,5,3,-0.146852772,962.054014691,0
Returning_Visitor,0,0.024321705,0,2,3,0.000003989,407.564029364,0
New_Visitor,0,0.04109086,25.330289009,3,3,0.004023422,,0
Returning_Visitor,0,0.001092948,0,18,1,0.141231282,1384.661367271,0
Returning_Visitor,0,0.008467074,0,2,2,0.000000166,453.647108157,0
New_Visitor,0.6,0.004578876,8.162617731,1,-6,0.004303906,0.000002023,0
Returning_Visitor,0,0.000124266,0,6,3,0.005207408,1205.507369248,1
Returning_Visitor,0.8,0.024503267,0,1,4,0.000028617,3362.670728561,1
Returning_Visitor,0,0.001156867,24.963563574,2,-6,0.00000238,3136.553166833,1
Returning_Visitor,0,0.02,0,5,-8,0.068522473,,0
Returning_Visitor,0,0.063637964,2.839831064,1,4,0.004069408,1013.7677158,0
Returning_Visitor,0,0.150172852,0,,3,0.000155546,2863.192088241,0
Returning_Visitor,0.2,0.001213028,0,3,1,0.000011774,1395.008871756,0
Other,0,0.072133024,6.857128533,1,2,0.056814842,1736.824156263,0
Returning_Visitor,0.2,0.027407088,13.251093933,2,3,0.000612313,440.209202435,0
,0,0.02786488,0,1,1,0.000002249,1600.755172684,0
New_Visitor,0,0.024877425,0,2,3,0.064994377,1282.425466178,0
Returning_Visitor,0,,,1,1,0.000041734,1165.94267183,1
,0.2,0.008536845,7.51213222,2,3,0.005738277,1924.064502297,0
Returning_Visitor,0,0.114801129,0,2,3,0.02,1095.392820312,0
Returning_Visitor,0,,77.647096255,11,2,0,1133.314414445,1
Returning_Visitor,0,0.000012996,0,12,1,0,,1
Returning_Visitor,0.2,0.008028186,0,2,3,0.01,1325.288133758,0
,,0.134482696,0,13,1,0.023927635,116.251131318,0
Returning_Visitor,0,0.001385047,0,2,-8,0.000001421,,0
Returning_Visitor,0,0.02820502,0,2,-7,0.00078083,796.572580442,0
Returning_Visitor,0,0.002130277,0,,3,0.1,1560.741352723,1
Returning_Visitor,0,0.077520683,0,3,3,0.001487281,373.575642264,0
Returning_Visitor,0,0.034851375,0,6,-7,0.02,1496.78864752,0
Returning_Visitor,0,,0,2,3,0.1,662.631932108,0
New_Visitor,0,0.031022794,0,11,-7,0.2,2895.432553469,0
Returning_Visitor,0,0.016093642,0,4,1,0.011149365,1640.000417391,0
Returning_Visitor,0,0.05,0,,2,0.000626727,2467.933532269,0
Returning_Visitor,0,0.000476384,11.256103625,5,1,0.02,1019.724361976,0
New_Visitor,,0.02,0,4,4,0.000089553,3143.02028065,1
New_Visitor,0,0.1,0,2,1,0.01,1994.279529875,0
Returning_Visitor,0,0.126754105,0,2,1,0.002375278,,0
Returning_Visitor,,,2.358061238,2,1,0.004632947,458.342247082,0
Returning_Visitor,0.6,0.1,4.230341007,11,1,0,778.369176571,0
New_Visitor,0.2,0.040942254,0,1,2,0.054266304,1240.88014163,0
New_Visitor,0,0.014344625,3.35190047,1,1,0.000002518,281.835004945,0
Returning_Visitor,0,0.007778631,0,2,1,0.000055208,1315.120711504,0
Returning_Visitor,0,0.042631105,32.562416126,2,2,0.003318396,0.00000206,0
Returning_Visitor,0,0.027363336,0,2,1,0.007490474,,0
Returning_Visitor,0,0.002663291,0,3,4,0.004404342,99.632054297,0
Returning_Visitor,0,0.118046779,25.154994155,7,3,0.02,742.574959158,0
New_Visitor,0,0.030216835,20.982324143,8,2,0.003863816,1532.706693198,1
Returning_Visitor,0,0.17940303,0,3,-8,0.2,1809.506332031,0
New_Visitor,0,0.002398048,0,3,1,0.070021437,1057.434508051,0
Returning_Visitor,0.2,0.001465571,0,11,-6,0.069353113,3095.897376093,0
Returning_Visitor,0,0.011995449,23.359037069,3,-8,0.000001472,572.43575219,1
New_Visitor,,0,0,,4,0,798.02463508,1
Returning_Visitor,0,0.009776026,0,2,3,0.000000005,3177.251496207,0
Returning_Visitor,0.4,0.17784375,0,4,1,0.000240961,1626.174058656,0
Returning_Visitor,0,0.035684326,0,2,1,0.2,1889.47585416,1
Returning_Visitor,0,0.1,0,2,-6,0,3951.502985592,1
Returning_Visitor,0.4,0.043778203,0,4,4,0.019265307,1177.803888286,0
Returning_Visitor,0,0.09756444,0,2,-7,0.049874301,648.731149166,0
Returning_Visitor,0,0.000016379,0,4,3,0.000002215,734.318877642,1
Returning_Visitor,0,0.013822047,0,2,3,0.000060429,1415.639513455,0
Returning_Visitor,0,0.025013298,0,7,1,0.077741573,1886.883529131,0
Returning_Visitor,0,0.052145315,6.212408456,4,1,0.05,950.700425285,0
Returning_Visitor,0,0.067951426,0,4,2,0.147900162,1539.082048977,0
Returning_Visitor,0,0.000061714,20.593207761,15,1,0.013788206,65.40770554,0
,0,0.018738961,0,1,1,0.023316974,,0
Returning_Visitor,0.2,0.035925519,0,10,1,0.027495237,181.059568985,0
Returning_Visitor,,0.016098518,0,5,3,0.068573052,721.685401385,0
Returning_Visitor,0,,0,4,1,0,2975.726111316,1
Returning_Visitor,0,0.015898872,0,3,4,0.162322226,5490.475821409,0
Returning_Visitor,0,0.021727534,0,4,3,0.001605986,496.699973356,0
Returning_Visitor,0,0.029120134,0,1,4,0.001777611,1461.492202454,0
Returning_Visitor,0,0.2,16.341516017,4,1,0,911.964686567,1
Returning_Visitor,0,0.010925748,71.759284397,5,3,0.000000179,2899.860991007,1
Returning_Visitor,0,0.000316405,0,2,1,0.209041328,1283.713219644,0
Returning_Visitor,0,0.109355673,0,8,-8,0.019317989,522.149285269,0
Returning_Visitor,0,0.0064884,0,10,4,0.004275751,725.856485157,0
Returning_Visitor,1,0.155296597,0,3,-8,0.042063533,1607.450347316,0
Returning_Visitor,0.2,0.00616706,0,2,-6,0,228.068423536,0
,0,0.080592205,38.667493379,2,3,0.000722796,901.201254346,0
Returning_Visitor,0,0.05,5.808180837,3,1,0.001847893,2744.919283718,1
Returning_Visitor,0,0.065376665,,4,1,0,1395.946003978,0
Returning_Visitor,0.2,0.007213153,0,6,1,0.002982602,512.180887531,0
New_Visitor,0,0.01248141,0,2,4,0.035767756,2704.325795299,0
Returning_Visitor,0,0.009829867,3.579717722,2,-5,0,2096.567895661,0
New_Visitor,0,0.000001082,6.405798396,2,1,0.000000019,0.000002102,1
New_Visitor,0,0.000553315,0,2,3,0,833.035601985,1
Returning_Visitor,,0.030390452,0,3,3,0.055835969,0.000002104,0
Returning_Visitor,1,0.00835529,0,4,2,0.02,2912.947294812,0
Returning_Visitor,0,0.000786986,0,5,-5,0,2482.909395017,0
Returning_Visitor,0.2,0.005676277,0,1,-8,0,665.017641199,0
Returning_Visitor,0,,0,2,3,0,323.588979295,1
New_Visitor,0,0.000189997,0,3,3,0,1472.406590264,1
Returning_Visitor,0,0.002174559,77.097262954,20,4,0.000023798,,1
New_Visitor,0,0.000154166,0,2,-5,0.000322811,2531.63504632,0
Returning_Visitor,0,0.13509823,0,8,2,0.162970119,1699.841772145,0
Returning_Visitor,0.2,0.002308444,0,3,1,0.006916056,2218.006621642,0
Returning_Visitor,0,0,0,3,1,1.341306891,1305.80198937,0
Returning_Visitor,0,0.073086308,0,2,-7,0.008690072,912.451206579,0
Returning_Visitor,0,0.004242151,0,9,1,0,115.431407911,0
Returning_Visitor,0,0.01804802,0,2,-6,0,1399.565211967,0
New_Visitor,0,0.068940665,0,,-9,0,759.518570884,0
Returning_Visitor,0,0.225902889,6.63223235,3,2,0.000008044,394.923758953,0
Returning_Visitor,0,0.138717801,0,1,1,0.000014237,226.640716924,0
Returning_Visitor,,,0,4,-8,0.002615866,1391.61395843,0
Returning_Visitor,0,0.029672895,0,1,1,0.005961063,0.000002122,0
,0,0.01,0,12,1,0,1788.539791661,0
New_Visitor,0,0.029582455,0,,1,0.311895489,1015.955765702,0
Returning_Visitor,0,0.018590651,0,,1,0.016615816,285.166358265,0
Returning_Visitor,0,0.01347727,0,2,1,0.029665841,1655.902094092,0
Returning_Visitor,1,0.038096524,14.483747305,2,3,0.004551098,883.742851642,0
,0.4,0.28061958,0,3,1,0.000179903,1047.659673626,0
Returning_Visitor,0,0.000777885,0,1,-6,0.000000165,1057.506866552,0
New_Visitor,0,0.058202242,0,8,4,0.02,998.899974657,0
Returning_Visitor,0,0.02,7.85259568,1,-6,0.000526913,1384.61008343,1
New_Visitor,0,0.038745125,0,1,1,0,253.367705996,0
Returning_Visitor,0,0.002707938,0,2,-6,0.001757347,0.000002133,0
Returning_Visitor,0,0.024968984,0,1,3,0.032147484,1357.901509406,0
Other,0,0.19604803,0,2,3,0.105727973,926.039664535,0
Returning_Visitor,0.4,0.001691834,0,4,-5,0,2277.333021794,0
Returning_Visitor,0,0.045857324,7.906117124,17,1,0,2764.899305185,1
Returning_Visitor,0,0.011950086,0,5,1,0.005489027,1705.421880564,0
Returning_Visitor,0,0.033261038,0,3,1,0.000019923,0.000002139,0
Returning_Visitor,0,0.004555171,59.683165031,8,3,0,582.568591035,1
Returning_Visitor,0,0.161983108,0,2,3,0.000886662,0.000002141,0
Returning_Visitor,0,0.059506089,34.535144109,5,-6,0.014253945,0.000002142,0
Returning_Visitor,0,0.005950652,0,2,3,0,1058.801859895,0
Returning_Visitor,0.4,,0,2,1,0,263.000202493,0
Returning_Visitor,,0.016087548,0,2,3,0.000104155,741.16952517,0
Returning_Visitor,0,0.000006869,8.842051945,3,2,0.001243103,4234.687045449,1
Returning_Visitor,0,0.115586873,,3,1,0.000000145,2485.736316689,0
Returning_Visitor,0,0.200692131,0,1,-8,0.029220204,1858.180916141,0
Returning_Visitor,0,0.1,0,2,1,0.001501057,379.047578035,0
Returning_Visitor,0,,0,3,1,0.003016617,1559.576883589,0
Returning_Visitor,0,0.00895978,34.010177035,1,1,0,1656.283528992,1
Returning_Visitor,0,0.017175025,0,2,1,0.000057237,364.138521159,0
New_Visitor,0,0.012131859,163.443338286,1,3,0,305.179886961,1
Returning_Visitor,0,0.2,0,7,1,0.008454081,1008.219557709,0
Returning_Visitor,0.4,0.079933264,17.58262565,1,1,0,159.997982063,0
Returning_Visitor,0,0.001448914,0,8,1,0,694.253371826,0
Returning_Visitor,0,0.163584781,0,2,1,1.479238071,2002.904611086,0
Returning_Visitor,0.8,0.087052263,0,2,4,0.019606195,1316.29476773,0
New_Visitor,0.4,0.085465857,5.479877044,13,-6,1.337852639,953.039979479,0
Returning_Visitor,0,0.029241598,0,1,1,0.252480665,1124.630804664,0
Returning_Visitor,,,0,1,3,0.01,2157.870730905,0
Returning_Visitor,0,0.2,0,1,1,0.011878659,,0
Returning_Visitor,0,0.02382403,0,1,1,0,3586.634943437,1
Returning_Visitor,0.2,0.01,0,1,1,0.005191653,253.977350852,0
Returning_Visitor,0,0.027291169,17.819549695,10,2,0.01,2402.232520555,0
Returning_Visitor,0.2,0.030777561,5.542898341,7,3,0.014080271,2769.427706127,0
Returning_Visitor,0,0.01891418,0,2,3,0,869.570585747,1
Returning_Visitor,0,0.026249129,0,4,4,0.000659097,0.000002168,0
Returning_Visitor,0.2,0.2,0,3,4,0,176.485753585,0
Returning_Visitor,0,0.003638264,34.084660643,3,-7,0.005938918,3850.105964588,1
New_Visitor,0.6,0.130231346,0,2,1,0.02,,0
Returning_Visitor,0,0.005569037,0,5,-7,0.056667552,1601.120112654,0
New_Visitor,0,0.020404819,0,3,1,0.02,254.641390018,0
Returning_Visitor,0,0.037052298,0,,1,0.03407188,1754.631491532,0
Returning_Visitor,0,0.014274194,0,1,1,0.035403877,369.179888504,0
Returning_Visitor,,0.005759117,0,,3,0.180465785,1353.670500722,0
Returning_Visitor,0,0.003570822,0,11,4,0.000802952,0.000002177,0
Returning_Visitor,0.8,0.004437806,0,3,1,0.000011931,644.979567994,0
Returning_Visitor,0,,0,4,-7,0.00361227,397.706844583,0
,0.2,0.23667651,0,6,1,0.000027061,2475.353024563,0
Returning_Visitor,0,0.148717375,0,1,4,0.002426963,1812.915626049,0
New_Visitor,0,0.000938435,0,2,4,1.308462447,358.139074226,0
Returning_Visitor,0.8,0.183967226,0,1,1,0.01577907,,0
Returning_Visitor,0.6,0.00041003,1.187880873,3,2,0.02,,0
Returning_Visitor,0,0.033230536,0,1,1,0.01,1007.601348788,0
Returning_Visitor,0,0.002974455,0,2,1,0.043838169,3241.99475294,0
Returning_Visitor,0,0.051486268,0,1,1,0.050605705,2789.704543161,0
Returning_Visitor,0,0.000667113,2.589921531,,3,0.039719384,100.027504026,0
New_Visitor,0,0.043661647,0,6,2,0.02,2127.814674272,0
Returning_Visitor,0.2,0.054317654,0,2,1,0.034777118,,0
Returning_Visitor,0,0.064248959,0,1,-7,0.004899168,,0
New_Visitor,0,0.010636112,0,3,4,0.033109699,1157.842618207,0
New_Visitor,0,0.017551429,3.555701564,2,2,-0.138802925,2469.586200556,0
Returning_Visitor,0,0.001155927,0,14,-6,0,303.903420663,0
Returning_Visitor,0.4,0.068166445,0,3,3,0.006853301,987.599803388,0
Returning_Visitor,0,0.005852226,11.988069479,5,-6,0.106772575,2217.181086713,0
Returning_Visitor,0,0.050328332,0,,1,0,0.000002197,0
Returning_Visitor,0,0.067943835,0,4,3,0.2,155.331157767,0
Returning_Visitor,0,0.04322071,0,2,3,0.05,460.259461598,0
Returning_Visitor,0,0.001211072,20.385049445,2,-6,0.05,963.784976878,1
Returning_Visitor,0,0.023330471,0,1,3,0,656.517733765,0
New_Visitor,0,0.001611292,0,3,3,0.042353859,1814.619558209,0
Returning_Visitor,0,0.001655049,,2,1,0.000001286,722.491064562,0
Returning_Visitor,0,0.07026411,0,4,1,0.035440548,,0
Returning_Visitor,0,0.065555138,4.827878277,2,1,0.001232595,540.753148264,0
Returning_Visitor,0,0.068103982,0,3,1,0.01,2817.019621035,0
Returning_Visitor,0,0.176711957,0,2,4,0.02,803.649911674,0
New_Visitor,0,0.051831919,0,2,3,0.00224465,265.313152648,0
Returning_Visitor,0,0.042808549,6.687164197,1,2,0.061014556,231.34208131,0
Returning_Visitor,0,0.014117215,0,2,3,0.000009627,,0
Returning_Visitor,0,0.005140845,0,2,1,0.138104705,2633.8564705,0
Returning_Visitor,0.6,0.013341583,9.581425298,2,3,0.005349147,4572.262858865,0
Returning_Visitor,0,0.029977687,0,3,3,0.017234686,1463.117072409,0
Returning_Visitor,0,0.001507167,,2,4,0.000089363,2261.305242655,1
Returning_Visitor,0,0.041318219,8.186257519,3,1,0,788.796998814,0
New_Visitor,0,0.019473061,0,5,-7,0.001565616,162.645348216,0
Returning_Visitor,0.6,0.038300073,0,1,1,0.000161417,1657.567488508,0
Returning_Visitor,0,0.001654399,0,2,-7,0.142987351,2401.732886073,0
Returning_Visitor,0,0.141148389,0,2,1,0.016364836,2892.220710313,0
New_Visitor,0,0.02,0,2,1,0,746.75267951,0
Returning_Visitor,0.4,0.08650565,50.566806702,2,3,0,2677.87746121,1
Returning_Visitor,0,0.1,0,3,-7,0.01,1754.600710294,0
New_Visitor,0.2,0.019349422,0,1,-6,0.02,1162.852905263,0
Returning_Visitor,0,0.007999291,0,,-8,0.125725452,3809.806170509,0
New_Visitor,0,0.071950452,0,3,4,0.015901245,2176.280583413,0
Returning_Visitor,0,0.09490796,0,9,-6,0.00001315,1718.535038082,0
Returning_Visitor,0,0.102469946,0,2,1,0.002508569,747.178633761,0
Returning_Visitor,0,0.001327571,26.477211453,2,3,0.000019164,2458.844747087,0
Returning_Visitor,0,0.001197674,0,5,1,0.000175361,0.000002229,0
Returning_Visitor,0,0.104619373,12.55759287,2,2,0,0.00000223,0
New_Visitor,0,0.100911929,0,1,3,0.02,0.000002231,0
Returning_Visitor,0,0.011503106,0,3,4,0.000161823,205.974109357,0
Returning_Visitor,0,0.010816737,1.356415155,2,1,0.014354125,1472.45402508,0
Returning_Visitor,0,0.152263694,0,3,-6,0.03428108,0.000002234,0
Returning_Visitor,0,0,38.131923489,2,3,0.004098765,1336.199353826,0
Returning_Visitor,0.4,0.015016878,27.442257349,3,3,0,935.769355767,1
Returning_Visitor,0.4,0.003407398,0,1,1,0,1436.561443032,0
Returning_Visitor,0,0.321784667,0,2,1,0,215.906219715,0
Returning_Visitor,0,0.053863719,0,1,3,0,644.170033638,0
Returning_Visitor,0,0.041671112,0,3,1,0.011770717,663.77175289,0
Returning_Visitor,0,0.180107006,12.559130527,1,2,0,980.905236344,1
Returning_Visitor,0,0.001262031,0,,-8,0.000000002,3258.201315975,1
New_Visitor,0,0.055590216,0,3,1,0.000433018,278.997580603,0
Returning_Visitor,0,0.033190907,0,1,3,0.009931252,1137.637757986,0
Returning_Visitor,0.6,0.068733498,0,4,-7,0.008051258,328.369662327,0
Returning_Visitor,0,0.1,0,3,-6,0.023259755,,0
New_Visitor,0,0.054816373,0,1,-6,0.000001186,1036.042973891,0
Returning_Visitor,0,0.000257545,0,2,4,0.02773323,448.241213092,0
New_Visitor,0,0.170809721,0,3,1,0.000020096,1388.015793037,0
New_Visitor,0,0.1,0,3,2,0.000657488,1726.628670455,0
Returning_Visitor,0.2,0.025671438,0,5,-8,0.002268403,1120.999179666,0
Returning_Visitor,0.2,0.000825879,0,1,2,0.027002719,2697.339523585,0
Returning_Visitor,0.2,0.062246489,,3,2,0.167358415,147.25421693,0
Returning_Visitor,0,0.05,,2,3,0,1033.592087617,1
Returning_Visitor,0,0.034647773,0,6,1,0.002053156,7476.862150392,0
Returning_Visitor,0,0.119107797,0,2,1,0.136571477,,0
Returning_Visitor,0,0.000057231,2.636232158,4,1,0.000007061,1571.997541331,0
New_Visitor,0,0.2,0,3,2,0,1962.991974126,1
Returning_Visitor,0,0.009185906,0,2,1,1.425940097,202.188202617,0
New_Visitor,0.2,0.188105234,0,15,3,0.046668973,1200.27272332,0
Returning_Visitor,0,0.042317899,0,2,2,0.000000001,1895.729381489,1
Returning_Visitor,0.6,0.015531939,0,2,-6,0.000375378,3433.896775641,0
Returning_Visitor,0.2,0.001734283,0,3,1,0.01,1563.627312008,0
Returning_Visitor,0,0.044553701,4.536163677,4,3,0.000190742,656.478443651,0
Returning_Visitor,0,0.122864633,0,2,4,0,1118.466700192,0
New_Visitor,0,0.00013265,0,,1,0.00000062,1435.756078493,0
Returning_Visitor,0,0.010280995,0,2,1,0,158.047061103,0
Returning_Visitor,,0.069232635,0,4,-6,0.001672736,1367.849064287,0
Returning_Visitor,0.6,0.027568073,0,8,3,0.01,1715.002648488,0
Returning_Visitor,0,0.067512627,0,3,4,0.001938332,744.914712279,0
Returning_Visitor,0,0.001889192,0,19,3,0.006565411,201.876011807,0
Returning_Visitor,0.4,0.002101674,0,3,-6,0.003038828,273.62701483,0
Returning_Visitor,0,0.077467447,0,2,1,0.0121041,138.76660079,0
Returning_Visitor,0,0.038202057,20.292565126,3,3,0.000006132,1669.131489524,1
Returning_Visitor,0,0.026167265,32.705622377,,-7,0.006074739,112.852543563,0
Returning_Visitor,0,0.001638515,0,4,4,0,0.000002276,0
New_Visitor,0.2,0.184097883,0,2,3,0.1,1099.170501829,0
Returning_Visitor,0,0.009736734,0,2,2,0.019711276,547.970656891,0
New_Visitor,0,0.02,0,3,-8,0.000007705,,0
Returning_Visitor,0,0.1,1.288103614,4,-5,0.02,639.449105356,0
New_Visitor,0,0.063967045,0,4,1,0.095999687,1007.852706144,0
Returning_Visitor,0,0.211092031,0,3,1,0.01,181.564066902,0
Returning_Visitor,0,0.001386067,0,1,2,0.016417971,581.500082093,0
New_Visitor,0,0.006536188,0,1,4,1.062832505,0.000002284,0
Returning_Visitor,0,0.000866418,0,2,3,0.004154948,602.435356625,0
Returning_Visitor,0,0.192716503,,4,1,0,233.3986261,1
Returning_Visitor,0,0.00003343,0,2,1,0.000001285,195.861554715,0
New_Visitor,0,0.025447741,0,9,3,0.001002285,,0
New_Visitor,0,0.090869453,0,8,1,0,456.175164658,0
Returning_Visitor,0,0.2,0,2,1,0.001133242,445.037425625,0
New_Visitor,0.2,0.05,,3,-7,0.10283342,0.000002291,0
New_Visitor,0,0.000000617,12.864111919,1,-6,0.000000608,4962.141065012,1
Returning_Visitor,0.6,0.115144558,0,3,-6,0.004950553,805.497329726,0
Returning_Visitor,0,0.018894967,4.729688725,1,2,0.006895588,695.730263904,0
Returning_Visitor,0,0.2,,7,1,0.026159392,144.557906604,0
New_Visitor,0,0.137288583,6.507816976,1,1,0.012062747,480.428214619,0
Returning_Visitor,0.2,0.092491581,0,5,4,0.02,2508.554678004,0
Returning_Visitor,0,0.001003951,0,1,1,0.000890928,145.629871859,0
Returning_Visitor,0,0.001791165,0,,2,0.00627956,101.287371884,0
Returning_Visitor,0,0.000000635,56.53863832,2,2,0,5830.746366305,1
Returning_Visitor,0,0.101201603,0,3,1,0.003878482,947.369037793,0
Returning_Visitor,0,0.218156734,0,2,1,0.073017321,1333.329328136,0
Returning_Visitor,0,0.00637425,0,10,1,0.013534833,1517.585131791,0
Returning_Visitor,,0.00000459,0,2,4,0.000138426,337.672072895,1
Returning_Visitor,0,0.073862391,0,6,4,0.01,3228.609449805,0
Returning_Visitor,0,0.007748184,0,4,1,0.115948608,0.000002306,0
Returning_Visitor,,0.002537718,0,5,1,0.017605503,0.000002307,0
Returning_Visitor,0,0.004391336,13.807821061,3,3,0,,1
Returning_Visitor,0,0.025548057,,3,4,0.133704684,242.481925356,0
Returning_Visitor,0.2,0.082714648,0,12,3,0.01,1300.427926412,0
,0,0.07531698,,1,1,0.000434055,276.375723708,0
,0,0.082971115,10.510076801,3,1,0.000536559,2441.870658881,0
Returning_Visitor,0,0,8.851523851,1,1,0.000000711,570.316800279,0
Returning_Visitor,0,,88.782418188,4,4,0,2347.742534702,1
Returning_Visitor,0,0.002462751,0,3,1,0.000023778,0.000002315,0
New_Visitor,0,0.018055212,0,2,-8,0.000000808,3360.972853071,0
Returning_Visitor,0,0.048801589,0,1,3,0,841.98360314,0
Returning_Visitor,0,0.168840301,0,1,3,0.081583686,1022.393032855,0
New_Visitor,0,0.05,,13,3,0,2555.042418384,1
,,0.335749003,0,2,1,0,1549.520995067,0
,0,0.004442377,0,1,1,0.066130514,210.470680843,0
New_Visitor,0,0.006864188,0,3,4,0.01,1090.567532774,0
Returning_Visitor,0,0.053208177,0,3,-6,0.133904712,59.093035239,0
Returning_Visitor,0,0.006590833,0,1,3,0.105497532,0.000002324,0
Returning_Visitor,0,0.001345369,,3,1,0.007846093,369.045160451,0
Returning_Visitor,0.4,0.000000001,13.821602164,5,1,0,1010.653588218,1
Returning_Visitor,0,0.015142513,0,3,1,0,1982.553653994,0
Returning_Visitor,0,,0,3,4,0.02,745.060905809,0
Returning_Visitor,0,0.010949683,0,2,1,-0.019958313,746.463652474,0
Returning_Visitor,,0.020929182,0,4,1,0.02,1725.278189366,0
Returning_Visitor,0,0.0009062,3.662061399,,4,0.006123005,850.366291358,0
New_Visitor,0,0.002889834,0,1,1,0.005142657,550.944625385,0
Returning_Visitor,0,0.104766205,0,2,3,0.041674126,565.342804733,0
Returning_Visitor,0,0.039263829,0,1,1,0.009618499,663.678183906,0
New_Visitor,0,0.01,0,6,-8,0.076486205,3458.230127617,0
Returning_Visitor,0,0.001857215,0,4,4,0.057307145,0.000002336,0
Returning_Visitor,0,0.000238667,9.286171983,1,1,0.040260415,,0
Returning_Visitor,0,0.003440178,0,,1,0.005793032,1076.117954349,0
Returning_Visitor,0.2,0.120907011,0,1,1,0.000006279,1767.099387828,0
Returning_Visitor,0,0.157122936,0,6,2,0.1,1047.380694454,0
Returning_Visitor,0,0.021743829,0,8,3,0.000000645,4106.753999659,1
Returning_Visitor,0,0.193772999,0,3,1,0.003491007,1134.180571642,0
Returning_Visitor,0.4,0.007200216,2.637960949,5,1,0.010475413,2062.884228487,0
,0,0.033098548,50.373483248,1,2,0,1194.310801112,1
New_Visitor,0,0.038152766,0,3,1,0.02,2331.179781074,0
New_Visitor,0,0.060416643,24.894222711,5,2,0.05380993,833.050470863,0
Returning_Visitor,0,0.098676093,0,1,1,0.00027689,494.531815569,0
Returning_Visitor,,0.005550686,22.681665017,2,2,0,2037.347794938,1
Returning_Visitor,0.6,0.012899086,,2,1,0.1,715.259615576,0
New_Visitor,0,0.037255597,13.764566364,9,1,0,462.900625014,0
Returning_Visitor,,0.18938191,0,2,1,0.02,720.627785127,0
Returning_Visitor,0,0.054750134,0,,-7,0.001558146,,0
Returning_Visitor,0,0,0,6,2,0.000005804,957.523061904,0
New_Visitor,0,0.000000609,34.27733863,3,3,0.002458898,3418.723768089,0
Returning_Visitor,0,0.007551454,0,1,3,0,653.131336985,0
Returning_Visitor,0,0.019755571,0,4,4,0.003868458,431.532549546,0
Returning_Visitor,0,0.011436023,0,4,3,0.001288678,722.557987202,0
Returning_Visitor,,0,0,5,1,0.020768986,2260.585873948,0
Returning_Visitor,0,,0,1,2,0.019406112,1838.725375977,0
Returning_Visitor,0,0.17772418,4.274049237,4,1,0,572.685095057,0
Returning_Visitor,1,0.055696132,0,3,-7,0.000906547,1408.984948163,0
Returning_Visitor,0,0.016174431,0,1,1,0,494.247338183,1
Returning_Visitor,0.4,0.077927214,0,2,4,0.02,0.000002363,0
Returning_Visitor,0,0.038773716,,4,1,0.05440308,603.438153597,0
Returning_Visitor,0,0.02,0,3,1,0.051073411,1449.981225525,0
,0,0.010309701,0,2,1,0.00264284,966.014889843,0
Returning_Visitor,0,0.000532157,0,6,1,0.00001935,2413.713720794,0
New_Visitor,0,,6.460779379,2,1,0.023966479,1741.941738018,0
Returning_Visitor,0,0.05172376,12.416726122,1,-9,0.00460104,1465.823305352,0
Returning_Visitor,0,,0,5,1,0.004941264,0.00000237,0
New_Visitor,0,0.000067788,0,3,1,0.000003398,1344.173583298,0
Returning_Visitor,0,0,0,1,-8,0.000734673,409.991880856,0
Returning_Visitor,0.2,0.144901752,0,1,3,0.000097693,146.438070386,0
New_Visitor,0,0.202444519,0,2,3,0.000061435,1470.879416282,1
New_Visitor,0,0.01897843,0,9,2,0.000017787,1699.960257035,0
New_Visitor,0,0.053658284,0,4,1,0.000418551,1190.377415585,0
New_Visitor,0,0.04949777,0,2,1,0.000000325,1220.07987126,0
New_Visitor,0,0.188412648,0,1,1,0.043587935,1936.626914957,0
Returning_Visitor,0,0.005034117,0,2,1,0.02,0.000002379,0
Returning_Visitor,0,0.042433776,0,6,3,0.01,1015.537250425,0
Returning_Visitor,0,0.012391957,0,,1,1.356703909,25.682013652,0
Returning_Visitor,0,0.287138125,0,2,3,0.022179707,1995.897349215,0
Returning_Visitor,0,0.182087121,0,9,1,0.000000397,1579.630718125,0
Returning_Visitor,0,0.372030464,13.207636632,1,-8,0.00001725,784.57185903,0
Returning_Visitor,0,0.064374229,0,3,1,0.1,979.080611002,0
Returning_Visitor,0,0.090488173,0,1,-6,0.000482886,1224.822196615,0
Returning_Visitor,0,0.003573502,0,1,1,0,963.908357624,0
New_Visitor,0,0.001167852,0,5,1,0.001911294,2110.969376084,1
Returning_Visitor,0,0.01,0,4,3,0.016578602,923.558526276,0
Returning_Visitor,0.2,0.006797338,0,18,1,0.000111946,2224.35875221,0
Returning_Visitor,0,0.023380034,0,,4,0.001609145,1036.622167844,0
Returning_Visitor,0,0.034725421,,2,3,0.000000647,2017.811063,1
Returning_Visitor,0,0.012031727,11.565586663,2,3,0,826.539695718,0
Returning_Visitor,0,0.010267155,0,8,3,0.000002273,357.151678637,0
New_Visitor,0,0.048884301,0,1,2,0.001122433,422.880666328,0
New_Visitor,0,0.2,0,3,1,0.02,601.073114063,0
Returning_Visitor,0,0.000226875,0,1,3,0,1280.19994116,1
Other,0,0.113477395,,2,2,0.028740139,142.243057797,0
New_Visitor,0,0.023607452,0,2,3,0,326.334594169,0
Returning_Visitor,0.2,0.016086373,0,4,-8,0.001448356,2359.656367052,0
New_Visitor,0,0.00004319,15.767035083,9,4,0,306.525773125,1
Returning_Visitor,,0.019898602,0,2,1,0.027730832,786.814376057,0
Returning_Visitor,0,0.121787545,,3,1,0.000076343,907.616889974,0
Returning_Visitor,0.4,0.098076405,0,13,3,0.000234051,277.350399903,0
Returning_Visitor,0,0.000244327,0,11,3,0.01,788.709910512,0
Returning_Visitor,0.6,0.039030964,0,1,3,0,210.06607793,0
New_Visitor,0,0.00166724,0,3,1,0.000390917,,0
New_Visitor,0,0.000014434,9.707737861,1,2,0.000000176,788.085086621,1
New_Visitor,0,0.174144487,0,11,2,0.010315702,1152.631140746,0
Returning_Visitor,0,0.000042265,0,2,1,0.01,2171.304446743,1
Returning_Visitor,0,0.000423553,39.704276108,2,1,0.000000001,982.679456772,1
Returning_Visitor,0.4,0.006423356,0,3,1,0.005259108,437.727919774,0
Returning_Visitor,0,0.014823144,196.58814437,3,1,0,2502.669768631,1
Returning_Visitor,0,0.0257472,0,6,2,0.02,735.970305639,0
New_Visitor,0,0.2,6.166902947,1,1,0.002753091,1022.470513378,0
Returning_Visitor,0,0.015557776,,2,3,0.002027376,225.963228391,0
Returning_Visitor,0,0.051156569,0,3,3,0.016498975,849.577345049,0
Returning_Visitor,0.6,0.027672056,0,1,-7,0.00033227,576.088729382,0
New_Visitor,0,0.010494325,0,4,3,0.000014508,955.037387415,0
Returning_Visitor,,0.067624964,,4,1,0.033793616,680.144989511,0
Returning_Visitor,0.4,0.014957111,0,3,1,0.005845094,0.000002421,0
Returning_Visitor,,0.03335329,0,4,4,0,565.20459155,1
Returning_Visitor,0,0.002708325,0,2,1,0.013451794,778.966275941,0
New_Visitor,0,,0,7,-5,0.01,1807.538217399,0
Returning_Visitor,0,0.002684122,148.168727937,2,-9,0.00000005,1703.803515916,1
Returning_Visitor,0.4,0.00342208,0,3,1,0.000124938,432.242326495,0
New_Visitor,0,0.004378722,19.614544545,,3,0.000000023,1281.833268728,0
Returning_Visitor,0,0.014824593,0,1,1,0,0.000002428,0
New_Visitor,0,0.05,0,7,1,0.000017665,1129.250313373,0
Returning_Visitor,0,0.047974797,0,3,-8,0.02,553.595158642,0
New_Visitor,0,0.000013255,81.805166652,4,1,0.000001276,0.000002431,1
Returning_Visitor,0.8,0.005245257,0,2,3,0.2,491.355541712,0
Returning_Visitor,0,,3.111151706,7,1,0.000212811,3356.976403325,0
Returning_Visitor,0,0.009881174,0,1,1,0.000022149,1944.459120093,0
Returning_Visitor,0,0.158887186,0,2,-6,0.018105762,0.000002435,0
Returning_Visitor,0,0.019094457,0,3,4,0.0000002,2431.914946744,0
Returning_Visitor,0,0.007109049,6.189808297,1,3,0.003934353,393.489467184,0
Returning_Visitor,0,0.00065612,0,6,4,1.10997758,151.12643155,0
New_Visitor,0,0.002445975,0,2,-6,0.005657358,,0
Returning_Visitor,0,0.000384643,0,2,-6,0,703.888000682,0
Returning_Visitor,0,0.000000004,0,3,1,0.000000283,995.737770104,1
Returning_Visitor,0.4,0.01546882,0,1,1,0.01010439,814.817825049,0
Returning_Visitor,0.4,0.080549861,0,12,1,0.035880158,1295.647422891,0
New_Visitor,0,0.001700227,3.98838857,14,1,0.000010873,,0
,0,0.00364922,0,7,4,0.000000001,772.045624468,0
Returning_Visitor,0,0.008061083,0,3,2,0,172.883572307,0
Returning_Visitor,0.6,0.011593508,0,7,1,0.010607347,724.587700626,0
Returning_Visitor,0.8,0.073688184,0,4,2,0,0.000002448,0
Returning_Visitor,0,0.002615315,0,5,1,0.006583367,1373.597092772,0
,,0.009167533,0,2,-6,0.00000009,0.00000245,0
Returning_Visitor,0,0.000062857,0,19,1,0,2661.326720131,1
Returning_Visitor,0,0.054746399,0,2,1,0.049153507,,0
New_Visitor,0,0.055943542,,2,1,0.000008717,,0
New_Visitor,0,0.082488853,0,1,2,0,,0
New_Visitor,0,0.05,0,3,-7,0.000237573,376.243165756,0
Returning_Visitor,0,0.24364004,0,1,3,0.066602172,761.835785272,0
Returning_Visitor,0,0.037686259,0,1,3,0,2125.075480506,0
Returning_Visitor,0,0.005107587,0,3,1,0,2554.65865612,1
Returning_Visitor,0,0.019283381,0,,3,0.007169358,3320.06339819,0
Returning_Visitor,0,0.02,5.130273081,4,3,0.000418933,761.302148651,0
New_Visitor,0,0.000676034,40.417014659,1,4,0.000738115,5565.148468965,1
Returning_Visitor,0,0.01020382,0,1,4,0.044857977,1328.312613194,0
Returning_Visitor,0,0.020056994,0,4,1,0.000283094,677.9956563,0
Returning_Visitor,0,0.000103354,13.212482641,1,1,0,1691.748806152,1
Returning_Visitor,0,0.047259451,0,2,-7,0.004731158,495.666229301,0
Returning_Visitor,0,0.281768308,,8,4,0.000050547,2180.088086985,1
Returning_Visitor,0.8,0.056611123,0,2,3,0.000007017,279.5785888,0
Returning_Visitor,,0.000786407,0,2,-8,0.002883406,904.651655394,0
Returning_Visitor,0,0.005181491,34.07077445,5,1,0,2009.31759906,1
Returning_Visitor,0,0.001031512,14.676541542,4,-8,0.000255118,211.754008184,1
Returning_Visitor,0,0.012143559,0,3,1,0,1338.90267586,1
Returning_Visitor,0,0.007476709,,3,-6,0.01,1844.091587989,0
Returning_Visitor,0,0.025720471,0,2,1,0,310.864398138,0
Returning_Visitor,0,0.2,0,3,4,0.000000332,2343.374492653,0
Returning_Visitor,0,0.040179092,0,,1,0.017862474,268.26951218,0
Returning_Visitor,0.4,0.079546396,0,9,1,0,385.647936757,0
Returning_Visitor,0,0.000146171,0,3,4,0.000002642,784.700776601,0
Returning_Visitor,0,0.02,0,2,4,0.000025358,341.796419439,0
Returning_Visitor,0,0.110912467,0,1,1,0,873.887786339,0
Returning_Visitor,0.2,0.187651002,3.877145787,10,-6,0.050130203,467.640202795,0
Returning_Visitor,0.2,0.058669838,0,5,1,0.031423119,,0
New_Visitor,0,0.006034592,,2,4,0.05,337.961877958,0
Returning_Visitor,0,,18.631318716,3,-6,0.000000877,2779.011802845,1
Returning_Visitor,0,0.046106128,,2,2,0.2,2424.931418174,0
Returning_Visitor,0,0.001917697,0,3,2,0.009520562,105.251910239,0
Returning_Visitor,0,0.116427942,0,5,-7,0.011358196,569.113068287,0
Returning_Visitor,0,0.010751913,0,11,1,0.000262396,2077.315580948,0
Returning_Visitor,0.4,,,6,1,0.003761005,353.866371272,0
Returning_Visitor,0,0.051366967,7.069750276,5,1,0,236.969690616,0
Returning_Visitor,0,0.008246666,19.998554536,2,4,0,1581.955436722,1
Returning_Visitor,0.2,0.000658862,0,2,2,0.123705394,224.177136794,0
Returning_Visitor,0.2,0.00727436,0,1,3,0.000001442,1122.185433484,0
Returning_Visitor,0,0.178807011,0,3,1,0.05,697.294325772,0
Returning_Visitor,0,0.000660342,0,3,3,0.02,2854.994615711,0
New_Visitor,0,0.007810811,0,5,1,1.232535425,374.001625516,0
Returning_Visitor,0,0.035555231,0,2,2,0.000007018,0.000002496,0
Returning_Visitor,0,0.045653004,0,8,1,0.055754739,0.000002497,0
Returning_Visitor,0,0.073627035,0,2,1,0.000087803,1102.427911485,0
Returning_Visitor,0,0.000098638,0,5,3,0.017009284,103.835465173,0
,0,,0,1,4,0.017321376,1862.173850287,0
Returning_Visitor,0,0.020820953,0,4,1,0,518.896817774,0
Returning_Visitor,0,0.025826726,0,2,1,0,195.94010223,0
Returning_Visitor,0,0.106075069,0,2,4,0.000232034,1420.011932777,0
Other,0,0.055684854,0,1,1,0.062092114,0.000002504,0
Returning_Visitor,0,,0,2,4,1.186155615,1694.870664365,0
New_Visitor,0,0.05,0,2,-6,0.02,1007.284345365,0
Returning_Visitor,0,0.015549943,10.012705723,10,3,1.202131056,731.086855276,1
New_Visitor,,0.002769221,11.231348308,2,3,0.023475353,1017.371047289,0
Returning_Visitor,0,0.001902211,15.766033759,2,3,0.101497248,905.979734819,0
Returning_Visitor,0,0.109757438,0,1,2,0.000619909,168.064239956,0
Returning_Visitor,0,0.000910557,0,2,3,0.00003027,1296.328255219,0
Returning_Visitor,0,0.050788564,0,2,3,0.008108784,509.325573013,0
Returning_Visitor,0,0.058852967,0,2,-8,0.196545097,1008.468913494,0
Returning_Visitor,0,0.034879199,0,6,1,0.001426548,493.371914732,0
Returning_Visitor,0,0.025146785,0,1,-6,0.001718282,259.174664364,0
Returning_Visitor,0,0.045344603,0,1,1,0.000001227,0.000002516,0
New_Visitor,0,0.005614841,0,3,1,0.003867936,814.897189981,0
Returning_Visitor,0,0.005308713,0,1,1,0.00976061,1119.189936074,0
Returning_Visitor,0,0.00767367,0,3,2,0,,0
Returning_Visitor,0,0.066179042,0,11,3,0.000468648,298.387286539,0
Returning_Visitor,,0.045481016,0,1,1,0.001406358,220.847890691,0
Returning_Visitor,0,0.000051473,0,4,2,0,3629.373885519,1
Returning_Visitor,0,0.056558252,0,2,-6,0,822.667196475,0
Returning_Visitor,0,0.114395667,0,11,2,0,4459.237198593,1
Returning_Visitor,0,0.2,0,2,1,0.000037379,884.620952882,0
New_Visitor,0,0.067197204,6.177127659,,1,0.01,596.068367122,0
Returning_Visitor,0,0.006663419,15.696467834,,-6,0,295.322643548,1
Returning_Visitor,0,0.008200292,0,2,1,0.003314624,2565.700580607,0
Other,0,0.017453496,0,4,2,0.012880161,0.000002529,0
Returning_Visitor,0,0.000826784,0,2,3,0,4973.797357824,1
Returning_Visitor,0,0.002760772,0,1,-8,0.053226026,492.983146004,0
Returning_Visitor,0,0.00132492,0,1,-6,0.001543664,1052.086510645,0
New_Visitor,0.4,0.022080991,,13,-7,0,0.000002533,0
New_Visitor,0,0.001197807,0,6,1,0,2804.665353411,1
Returning_Visitor,0,0.005820193,0,5,1,0.000516883,1082.705951826,0
Returning_Visitor,0,0.05,0,2,1,0.01,814.210469528,0
New_Visitor,0,0.023987445,0,1,4,1.185437995,209.545364614,0
Returning_Visitor,0,0.002506362,4.091158702,2,1,0.000021709,1622.733472893,0
New_Visitor,0,,0,,-8,0.005991082,224.910134296,0
Returning_Visitor,0,0,0,2,-7,0.000064497,1851.996810938,0
Returning_Visitor,0,0.001012399,22.175358827,2,1,0,3243.998911045,1
Returning_Visitor,,0.065307189,0,4,3,0.033397376,1482.546384092,0
New_Visitor,0,0.025119756,0,3,3,0.01,2714.968868068,0
Returning_Visitor,0,0.019796086,0,4,3,0.02,279.575801639,0
Returning_Visitor,0,0.046355556,0,3,1,0.015051302,0.000002545,0
Returning_Visitor,0,0.007831895,8.919259772,2,2,0.000045878,464.648821589,0
Returning_Visitor,0,0.051644807,0,2,1,0.000685393,0.000002547,0
Returning_Visitor,0,0.032047123,0,1,1,0.000952471,771.180773971,0
Returning_Visitor,0,0.00002111,0,4,1,0.010034237,162.638971976,0
Returning_Visitor,0.8,0.147284915,0,1,1,0.000106765,95.744568593,0
Returning_Visitor,0,0.005628345,,8,1,0.108151004,829.827171255,0
New_Visitor,0,0.079226074,0,2,3,0.003480752,2603.852788591,0
Returning_Visitor,0,0.194918759,0,1,4,0.02,1542.910581111,0
Returning_Visitor,0,0.002905592,53.34316452,8,-8,0.012969544,1512.995378512,0
Returning_Visitor,0,0.083245756,0,1,3,0.010366629,,0
Returning_Visitor,0,0.000196025,0,2,1,0,724.145898416,0
Returning_Visitor,0.4,0.106167115,0,4,2,0.051547566,3002.173485526,0
Returning_Visitor,0,0.026893984,,,4,0.023676356,177.833174022,0
Returning_Visitor,0,0.000007759,11.583414749,5,-8,0.00312945,2139.642245439,0
Other,0.2,0.085805489,0,,3,0.000000703,252.046749652,0
Returning_Visitor,0,0.003220339,0,1,-8,0.00000063,179.200287756,0
Returning_Visitor,0,0.260486566,0,3,-8,0.023419989,1375.79956023,0
Returning_Visitor,0,0.036755574,0,4,1,0,2863.182120668,1
Returning_Visitor,0.2,0.02,0,14,3,0.02,225.792167276,0
Returning_Visitor,0,0.057180834,0,1,3,0.016655152,814.868744725,0
Returning_Visitor,0.2,0.104787139,0,1,3,0,5227.250771779,0
Other,0,0.031337703,0,3,3,0,2351.686330452,0
Returning_Visitor,0,0.015572766,0,4,4,0.038503137,693.687054852,0
New_Visitor,0,0.000626906,0,1,1,0.02506378,229.432705369,0
Returning_Visitor,0,0.02485718,46.535038865,,3,0.000000074,1204.876741181,1
Returning_Visitor,0,0.006568976,0,3,3,1.465869909,3417.483366599,0
Returning_Visitor,0,0.050617787,0,2,-7,0.000064968,853.953023366,0
New_Visitor,0,0.00138595,0,2,1,0,1329.724511809,0
Returning_Visitor,0,0.132251087,0,3,3,0.000003448,861.982460157,0
New_Visitor,0,0.01862176,0,1,1,0,3839.024935602,0
New_Visitor,0,0.008730661,0,2,1,0.001783028,2320.66205171,0
Returning_Visitor,0,0.056951363,0,2,-6,0.01,360.051339913,0
New_Visitor,0,0.007562611,0,3,1,0.000605265,868.333144979,0
,0,0.048229762,0,2,-7,0.004106065,0.000002579,0
New_Visitor,0,0.1,0,7,4,0,2607.470333536,1
New_Visitor,,0.05,0,2,-6,0,1549.436908281,0
Returning_Visitor,0,0.011788016,59.427719447,2,4,0,2453.364798763,1
Returning_Visitor,0,0.002919533,,3,1,0.000150334,4321.192945741,1
Returning_Visitor,0,0.05,0,1,2,0,444.146414542,0
Returning_Visitor,0.8,0.100283781,0,4,1,0.003009712,110.808861964,0
Returning_Visitor,0,0.1,0,4,3,0.000577161,3468.592345091,1
Returning_Visitor,0,0.318013219,13.81124225,2,2,0.000000243,591.119520287,0
Returning_Visitor,0,0.2,0,7,1,0.028829544,4073.055840587,0
New_Visitor,0,0.000000052,0,,1,0,3311.855039667,1
Returning_Visitor,0,0.019293794,,3,1,0.000000029,425.241220782,0
New_Visitor,0,0.002495625,0,3,1,0.080753631,1107.718697089,0
Returning_Visitor,0.2,0.123176346,8.16738018,2,2,0.085619403,1037.152602039,0
Returning_Visitor,0,0.008895584,0,2,-7,0.000003612,602.136685862,0
Returning_Visitor,0,0.047691155,0,6,1,0.071284341,1642.950460227,0
Returning_Visitor,0,0.007319345,58.462439369,4,2,0.01,1846.831151147,1
Returning_Visitor,0,0.005271919,1.489420721,2,-7,0.018675418,1796.862403456,0
Returning_Visitor,0,0.01778358,0,3,3,1.040304612,0.000002597,0
Returning_Visitor,0,0.024915195,0,2,-6,0.001433164,1047.895378136,0
Returning_Visitor,0,0.017778406,0,6,1,0.007611026,345.287446041,0
Returning_Visitor,0,,0,2,-7,0.010947213,377.430594641,0
Returning_Visitor,0,0.017080806,0,5,-8,0,,0
Returning_Visitor,0,0.1,0,1,-7,0.009962513,1338.758036129,0
Returning_Visitor,0,0.020761083,0,2,1,0.000078342,523.887482967,0
Returning_Visitor,0,0.035311881,0,,1,0.009122841,1104.893441284,0
Returning_Visitor,0,0.2,115.289613618,2,2,0,3085.187427104,1
Returning_Visitor,0,0.000338187,0,3,1,0.016883017,221.04831624,0
Returning_Visitor,0.6,0.322280601,0,5,-8,0,1780.004982971,0
Returning_Visitor,0.6,0.000608459,1.459168934,3,-5,0.004723101,1337.25632299,0
Returning_Visitor,0.2,0.004746158,0,1,1,1.304343839,209.688885313,0
,0,0.020862467,,3,1,0,898.616518608,0
Returning_Visitor,0,0.048963323,0,5,1,0.000096745,1990.814184683,0
New_Visitor,0,0.000218889,0,3,1,0.007934478,999.303850231,0
New_Visitor,0,0.002100937,49.27752376,6,1,0.000000055,5178.132353926,1
Returning_Visitor,0,0.008609635,0,3,-5,0.000065691,2235.496996484,0
Returning_Visitor,,0.036949774,0,4,1,0,774.316415738,0
Returning_Visitor,0,0.009223792,0,14,-7,0.007120574,221.003015186,0
New_Visitor,0,0.053250101,0,2,3,0.000000034,2948.686924779,0
New_Visitor,0,0.032556068,14.950666504,2,-6,0.007280366,901.003035871,0
Returning_Visitor,0.8,0.000015363,,6,-7,0.002477257,1184.52563365,0
Returning_Visitor,0,,0,1,1,0.1,1611.426828718,0
Returning_Visitor,0,0.243090718,7.612086354,4,2,0.157967665,14.934564008,0
Returning_Visitor,0,0.119729119,0,10,1,0.000000291,1539.84294461,0
Returning_Visitor,0,0.064916094,0,2,3,0.000003786,257.655232872,0
Returning_Visitor,,0.112714226,3.286353437,2,-6,0.036159987,1333.5054945,0
Returning_Visitor,0,0.02,0,3,-6,0.120361002,4232.167467211,1
Returning_Visitor,0,0.000217778,0,7,3,0.008595314,91.625491349,0
Returning_Visitor,0,0.003400839,0,2,3,0.006762858,518.623042723,0
Returning_Visitor,0,0.00027819,0,16,-9,0.032129446,0.000002628,0
Returning_Visitor,0,0.01585323,0,1,-7,0.000000009,1225.19001349,0
Returning_Visitor,0,0.000164107,0,3,3,0.01,419.68092807,0
Returning_Visitor,0,0.001433177,0,3,1,0.003413645,2699.386975553,0
New_Visitor,0,0.110435357,15.820521078,3,2,0.012386524,388.319560519,0
Returning_Visitor,0,0.002068822,0,1,3,0.000181721,225.142741233,0
Returning_Visitor,0,0.069589354,0,4,1,0.000031819,241.69167605,0
New_Visitor,0.8,,0,7,1,0.0043439,727.861724596,0
New_Visitor,0,0.029939593,13.444124878,8,1,0.000094082,842.770934309,0
Returning_Visitor,0,0.01,0,1,2,0.05,3034.980336093,0
,0,0.01,0,6,3,0.000000243,1135.089581161,0
Returning_Visitor,0,0.000142189,31.284550496,3,-5,0,775.285612141,1
Returning_Visitor,0,0.056789759,0,1,1,0,0.00000264,0
Returning_Visitor,0,0.016350325,12.097194381,6,3,0,948.51199966,1
Returning_Visitor,0.6,0.027221202,0,2,1,0.007448181,,0
Returning_Visitor,0.2,0.05,0,2,1,0,859.801153713,0
Returning_Visitor,0,0.005747544,,,3,0.209488862,1639.241791367,0
Returning_Visitor,0,0.049926255,0,1,3,1.31042996,542.527462064,0
Returning_Visitor,0,0.161421442,0,8,-5,0.003567521,852.019689413,0
Returning_Visitor,0,0.035365828,0,1,1,0.063202192,,0
New_Visitor,0.8,0.005465209,0,5,3,0.002851332,1012.486661734,0
New_Visitor,0,0.003861992,0,5,1,0.027881249,912.897349732,0
Returning_Visitor,0,0.005169455,0,1,1,0,771.831063366,0
Other,0,0.002422812,6.696011166,,-5,0.000000404,556.46233897,0
Returning_Visitor,0,0.01824327,6.598415252,12,1,0.022944027,1770.224981711,0
Returning_Visitor,0,0.001865838,,1,-6,0.000468704,649.868352935,1
Returning_Visitor,0,0.2,,1,3,0.01,,1
New_Visitor,0,0.02895847,6.107689348,,1,0.02,595.836726989,1
Returning_Visitor,0,0.081499824,0,1,4,0,417.624083588,0
New_Visitor,0,0.013844874,0,2,1,0.011818626,0.000002657,0
Returning_Visitor,0,0.014328816,0,1,4,0.00099753,2213.251727803,0
New_Visitor,,0.2,0,11,3,0,2079.540820695,1
Returning_Visitor,0,0.001988331,7.374692651,2,-5,0.000001186,1037.842750853,0
Returning_Visitor,,0.179081403,0,2,1,0.000008065,2684.071832641,0
New_Visitor,0,0.031679371,11.786805341,2,1,0.016821933,671.276955429,0
Returning_Visitor,0,0.002954725,16.62668067,5,4,0,4252.231940245,1
New_Visitor,0,0.002365919,0,,1,0.032521792,2326.450767453,0
Returning_Visitor,0,0.00171779,0,11,3,-0.179775993,2001.268580644,0
Returning_Visitor,0,0.014885112,0,2,3,0.003890926,1216.870820808,0
Returning_Visitor,0,,0,2,-8,0.000235389,168.267134474,0
Returning_Visitor,0,0.039643689,0,3,-8,0.000206397,0.000002668,0
Returning_Visitor,0,0.114652935,0,6,1,0,675.445548877,0
Returning_Visitor,,0.018530894,0,2,1,0.000170024,94.803589192,0
Returning_Visitor,0,0.1,0,2,2,1.216945751,,0
New_Visitor,0,0.01038,0,2,3,0.000594473,1162.441280338,0
Returning_Visitor,0,0.02496147,0,2,2,0.00594803,827.705792861,0
New_Visitor,0,0.009018925,0,3,3,0.01,1845.7779988,0
Returning_Visitor,0.2,0.006050089,0,2,4,0.002142279,2026.798061177,0
Returning_Visitor,0,0.011045319,0,4,4,0.037506106,2911.889155375,0
Returning_Visitor,0.4,,0,1,1,-0.239793973,1041.796712077,0
Returning_Visitor,0,0.044647065,0,2,1,1.032050476,128.375303646,0
New_Visitor,0,0.027466115,0,2,1,0.002071683,977.177873036,0
Returning_Visitor,1,0.015783938,0,3,3,0,698.122357426,0
Returning_Visitor,0,0.046975843,0,1,-9,0.248228675,503.0358588,0
Returning_Visitor,,0.061990601,,14,3,0.052408915,548.175746729,0
Returning_Visitor,0,0.200141306,0,3,2,0.000016989,0.000002683,0
Returning_Visitor,0,0.000096409,0,14,4,0.05,12.684862836,0
Returning_Visitor,0,0.010038626,0,1,4,0.010597469,,0
Returning_Visitor,0,0.021493549,,2,1,0.002998034,1178.389400654,0
Returning_Visitor,0,0.00001085,82.305556785,8,1,0.000159336,5400.706995602,1
Returning_Visitor,0,0.044586014,0,4,-7,0.023257933,613.956778687,0
,0,0.01,0,,1,0.01,2789.648047918,0
New_Visitor,0,0.039667513,0,,-8,0,473.374816778,0
Returning_Visitor,0,0.01219524,4.426761364,2,1,0.000215909,552.799856391,0
Returning_Visitor,0,0.017465524,0,4,-8,0,1387.080161359,0
Returning_Visitor,0,0.028060574,0,5,3,0.1,2322.695557968,0
Returning_Visitor,0.8,0.033228928,0,2,1,0.003104917,45.497634089,0
Returning_Visitor,0,0.000187369,0,6,1,0,2139.751743632,1
Returning_Visitor,0,0.01,0,1,1,0.094483328,1222.814590017,0
Returning_Visitor,0,0.002345802,0,3,-7,0.02,262.717415133,0
Returning_Visitor,0,0.035616901,0,1,1,0.076316162,712.152244491,0
Returning_Visitor,0,0.140725474,0,2,1,0.000002462,1295.295158253,0
Returning_Visitor,0,0.004195067,0,8,3,0.000819984,2064.105867428,0
Returning_Visitor,0,0.028028762,0,4,1,0.002364966,0.000002701,0
New_Visitor,0,0.000648659,0,8,3,0.001843854,1311.301183775,0
Returning_Visitor,0,0.00160739,17.850163307,1,1,0.000462403,243.938194118,0
Returning_Visitor,0,0.05875534,0,9,1,0.02360897,177.721413245,0
Returning_Visitor,0,0.152482258,0,2,4,0.001218802,1268.239877312,0
Returning_Visitor,0,0.035269156,24.101609856,5,2,0,1852.920704385,1
New_Visitor,0,0.064612193,0,7,1,0.013129646,840.403497922,0
New_Visitor,0,0.171821346,0,,1,0.00012996,1703.687363873,0
New_Visitor,0,0.047415495,0,2,2,0.006732291,27.186643864,0
New_Visitor,0,0.119762902,0,2,-7,0,,0
Returning_Visitor,0,0.046040911,,2,1,0.044683884,904.603772977,0
New_Visitor,0.8,0.078716987,0,3,3,0.013923185,2409.229846264,0
New_Visitor,0.2,0.062722198,0,1,3,0.05412231,,0
,0,0.000774639,0,5,-7,0.001209753,1457.416873741,0
Returning_Visitor,0.2,0.161105597,0,6,4,0.000000017,685.59305732,1
,0,0.038009327,43.438554109,6,4,0.014260454,2544.023548124,0
Returning_Visitor,0,0.113845601,0,5,3,0,614.329000856,0
Returning_Visitor,,0.157916011,0,2,1,0.05,1004.486562131,0
Returning_Visitor,0.4,0.041875084,0,2,4,0.000036467,1850.504061253,0
New_Visitor,0,0.000708059,39.041175088,11,-7,0.000000482,2343.872804571,1
Returning_Visitor,0,0.138442982,24.957967962,9,1,0,3898.529956044,1
Returning_Visitor,0.4,0.000297025,0,7,1,0,469.581057114,0
Returning_Visitor,0.8,,6.967185495,,-5,0,5836.991180763,1
Returning_Visitor,0,0.02,0,4,1,0.000000039,4924.543710194,1
New_Visitor,0,0.017353819,0,1,1,0.030150938,880.521129404,0
Returning_Visitor,0,0.074235828,0,2,1,0.05,2177.314739737,0
Returning_Visitor,0.4,0.044795866,22.343982697,8,3,0.021568022,560.658674246,0
Returning_Visitor,0,0.10974418,0,2,3,0.000675299,3216.536442849,0
Returning_Visitor,0.6,0.000516057,0,2,3,0.011973833,955.548673778,0
Returning_Visitor,0,0.015818214,0,3,2,0,5525.326791208,0
Returning_Visitor,0,0.123743161,0,,1,0.05,1882.947162099,0
Returning_Visitor,0,0.009151941,0,1,4,0.070154531,1689.20799087,0
New_Visitor,0.4,0.04249402,0,1,2,0.008730242,692.036141686,0
New_Visitor,,0.019322985,0,2,4,0.000101404,234.386457368,0
Returning_Visitor,0.2,0.2,0,3,-6,0.05,574.556307446,0
New_Visitor,0,0.1,0,1,1,0.01,743.495553207,0
Other,0.4,0.085665219,11.335993351,3,1,0.000235397,772.617048992,0
Returning_Visitor,0,0.05586336,0,2,1,0.01770379,1141.90475036,0
Returning_Visitor,0,0.005151409,0,3,1,0.000008499,1478.471729116,0
Returning_Visitor,0,0.055167969,0,3,4,0.02,871.829047695,0
Returning_Visitor,0,0.125850089,15.406536232,2,4,0,987.725784862,1
Returning_Visitor,0,0.000020554,63.214260406,8,2,0,1428.242566971,1
Returning_Visitor,0,0.274834588,0,1,-6,0,1829.225205746,1
Returning_Visitor,0.2,0.000542771,0,1,1,0.000000019,,0
Returning_Visitor,0,0.000858292,13.091299323,3,-7,0.05,481.499505771,0
New_Visitor,0,0.028302537,0,2,-8,0,435.849329647,0
Returning_Visitor,,0.054739046,0,1,-5,0.01,,0
Returning_Visitor,0,0.19181108,0,5,3,0,0.000002748,0
Returning_Visitor,0,0.017453729,0,4,-7,0.000298273,1564.222485379,0
New_Visitor,0,0.00153804,0,1,1,0.002337223,0.00000275,0
Returning_Visitor,0,0.040990414,0,3,3,0.000041619,1649.46953836,0
Returning_Visitor,,0.007547281,,3,3,0.001042581,0.000002752,0
New_Visitor,0,0.169270101,0,4,-6,0.045488261,539.995066264,0
Returning_Visitor,0,0.033750922,12.627871628,5,3,0.000000014,4012.11373689,0
Returning_Visitor,0,0.033236738,0,1,-6,0.021445816,3406.370737485,0
Returning_Visitor,0,0.006458343,0,14,1,0,1187.995286565,0
Returning_Visitor,0,0.218260455,0,13,-5,0.001578177,,0
Returning_Visitor,0.4,,10.853891825,8,-9,0.000463144,323.8479047,0
Returning_Visitor,0,0.050897283,9.029216565,3,4,0.005155116,325.684237548,0
Returning_Visitor,0,0.040468341,0,2,1,0.019165145,703.743854156,0
New_Visitor,0,0.000279414,28.508254416,3,3,0,3563.909321696,1
Returning_Visitor,0,0.011779382,0,16,1,0.013159426,1308.529119625,0
Returning_Visitor,,0.023964492,4.317816571,2,3,0.003466344,2589.249994429,0
Returning_Visitor,0.2,0.004628409,0,3,1,0.1,508.712507757,0
Returning_Visitor,0,0.031181934,0,2,1,0.011051523,3274.73237938,0
Returning_Visitor,0,0.1,0,4,1,0.000052534,0.000002766,0
,0,0.004697509,0,2,1,0.048369487,308.809354963,0
New_Visitor,0,0.026315253,0,3,3,0.025635557,5798.353756811,0
Returning_Visitor,0,0.000039603,0,7,-6,0.105333544,735.224032632,0
Returning_Visitor,0,0.000411459,0,4,3,0.001906388,1380.519461177,0
Returning_Visitor,0,0.005754029,0,1,1,0,585.496203429,0
New_Visitor,0,0.016424948,0,1,1,0.000000829,287.233120404,0
Returning_Visitor,0,0.000011157,34.304283284,4,2,0,1090.137764763,1
Returning_Visitor,0,0.175360562,0,1,2,0.01,718.784039978,0
Returning_Visitor,0,0.000791162,0,3,1,0.002224106,1990.258743981,1
New_Visitor,0.4,0.045641831,0,2,1,0.014917281,381.575985582,0
New_Visitor,0.8,0.031465573,0,3,4,0.057536721,656.836013875,0
Returning_Visitor,0.6,0.05785791,0,2,3,0.000735895,2329.109817257,0
Returning_Visitor,0.2,0.129437929,0,2,3,0.051561677,1296.824884573,0
Returning_Visitor,0,0.1,0,1,4,1.42350424,2335.261594657,0
Returning_Visitor,0,0.162018048,0,3,1,0.013428445,2637.610057317,0
New_Visitor,0,0.016242296,0,2,4,0.005721138,794.926045989,0
Returning_Visitor,0,0.075285009,0,2,3,0.03196639,3565.679142774,0
Returning_Visitor,0,0.014774232,0,4,3,0.000158225,166.469701547,0
Returning_Visitor,0,0.066574864,0,2,1,0,,0
New_Visitor,0,0.12724992,0,1,3,0,1551.793791194,0
Returning_Visitor,0,0.099913533,20.528082984,5,2,0.021348753,1216.630274667,0
Returning_Visitor,0.6,0.026708844,0,2,1,-0.198872832,3082.889776264,0
New_Visitor,0,0.004116234,0,2,1,0.01,1903.770655108,0
Returning_Visitor,0,0.188571658,0,3,1,0.000253756,2628.791864601,0
New_Visitor,,0.021594513,10.95186941,5,2,0,0.000002791,0
New_Visitor,0.2,0.005322643,0,2,3,0.019172548,3058.200173672,0
Returning_Visitor,0.2,0.171016833,0,1,3,0.000014315,2517.220208829,0
Returning_Visitor,0,0,0,1,2,0.002347213,890.662624592,0
Returning_Visitor,0.8,0.000820919,0,,2,0.030176331,1899.359554009,0
New_Visitor,0,0.002536178,0,3,3,0.087690198,5012.512528673,0
Returning_Visitor,0,0.000013359,0,1,1,0.053268887,853.176325637,0
Returning_Visitor,0,0.017553543,0,6,1,0.110809576,1320.841409113,0
Returning_Visitor,0.2,0.01066911,0,6,-7,0.00000094,900.536114813,0
Returning_Visitor,0,0.08843646,0,5,-8,0.2,2857.389770285,0
Returning_Visitor,,0.2,0,2,-8,0.033764817,90.203026627,0
Returning_Visitor,0,0.235663523,0,3,-7,0.007529275,1049.015575928,0
Returning_Visitor,0.6,0.02838329,0,4,3,0.02,180.184825734,0
Returning_Visitor,0,0.022201147,0,2,-5,0.047454633,697.319741443,0
Returning_Visitor,0,,0,2,-6,0.005440293,798.074099462,0
Returning_Visitor,0,0.001169298,4.066036524,,3,0.113231119,1241.808759318,0
Returning_Visitor,0,0.00313213,0,2,1,0.22841825,1307.663698601,0
Returning_Visitor,0,0.088222422,9.540927608,4,3,0,1584.735870332,1
New_Visitor,0.2,0.2,0,10,1,0.006845738,92.102563767,0
Returning_Visitor,0,0.015848679,0,11,4,0.181595968,,0
Returning_Visitor,0,0.033657682,17.561613851,4,3,0.004640249,552.512275969,0
Returning_Visitor,0,0.032826513,0,2,1,0.003881011,838.399328934,0
Returning_Visitor,0,0.025885926,0,3,1,0.000126794,988.723675934,0
,0.2,0.000664558,76.020151127,2,4,0,,1
Returning_Visitor,,0.020723473,1.018821719,3,1,0,4339.338084357,1
New_Visitor,0.2,0.010339946,11.66755056,5,1,0,643.764814974,0
Returning_Visitor,0,0.2,0,3,-6,0.01305162,4603.346888208,0
Returning_Visitor,0,0.000061825,0,,1,0.05,988.957530893,0
Returning_Visitor,0,0.10046358,0,3,-7,0.011076349,,0
New_Visitor,0.2,0.02295894,0,2,3,0.000033256,1193.509445557,0
Returning_Visitor,0,0.090329191,0,14,2,0.000000786,713.380000116,0
Returning_Visitor,0,0.164445483,0,7,1,0.021889507,916.84907287,0
Returning_Visitor,0,0.061492635,0,1,1,0,286.062765912,0
Returning_Visitor,0,0.001317951,61.505657812,14,4,0,1161.732458842,1
Returning_Visitor,1,0.045213532,,3,-7,0,665.184018507,0
New_Visitor,0.6,0.02,140.376174872,14,-7,0,484.724016423,0
Returning_Visitor,,0.000323331,,13,1,0.001824988,675.083108756,1
New_Visitor,0,0.052287315,0,1,4,0.01,76.545541071,0
New_Visitor,,0.02,17.46583336,3,3,0,,0
New_Visitor,0,0.000619733,9.383178326,6,2,0.126667898,,0
Returning_Visitor,0,0.000895687,0,5,-6,0.015021572,587.307725701,1
Returning_Visitor,0,0.004504013,0,2,1,0,4526.861173974,1
Returning_Visitor,0.4,0,,1,1,0.000001381,1377.280094546,0
Returning_Visitor,0.2,0.010758827,0,2,1,0.000776042,344.219575591,0
Returning_Visitor,0,0.1,0,,1,0.02,0.000002835,0
Returning_Visitor,0,,0,3,-6,0.024969228,386.293886248,0
Returning_Visitor,0.6,0.002549623,0,4,1,0.001522832,,0
Returning_Visitor,0,0.2,0,1,1,0.000004322,0.000002838,0
Returning_Visitor,0,0.02,17.780607187,,4,0,1485.08434608,1
New_Visitor,0,0.07084769,0,6,1,0.000657228,1346.382169212,0
,0,0.073034098,0,15,1,0.000380747,0.000002841,0
Returning_Visitor,0,0.002505209,0,1,1,0.008069478,2305.033922151,0
New_Visitor,0,0.022567396,90.214041332,2,4,0.039419528,361.457177578,0
Returning_Visitor,,0.003204272,0,2,-8,0.014036613,1286.083572296,0
Returning_Visitor,0,0.027579859,10.376639241,11,1,0.000000691,415.368418954,0
Returning_Visitor,0,0.057359569,0,2,1,0.026430791,428.888375523,0
Returning_Visitor,0,0.05,0,6,1,0.129867468,1237.847895009,0
Returning_Visitor,0,0.031604312,0,2,-8,0.000136328,3539.610232217,0
Returning_Visitor,0,0.004192611,0,2,1,0.02,1423.118547588,0
Returning_Visitor,0,0.004398499,0,2,1,0,536.201681472,0
Returning_Visitor,0.2,0.17349563,0,1,-7,0.169837482,,0
Returning_Visitor,0,0.05,85.653715455,4,-6,0,967.526005332,1
Returning_Visitor,0,0,0,6,1,0.002771289,,0
,0,0.000392519,0,,3,0.036957988,,0
Returning_Visitor,0,0.029126062,0,,1,0.000290868,737.161360431,0
Returning_Visitor,0.4,0.005812542,0,2,1,0,2653.076623345,0
Returning_Visitor,,0.092827898,0,12,4,0.007681724,658.872462791,0
Returning_Visitor,0,0.000078,0,4,-8,0,992.772938523,1
Returning_Visitor,0,,0,2,3,0,1051.302308239,0
,0,0.022192443,,1,3,0.000008858,1463.426317592,0
Returning_Visitor,0.2,0,344.357032274,,-6,0,802.216362291,1
Other,0,,0,2,3,0.000320034,3452.213089408,0
Returning_Visitor,0,0.110094021,0,3,3,0.002481867,1073.079090778,0
Returning_Visitor,0,0.032892567,0,2,-8,0.000048558,66.552770241,0
Returning_Visitor,0.2,0.061638036,2.117394403,2,-7,0.056689402,869.334616442,0
Other,0,0.080161035,0,2,1,0.00034752,1017.228253858,0
Returning_Visitor,0,0.024081382,0,1,1,0,3162.281266396,0
New_Visitor,0,0.2,25.447571077,2,3,0,128.963940799,1
Returning_Visitor,0,0.189475404,0,1,4,0.05,0.000002869,0
Returning_Visitor,0,0.096436966,0,5,1,0.000212454,333.574456888,0
Returning_Visitor,0,0.003863261,0,4,3,1.367444124,612.677318524,0
Returning_Visitor,,0.117453154,12.379569012,3,1,0.05,454.223131407,0
Returning_Visitor,0,0.003162326,0,2,1,0.022307354,2197.467250413,0
Returning_Visitor,0,0.004001353,0,1,1,0.1,1233.055922365,0
New_Visitor,0.4,0.025270188,5.518110074,,3,0,174.186934713,0
New_Visitor,0,0.000820143,,3,3,0.000000007,2600.216155491,1
Returning_Visitor,0,0.033109109,0,12,1,0.03905649,445.888183906,0
Returning_Visitor,0.4,0.008506822,2.444838097,2,1,0.01,490.84776224,0
Returning_Visitor,0,,3.221100832,5,1,0.01,1396.202370496,0
New_Visitor,0,0.001316769,0,2,1,0.388810107,372.769942052,0
New_Visitor,0.6,0.01020782,0,2,-8,0,1076.927494752,0
Returning_Visitor,0,0.201364303,6.825480815,3,2,0.006812506,1177.852564112,0
Returning_Visitor,0,0.142855525,0,1,2,0.002187272,263.287935304,0
Returning_Visitor,0,0.01395123,11.304063532,1,-5,0.185890712,592.373117581,0
New_Visitor,0.2,0.140403891,0,6,4,0.01,1753.577604737,0
Returning_Visitor,0,0.040137284,0,2,3,0.000244508,1308.620310164,0
New_Visitor,0,0.038304457,0,1,3,-0.135770287,856.004285663,0
Returning_Visitor,0,0.033617584,0,17,1,0,2283.452492894,1
Returning_Visitor,0,0.012033735,,12,1,0,2248.865331304,0
Returning_Visitor,0,0.026623174,0,2,1,0,0.00000289,0
Returning_Visitor,0,0.041672574,0,2,1,0.044568699,282.85651599,0
New_Visitor,0,0.014060189,0,11,-7,0.000067306,291.774994007,0
Returning_Visitor,0,0.092628552,0,2,1,0.037239677,491.934156567,0
Returning_Visitor,0.8,0.043700201,0,2,1,0.02,1695.359361886,0
,0,0.187770978,0,1,3,0.027330346,458.638274657,0
Returning_Visitor,0,0.225779716,0,2,4,0.002661849,956.018759487,0
Returning_Visitor,0.8,0.022651154,0,4,1,0.103555186,308.226273978,0
Returning_Visitor,0,0.013258273,5.843655468,1,3,0,1762.761628266,1
Returning_Visitor,0,0.022893656,0,1,1,0.02,1543.135445629,0
New_Visitor,0,0.2,0,4,3,0.000180415,,1
Returning_Visitor,0,0.018842833,0,2,3,0.012772606,3504.424721648,0
Returning_Visitor,0,0.000452989,0,3,2,0.02,2816.123568497,0
Returning_Visitor,1,0.001882219,0,1,-6,0.063258463,713.053547345,0
Returning_Visitor,0,0.010429663,0,3,-8,0.057742902,561.304681554,0
Other,0,0.047501931,9.37513328,9,-5,0.049654723,0.000002905,0
,0,0.004687138,0,2,4,0.02,83.09975158,0
Returning_Visitor,0,0.010022864,14.99767391,5,1,0.001764139,298.50553071,0
New_Visitor,0,0.051432995,0,9,3,0,3813.789969065,0
Returning_Visitor,0,0.083785937,0,2,3,0,90.581130305,0
Returning_Visitor,0,0.078052211,0,1,1,0,242.701444219,0
Returning_Visitor,0.8,,0,2,1,0.028399189,1029.033425022,0
,0,,0,1,1,0.2,180.139501844,0
Returning_Visitor,0,0.000349825,46.639653989,2,-6,0,1124.432378716,1
Returning_Visitor,0,0.000057658,79.085925422,3,1,0.000000001,2748.565586042,1
Returning_Visitor,0.4,0.1,0,1,-8,0.029036291,1034.40954007,0
Returning_Visitor,0,0.028023687,16.123890537,19,1,0.000038241,1999.430599644,1
Returning_Visitor,0,0.022108564,0,2,-6,0.000194618,470.218849693,0
Returning_Visitor,0.2,0.01,0,11,-6,0.000002152,,0
Returning_Visitor,0,0.1,52.601922824,2,1,0,1936.616652204,1
Returning_Visitor,0,0.026881876,0,5,-8,0,983.138857399,0
Returning_Visitor,0,0.06072229,,2,4,0,3683.422297838,1
New_Visitor,0,0.013968692,0,2,-7,0.006770175,703.65521124,0
New_Visitor,0,0.028233518,0,,1,0.009358742,0.000002923,0
New_Visitor,0,0.007279418,0,9,-5,0.065439746,350.004884356,0
Returning_Visitor,0.6,0.00531854,0,2,1,0,1036.605656579,0
Returning_Visitor,0,0.004290749,0,2,4,0.02977539,,0
New_Visitor,0,0.014834792,0,2,2,0,470.544988048,0
Returning_Visitor,0,0.082778878,0,4,1,0.1,2758.063897393,0
New_Visitor,0,0.107101558,0,2,1,0.000005885,1250.228437402,0
Returning_Visitor,0.4,0.169467839,0,4,3,0,584.893226205,0
Returning_Visitor,0,0.037636822,0,4,1,0,288.451210215,0
Returning_Visitor,0,0.00439625,0,1,1,0.004167453,2352.364614504,0
Returning_Visitor,0,0.000784096,12.386083465,3,4,0.000187391,0.000002933,1
New_Visitor,0.8,0.01952439,,3,1,0.040019565,1038.785768497,0
Returning_Visitor,0,0.021706156,0,2,2,0.000488372,2702.541216982,0
New_Visitor,0,0.000002678,154.188016253,3,3,0.000000009,672.002665381,1
New_Visitor,0,,0,1,3,0.004926081,1307.680292151,0
Returning_Visitor,0,0.072000364,0,9,3,0.00798529,1031.634200302,0
Returning_Visitor,0,0.035582676,,,2,0.000002058,1485.48774984,1
Returning_Visitor,0,0.132878857,0,2,-8,0,,0
Returning_Visitor,0,0.2,0,2,-7,0.064489184,1436.246943139,0
Returning_Visitor,0,0.00024165,0,2,2,0.000001513,2311.632601693,0
Returning_Visitor,,0.019175869,0,3,-8,0.000731646,889.220034283,0
Returning_Visitor,0,0.008743405,0,4,3,0.005459719,2532.360574153,0
Returning_Visitor,1,0.012863733,0,1,1,0.055486581,806.880981703,0
New_Visitor,0,0.084001146,0,10,1,0.010295579,1341.574132504,0
Returning_Visitor,0,0.000148605,0,1,1,0.021612773,1010.8532537,0
Returning_Visitor,0,0,0,2,1,0.000031423,123.190110477,0
Returning_Visitor,0,0,0,2,-6,0.059605945,,0
Returning_Visitor,0.4,0.028852452,0,2,1,0.090248632,748.582923671,0
Returning_Visitor,0,0.097898004,8.611181894,5,2,0,877.723724394,0
Returning_Visitor,0.8,0.003837044,0,7,-7,0.01932718,1829.522194734,0
Returning_Visitor,0,,0,1,3,0.032906296,192.357559796,0
Returning_Visitor,0,0.031394587,0,2,4,0.024055935,1351.671182984,0
Returning_Visitor,0,0.008379678,0,2,3,0,230.656408698,0
Returning_Visitor,0.8,0.006383418,0,1,3,0.100979037,1295.169265424,0
New_Visitor,0,0.030772078,84.532765458,3,1,0.01,2328.436073175,1
Returning_Visitor,0,0.011722124,4.245420786,1,3,0.08834555,1970.827406513,0
Returning_Visitor,0.4,0.039678941,0,16,-7,0,1776.287527573,0
Returning_Visitor,,0.1,0,3,1,0.057151232,0.00000296,0
New_Visitor,0,0.050884477,0,1,1,0,3655.580641531,0
Returning_Visitor,0,0.017488099,2.437465666,5,-6,0,641.605419209,0
Returning_Visitor,0,0.000317604,88.936398147,4,-7,0,4653.178944008,1
Returning_Visitor,,0.01,0,1,4,1.241393585,729.756781963,0
Returning_Visitor,,0.030149268,0,,1,0,321.743444167,0
Returning_Visitor,0,0.109288446,0,,1,0.01,1224.777430578,0
Returning_Visitor,,0.000735832,0,,-6,0,144.270696362,0
New_Visitor,0,0.042273792,0,1,1,0.064920034,1138.113963194,0
Returning_Visitor,0,0.03966249,0,8,-7,0,1388.488496561,0
Returning_Visitor,,0.004250542,0,2,-6,0.000440479,1708.934585377,1
,0,0.017391636,0,2,3,0.01,218.727723888,0
Returning_Visitor,0.2,0.002036418,28.053270617,1,1,0.007735569,1482.967661308,0
Returning_Visitor,0,0.040056934,0,2,3,0.000010038,592.841848824,1
Returning_Visitor,0,0.000116539,0,2,1,0.004171757,2635.669989272,0
Returning_Visitor,0,0.000327468,0,3,3,0,245.880596386,0
,0,0.068160811,0,2,1,0.05,1770.534301447,0
Returning_Visitor,0,0.003243607,0,4,3,0,401.517867878,0
Returning_Visitor,0,0.022697955,0,4,1,0.00007903,600.678054201,0
New_Visitor,0,0.000427938,0,2,3,0,1070.006309682,1
Returning_Visitor,0.2,0.00415324,0,4,2,0.023104004,2356.101489555,0
New_Visitor,0.6,,0,3,1,0,,0
Returning_Visitor,0,0.017118749,0,1,4,0.00012562,1092.110949242,0
Returning_Visitor,0.2,0.019528284,0,1,1,0.000040323,1014.705948482,0
,0,0.000010906,45.039173694,2,-8,0.02,4285.402769976,1
Returning_Visitor,0,0.267602586,0,3,3,0.003764472,637.909984017,0
New_Visitor,0,,0,16,1,0.000040935,206.898612904,0
Returning_Visitor,0,0.079371319,7.749090904,2,3,0.001367141,495.951695813,0
New_Visitor,0,0.018100306,93.749482119,2,-7,0.05,383.787333358,0
Returning_Visitor,0,0.000977882,0,3,2,0.01,932.071616861,0
Returning_Visitor,0,0.030412205,40.447280066,3,3,0.123042739,382.206478949,0
Returning_Visitor,0,0.054605403,30.489938746,1,3,0.2,1360.134375257,0
Returning_Visitor,,0.104437802,0,1,1,0,,0
Returning_Visitor,,0.005575966,0,5,1,0.039538041,0.000002993,0
Returning_Visitor,0,0.072160463,0,7,-6,0.000827926,762.813751504,0
Returning_Visitor,,0.039414951,10.052913523,2,-6,0.000043703,1363.808162214,0
Returning_Visitor,0,0.000273518,0,4,3,1.166180215,209.411609752,0
Returning_Visitor,0,0.025237669,,1,3,0.02,299.866487288,0
,0,0.075040658,0,8,2,0.014591977,720.053298221,0
New_Visitor,1,0.02,0,2,1,0.08874932,206.619607888,0
Returning_Visitor,0,0.024708709,1.701389912,2,3,0.004760208,978.392641452,0
New_Visitor,0,0.012492628,0,2,1,0,765.888757273,0
Returning_Visitor,0,0.087298589,0,7,1,-0.205332591,1044.457758363,0
Returning_Visitor,0,0.034601556,29.472946161,5,4,0.05,1027.729819261,1
Returning_Visitor,0.4,0.00676203,5.492073287,1,2,0,2782.787743773,1
New_Visitor,0,0.040397188,0,1,1,0.000287408,424.950351593,0
Returning_Visitor,0,0.256052931,0,2,1,0.000432923,1210.113756605,0
Returning_Visitor,0,0.001155614,,2,4,0.02,990.679858994,0
New_Visitor,0,0.174004533,0,1,-8,0,1543.998243789,0
New_Visitor,0.8,0.00005242,0,5,-6,-0.056042285,527.612210161,0
Returning_Visitor,0.6,0.106671889,0,2,-6,0.000249641,0.00000301,0
Returning_Visitor,0,0.032564493,0,5,2,0.234283637,2454.71829361,0
Returning_Visitor,0,0.011163492,0,3,1,0.111967978,,0
Returning_Visitor,0,0.086897559,0,2,1,0.05,2641.0608183,0
Returning_Visitor,0.8,0.049524765,0,2,-7,0.013685606,1599.415710744,0
Returning_Visitor,0,0.047729959,48.966578762,2,1,0.000266706,,0
Returning_Visitor,0,0.01206306,0,,1,0,4816.515056309,0
Returning_Visitor,,0.005837423,0,5,-5,0.000044093,,0
New_Visitor,0,0.015096327,0,1,-7,0.2,729.911950406,0
Returning_Visitor,0.2,0.01,0,2,1,0.007086558,1334.73673423,0
Returning_Visitor,0,0.006597938,0,4,1,0.02,1859.705208231,0
Returning_Visitor,0,0.007137664,0,16,4,0.000009147,,0
Returning_Visitor,0,0.014379602,0,1,4,0.013578473,2137.547311464,0
New_Visitor,0,0.2,0,3,1,0.000067557,,0
Returning_Visitor,0,0,0,13,1,0.049437972,1289.085556696,0
Returning_Visitor,0,0.056987124,0,1,1,0,2401.961966567,0
New_Visitor,,,0,3,1,0.000994428,2823.375023646,0
New_Visitor,0,0.012347375,,4,1,0,630.220101692,1
New_Visitor,0,0.075419048,0,13,3,0.007204853,2403.150416019,0
Returning_Visitor,0,0.023062078,0,9,3,0,486.153440633,0
Returning_Visitor,0,,0,12,3,0.007010953,1982.903833606,0
Returning_Visitor,0,,0,2,3,0.000000177,2689.358676309,0
Returning_Visitor,0,0.031752687,0,2,4,0.249827733,1183.170240121,0
Returning_Visitor,0.2,0.2,0,5,-8,0.002992061,703.915180852,0
New_Visitor,0,0.002779513,0,5,-7,0.000000396,369.177800701,0
,0.4,0.218139523,0,3,3,0.000185454,,0
Returning_Visitor,0,0.000294187,15.169571533,3,1,0,2172.124341973,1
Returning_Visitor,0,0.01,0,2,1,0.000028544,568.721050269,0
Returning_Visitor,0,0.018107401,0,2,3,0.061181,1124.347120481,0
New_Visitor,0.4,0.003387126,0,3,1,0,1420.086544785,0
Returning_Visitor,,0.072904027,0,1,2,0,313.550017844,0
Returning_Visitor,0,0.02,0,2,4,0.05,641.183706769,0
Returning_Visitor,0,0.067130112,0,2,1,0.00013916,1671.026109788,0
Returning_Visitor,0,0.001049035,0,6,1,0,2870.894612772,1
Returning_Visitor,0,0.03360309,7.648503687,6,4,0,1465.25394965,0
Returning_Visitor,0,0.001880549,0,1,-7,0.086026747,2422.871195934,0
Returning_Visitor,0,0.090677383,0,1,1,0.138596279,106.470860814,0
New_Visitor,1,0.069262438,25.236687366,10,3,0.008502545,1672.747958338,0
Returning_Visitor,0.2,0.2,0,3,4,0.001378448,1383.868940389,0
Returning_Visitor,0,0.011001757,0,4,3,0.000000971,0.000003049,0
Returning_Visitor,0,0.00569277,0,10,3,0.021782542,1388.446919896,0
Returning_Visitor,0,0.066837186,0,3,3,0.000521882,,0
Returning_Visitor,0,0.053139383,0,1,3,0.001625284,0.000003052,0
New_Visitor,0,0.017471188,6.548409039,4,1,0,,0
,0.8,0.058207704,0,12,3,0.003801447,1078.510330071,0
Returning_Visitor,,0.095704479,0,6,1,0.05,,0
,0,0.273557315,14.816313225,3,1,-0.099412638,148.792309714,0
New_Visitor,0,,0,2,-7,0.009853791,,0
Returning_Visitor,0,0.001912668,0,1,3,0.086159105,2633.979282886,0
New_Visitor,0,0.002595701,7.939636605,2,-7,0.000288728,0.000003059,0
,0,0.2,0,2,-7,0.000384328,183.336228425,0
Other,0.2,0.00250286,0,3,3,0.022140581,1560.45868253,0
Returning_Visitor,0,0,,4,4,0,1029.197512732,1
Returning_Visitor,0,0.004446104,8.211201507,,1,0.03805956,1098.98112208,0
Returning_Visitor,1,0.009113099,0,1,1,0,294.161483754,0
Returning_Visitor,0,0.083764384,0,4,3,0.000007898,493.568556552,0
Returning_Visitor,0,0.155133247,0,2,3,0.000746805,3007.067973985,0
Returning_Visitor,0,0.2,0,1,1,0.013340249,0.000003067,0
Returning_Visitor,0,0.00579439,,3,1,0,1510.453052699,1
Returning_Visitor,0,0.004364976,0,,-7,0,1224.404927349,0
Other,0,0.000006018,0,4,1,0.1,2937.195541043,0
New_Visitor,0,0.1,0,8,1,0.003000426,2339.012553373,0
Returning_Visitor,0,0.2,0,2,1,0,1389.205219325,0
Returning_Visitor,0,0.000228255,0,7,1,0,0.000003073,0
Returning_Visitor,0,0.001401025,22.360106451,6,1,0,0.000003074,1
Returning_Visitor,0.6,0.151549342,5.074730548,2,-8,0.000014589,3129.852515829,0
Returning_Visitor,0,0.02,17.675003341,7,3,0,2284.147568359,0
New_Visitor,0,0.001237391,0,1,1,0.018547721,1394.80320048,0
Returning_Visitor,0,0.001278391,0,13,-7,0.009489814,2091.25732752,0
Returning_Visitor,0.4,0.01,0,9,1,0.103784648,2516.386194778,0
Returning_Visitor,0.2,0.02,0,2,1,0.00536996,541.818848143,0
Returning_Visitor,0,0.008705534,0,10,1,0.009902771,1893.063792514,0
New_Visitor,0,0.245672192,0,11,-5,0,4839.218973542,0
Returning_Visitor,0,0.033823404,0,4,-9,0,516.532818719,0
Returning_Visitor,0,0.001676477,6.992917497,8,4,0.000000021,559.110179477,0
Returning_Visitor,0,0.00163648,0,7,1,0.000000018,1912.500061343,0
New_Visitor,0,0.02,12.640928841,4,1,0.076534836,0.000003086,0
New_Visitor,0.2,0.008348533,0,4,2,0.012074841,1689.303712775,0
Returning_Visitor,0,0.071279117,0,2,-5,1.233063227,1427.794554738,0
Returning_Visitor,0,0.030145417,0,2,3,0.016229304,758.739424501,0
Returning_Visitor,0,0.041468538,0,6,1,0.071241277,1950.136145014,0
Other,,,0,1,2,0.02,513.740139522,0
New_Visitor,0,0.200096819,0,2,1,0.001806821,3099.731765173,0
Returning_Visitor,0,0.166248401,0,5,4,0.000001336,630.615473073,0
Returning_Visitor,0,0.034238692,0,2,1,0.01,194.589660318,0
Returning_Visitor,0,0.016912123,0,3,1,0.013001026,457.805191894,0
,0,0.002496936,0,,1,0.000356209,1434.791565735,0
Returning_Visitor,0,0.036945936,0,1,4,0.065335154,1843.183303764,0
Returning_Visitor,0,0.041220638,0,4,1,0.01,0.000003098,0
Returning_Visitor,0.4,0.000442325,0,7,4,0.000614214,1076.682596419,0
Returning_Visitor,0,0.070512399,28.045445991,2,1,0,,1
New_Visitor,0,0.027539244,0,1,1,0.054722824,610.863362048,0
New_Visitor,0,0.128352717,5.103062204,2,1,0.02641601,0.000003102,0
Returning_Visitor,0.2,0.164139702,0,2,2,0.1,1011.963066814,0
Returning_Visitor,0,0.000139243,6.713946811,1,3,0.004329439,1240.725324257,0
Returning_Visitor,0,0.01,0,2,3,0.005335691,605.192868317,1
Returning_Visitor,0,0,29.073555288,5,4,0,,1
New_Visitor,0,0.044254981,0,12,4,0.02,280.190622557,0
Returning_Visitor,0,0.098689075,0,5,1,0,458.459870668,0
New_Visitor,0,0.007298179,0,2,3,0.005492689,2382.962887829,0
Returning_Visitor,0,0.000120202,0,2,-5,0,5655.189130866,1
Returning_Visitor,0,0.099035592,346.06746942,,1,0.000000019,2032.406665016,1
Returning_Visitor,0,,23.401316071,10,3,0.000620833,623.354060622,0
Returning_Visitor,0,0.167646003,0,2,4,0.000099614,3357.197143735,0
New_Visitor,0.4,0.01,6.464723218,1,4,0.000792434,0.000003114,0
Returning_Visitor,0,0.100738331,0,1,1,0.006849934,989.770916104,0
Returning_Visitor,0.6,,0,,1,0.000682758,1949.400211336,0
New_Visitor,0,,0,18,3,0.006910808,625.39461032,0
Returning_Visitor,0.2,0.003839717,31.743148535,3,3,0,,1
New_Visitor,0,0.083018783,0,2,1,0.00178555,1146.585370988,0
Returning_Visitor,0,0.076497234,8.364553797,5,4,0,1474.164698909,1
Returning_Visitor,,0.059546895,0,3,4,0.2,1645.08770673,0
Returning_Visitor,0,0.003163005,0,2,-6,0.005565703,128.908707983,0
Returning_Visitor,0,0.019136685,0,1,1,0.000073442,16.210783566,0
Returning_Visitor,0,,0,2,1,0,284.3872787,0
New_Visitor,0,0.006658281,0,5,4,0.089633847,361.274112489,0
New_Visitor,0,0.2,3.322281257,2,1,0.100687562,5654.301359778,0
Returning_Visitor,0,0.029138069,0,2,1,0.000000134,1097.412429171,0
New_Visitor,0,0.000413265,85.129739043,16,1,0.000171877,1184.157216038,1
Returning_Visitor,0,0.028898453,19.93405228,3,-6,0.16972665,2009.973079664,0
Returning_Visitor,0,0.016374769,0,14,2,1.396230473,986.832896461,0
Returning_Visitor,0,0.009116766,0,3,1,0,638.977530939,0
Returning_Visitor,0,0.10949726,0,1,4,0.001018886,789.160119986,0
Returning_Visitor,1,0.108661003,16.367097352,5,-6,0.064483754,1109.64023706,0
Returning_Visitor,0.2,0.02,0,2,3,0.05,2571.229301845,0
Returning_Visitor,0,0.003488317,0,1,4,0,316.651908845,0
Returning_Visitor,,0.00294271,0,14,1,0,1574.357834848,0
Returning_Visitor,0,0.003089443,0,5,1,0.02,131.712402575,0
Returning_Visitor,,0.104384513,0,1,1,0.028067119,942.449860735,0
Returning_Visitor,0,0.002088381,0,4,1,0.02,1373.399189315,0
Returning_Visitor,0,0.127033993,0,,3,0.000838798,1403.598245979,0
Returning_Visitor,0,0.009747444,60.65024321,3,-6,0.2,726.603435156,1
Returning_Visitor,0,0,35.062216349,4,-8,0.000000001,603.507071259,1
Returning_Visitor,0,0.008951177,0,3,1,0.01,591.302066993,0
Returning_Visitor,0,0.037411332,0,2,-6,0.000002582,1081.297511519,0
Returning_Visitor,0,0.001071774,0,5,1,0.001687529,277.326293662,0
Returning_Visitor,1,0.347752083,0,1,1,0.001115827,701.306832018,0
Returning_Visitor,0,0.013035718,0,2,3,0.015742977,1228.879361578,0
Returning_Visitor,0.8,0.037860413,0,1,3,0.000137753,,0
New_Visitor,0,0.00045726,7.461153812,3,-6,0.0192433,2398.09808734,1
Returning_Visitor,0.4,0.02,0,1,-8,0.000376741,0.00000315,0
Returning_Visitor,0,0,0,8,1,0.004635575,476.277864399,0
New_Visitor,0,0.112654686,0,2,-6,0.22725885,488.91870804,0
New_Visitor,0,0.002367079,0,3,1,0.001837876,0.000003153,0
Returning_Visitor,0.2,0.2,0,2,1,0.105347664,474.477938478,0
Returning_Visitor,,0.010663822,0,3,1,0.02,138.876639341,0
Returning_Visitor,0,0.006016755,14.720524792,3,4,0.011180684,1864.118876839,0
New_Visitor,,0.001562065,23.518445531,4,1,0,337.392129505,1
Returning_Visitor,0,0.08065759,0,18,3,0.000302019,483.321973912,0
New_Visitor,0,0.043993276,0,2,-6,0.017066708,1925.141171244,0
Returning_Visitor,0,,0,3,1,0,1250.341279161,0
New_Visitor,0,0.000080822,0,3,2,0,2100.429197376,1
Returning_Visitor,,0.003794143,0,2,1,0.011420588,3140.868452011,0
Other,0,0.01,0,5,-6,0.000090835,,0
Returning_Visitor,0,0.2,0,1,3,0.00107247,5110.627078362,0
Returning_Visitor,0,0.009820045,0,2,3,0.000024006,1549.618131001,0
New_Visitor,0,0,11.84089263,8,1,0,989.074829745,1
Returning_Visitor,0.4,0.006059114,21.636760621,2,4,0.000049097,705.956663351,0
Returning_Visitor,,0.011391815,0,9,2,0.003668442,1104.27121075,0
New_Visitor,0,0,0,10,1,0.040879004,1933.195404313,0
Returning_Visitor,0,0.013783949,0,3,4,0.123399002,0.00000317,0
New_Visitor,0,0.05,,3,3,0.005743335,1204.122103475,0
Returning_Visitor,0,0.227984725,0,9,2,0.012775963,2206.07751928,0
Returning_Visitor,0,0.005688496,0,2,1,0.000101076,1069.488834089,0
Returning_Visitor,0,0.000012853,0,4,2,0.05,197.894477379,0
Other,0,0.026963056,0,2,1,0,518.2378624,0
Returning_Visitor,0,0.035172854,0,1,1,0.055103826,1598.481395192,0
New_Visitor,,0.006927799,0,3,1,0.05,919.344677173,1
Returning_Visitor,0,0.000043268,0,2,3,0.2,1422.897757865,0
Returning_Visitor,0,,0,3,1,0,397.562331192,0
Returning_Visitor,0,0.087957248,0,2,-7,0.01,2088.012588942,0
Other,0,0.071308926,0,11,4,0.000002032,2408.959861067,0
New_Visitor,0,0.122211944,0,2,1,0.052372713,1732.739878869,0
Returning_Visitor,0,0.019927413,2.152481131,1,2,0.000732662,1002.374924277,0
New_Visitor,0.8,0.05,0,1,1,0.000705075,,0
Returning_Visitor,0,0.02,4.673366413,1,3,0,279.204213839,0
Returning_Visitor,0,,0,3,3,0.016922701,696.292768661,1
New_Visitor,0,0.046232191,0,2,-6,0.04523842,598.888197071,0
Returning_Visitor,0.2,0.1,11.625629004,4,3,0.000152102,1274.665388381,0
Returning_Visitor,0,0.152261865,,4,3,0.000597116,0.000003189,0
Returning_Visitor,0,0.210907803,5.600432544,4,1,0.01,0.00000319,0
Returning_Visitor,0,0.016198332,0,3,2,0.011559597,168.640023085,0
Returning_Visitor,1,0.276660275,0,1,1,0.021184731,767.659898241,0
Returning_Visitor,0.4,0.021715261,0,2,1,0.001159119,572.704835059,0
New_Visitor,0,0.099254184,5.472910946,7,3,0,1886.672445182,1
Returning_Visitor,0,,0,3,1,0,514.396401997,0
Returning_Visitor,0,0.041753582,0,1,4,0.000000055,1604.764788676,0
,0,0.008227047,0,4,1,1.029774954,1946.689498318,0
,0.2,0.117668651,0,10,-6,0,3679.946432583,1
Returning_Visitor,0,0.026713335,0,4,-7,0.000202421,1889.466713032,0
Returning_Visitor,0,0.002200448,0,11,3,0,749.230211432,0
Returning_Visitor,0,0.077105684,0,3,1,0.010052955,2080.707944765,0
New_Visitor,0,0.05,0,1,3,0.029014553,1575.023368425,0
Returning_Visitor,0,0.2,0,10,-5,0.010238271,1194.579186052,0
New_Visitor,0,0.000349366,0,2,2,0.01,1781.824629129,0
New_Visitor,,0.01320863,0,8,-6,0.000088843,491.117809273,0
Returning_Visitor,0,0.102254337,0,1,4,0.001228022,1439.011576856,0
Returning_Visitor,0,0.005221285,0,5,1,0.009771809,706.399865666,0
Returning_Visitor,0,0.014255392,0,4,3,0.05,758.479755065,0
Returning_Visitor,0,,0,2,1,0.083306107,686.138133313,0
Returning_Visitor,0,0.001575377,0,17,3,0.011389871,528.580707642,0
Returning_Visitor,0.4,0.157861583,50.905643027,2,-6,0.034948064,853.923558701,0
New_Visitor,0,0.2,0,4,1,0.004487,207.936493636,0
Other,0,0.087998623,1.750111229,9,3,0,1385.099629181,0
New_Visitor,0,0.000162116,0,1,4,0,2398.931171969,0
Returning_Visitor,0,0.006594442,,2,1,0.05,115.005087663,0
Returning_Visitor,1,0.04754092,0,1,4,0.02,533.192560493,0
New_Visitor,0,0.000226624,,2,3,0.01,3289.823493025,1
Returning_Visitor,0.2,0.083843275,0,,1,0,229.241623366,0
Returning_Visitor,0,0.004024519,0,3,2,0.000669188,737.457980689,0
Returning_Visitor,0,0.013169181,0,16,2,1.303408411,,0
New_Visitor,0,0.003411438,0,2,-6,0.000035366,505.150987755,0
Returning_Visitor,0,0.001411092,0,3,2,-0.159132717,730.183147062,0
Returning_Visitor,0,0.050321077,0,4,3,0.000000082,1601.588522848,0
Returning_Visitor,0.2,0.002088451,0,10,3,0.000000001,0.000003224,0
Returning_Visitor,0,0.014674212,0,1,3,0.000006919,280.229578381,0
Returning_Visitor,0,,0,1,2,0.02,640.967471546,0
Returning_Visitor,0,0.000095932,,1,2,0.000064001,1727.914143385,1
Returning_Visitor,0.2,0.000227684,0,3,1,0.000000104,652.561050692,0
Returning_Visitor,0,0.047005055,0,3,2,0,286.700950731,0
New_Visitor,0.2,0.123597857,0,2,3,0.1,600.158568701,0
Returning_Visitor,0,0.138455602,0,2,2,0,168.948419891,0
,0,0.074211141,0,6,-5,0.026145334,678.681444363,0
Returning_Visitor,0,0,0,3,4,0.02,2216.783139039,1
New_Visitor,0,0.096859921,0,2,4,1.321273462,370.233570333,0
Returning_Visitor,0,0.024072672,0,3,4,0.117206071,81.014905553,0
Returning_Visitor,0,0.089237997,0,1,2,0.014434535,2632.402976736,0
Returning_Visitor,0,0.021418402,0,2,1,0.281757283,827.980094137,0
Returning_Visitor,0,0.000065439,0,1,1,-0.18666554,787.144788689,0
Returning_Visitor,1,0.062124567,0,1,3,0.100681456,598.102636841,0
Returning_Visitor,0,0.101887887,12.688774369,5,-5,0.000052207,1348.522749351,0
Returning_Visitor,0,0.02,0,2,1,0.05,2182.947348622,0
New_Visitor,0.2,0.073503459,0,3,1,0.000590098,1740.655785463,0
Returning_Visitor,0,,0,1,-8,0.149674447,677.42036941,0
New_Visitor,,0.073438669,0,6,-7,0.000586202,2077.755566127,0
Returning_Visitor,0,0.001328535,0,4,4,0.117213663,3567.533676861,0
New_Visitor,0,0.006437812,0,2,1,0.009894233,596.725662165,0
Returning_Visitor,0.8,0.000238647,0,6,1,0.000018044,502.496549868,0
Returning_Visitor,0.2,0.000620162,0,3,1,0.090540253,808.063007742,0
New_Visitor,0.2,0.043706343,3.484254094,3,1,0.123104283,0.000003249,0
Returning_Visitor,,0.005453382,0,5,1,0.118067181,440.467230664,0
Returning_Visitor,0,0.01,0,1,3,0.026217742,96.109285817,0
Returning_Visitor,0,0.001692572,,3,3,0,0.000003252,0
Returning_Visitor,0,0.062112753,0,2,2,0.05,1063.913454796,0
New_Visitor,0,0.051410925,0,1,3,0.000106869,1234.897720138,0
Returning_Visitor,0,0.018156959,0,2,-6,0.042338418,96.917775832,0
Returning_Visitor,0,0.000118017,0,3,3,0.000005932,4095.724222787,1
Returning_Visitor,0,0.10553405,0,3,1,0.000000007,2185.796552566,1
New_Visitor,0,0.024328721,116.544742635,3,1,0,1216.676028883,1
Returning_Visitor,0,0.019097174,0,2,1,0.004365536,,0
Returning_Visitor,0,,6.908327872,,2,0.077811899,1219.963532187,0
Returning_Visitor,0,0.192795678,0,,1,0.000064041,1529.127729845,0
Returning_Visitor,0,0.028582312,0,4,-8,0.02,1475.572281803,1
Returning_Visitor,1,0.1,0,2,1,0.1,206.247313601,0
Returning_Visitor,0,0.015614769,4.184737708,2,4,0,686.07336327,0
Returning_Visitor,0,0.056521458,0,2,-8,0.002726171,30.956164024,0
New_Visitor,0,0.024474865,0,4,3,0.000954559,2974.302783567,0
New_Visitor,0.2,0.029690193,0,5,3,0.000692058,1735.298077556,0
Returning_Visitor,0.2,0.118494146,,11,1,0.000013286,690.962493045,0
New_Visitor,0,0.2,0,4,1,0.011799818,,0
Returning_Visitor,0,,0,2,1,0.001797954,2188.574041986,0
Returning_Visitor,0,0.023598021,0,2,-7,0.022229845,0.000003271,0
Returning_Visitor,1,0.039887049,0,2,-5,0.085213983,192.297763963,0
Returning_Visitor,0,0.000005177,13.553600878,2,-7,1.335635767,3177.449644303,1
Returning_Visitor,0,0.02,6.104778122,3,4,0.02,894.96045451,0
Returning_Visitor,0,0.027748452,53.122503161,18,-7,0.023896585,,0
Returning_Visitor,,0.01,0,2,1,0.05,1303.660825366,0
Returning_Visitor,0,0.000025579,0,2,1,0.000001908,,1
Returning_Visitor,0.8,0.000249987,0,,1,0.05,2924.461436204,0
New_Visitor,0,0.007322938,0,18,1,0.05,92.137365841,0
Returning_Visitor,0.8,0.01844453,0,1,1,0,191.785688531,0
Returning_Visitor,0,0.05,0,2,3,0.000000001,879.795829782,0
New_Visitor,0,0.001157157,0,3,1,0.02,866.905701241,0
Returning_Visitor,0,,0,1,1,0.087951847,2246.8571965,0
Returning_Visitor,0.2,0.2,,4,-8,0.006872745,34.027274761,0
Returning_Visitor,0.2,0.034103443,0,2,1,0.05,1192.32971333,0
Returning_Visitor,0,0.1,,4,1,0.000156061,575.759601194,0
Returning_Visitor,0,0.000448943,0,3,1,0,2122.244849092,1
New_Visitor,0,0.009416456,0,14,1,0.007237271,195.640428721,0
Returning_Visitor,0,0.000880074,,2,-6,0.053557966,683.231033026,0
Returning_Visitor,0,0.009569004,0,5,1,0.01,325.574947388,0
New_Visitor,0,0.058390857,0,4,1,0.01,1306.451959545,0
Returning_Visitor,0,0.002340591,0,1,1,0.002923092,,0
New_Visitor,0,0.000410603,,6,1,0,2086.961062373,1
Returning_Visitor,0,,21.516302622,1,1,0.000208328,2943.938662399,1
Returning_Visitor,0,0.039768386,6.985725179,8,1,0,578.319225287,0
Returning_Visitor,0,0.066061102,0,12,3,0.000049328,0.000003296,0
Returning_Visitor,0,0.076054904,,4,3,0.02,741.191992008,0
Returning_Visitor,0,0.003797911,28.25773068,3,3,0,781.93972501,1
Returning_Visitor,0,,0,9,3,0.000398047,548.988935624,0
New_Visitor,0,0.000290229,6.420851649,3,1,0,1261.838313998,1
Returning_Visitor,0,0.014804448,19.087847555,2,-6,0.005382284,38.666051372,0
,0,0.2,44.401778985,2,3,-0.235973718,,1
Returning_Visitor,0,0.026881787,0,4,3,0.010460637,986.482872211,0
Returning_Visitor,0,0.027545052,0,5,3,0.002401813,912.345499079,0
Returning_Visitor,0.6,0.184049686,0,3,1,0.024037545,870.294952115,0
Returning_Visitor,0,0.03931973,0,2,1,0,580.758821124,0
New_Visitor,0.2,0.004028606,2.167756054,4,4,0.108078755,366.9644474,0
Returning_Visitor,0,0.272217334,0,3,2,0.05,1650.848195053,0
Returning_Visitor,0,0.011008806,0,1,2,0.062965616,1881.061843145,0
Returning_Visitor,0,0.000655664,0,1,4,0.00032589,53.39338395,0
Returning_Visitor,0,0.10022996,0,7,4,0.001042939,188.417693605,0
Returning_Visitor,0,0.013243627,0,5,-7,0,1886.330880557,1
New_Visitor,0,0.064804128,0,4,3,0.05,1268.918488025,0
,0,0.0263935,0,2,3,0.000005719,1037.208147173,0
Returning_Visitor,0,0.013110485,0,4,1,0.004494253,479.366142178,0
Returning_Visitor,0,0.052037426,0,7,3,0.002033001,1590.082604884,0
Returning_Visitor,0,0.005089768,0,2,-7,0.008029623,1164.58267598,0
Returning_Visitor,1,0.000876217,0,2,-7,0.118326666,2133.235108629,0
New_Visitor,0,0.066062355,0,2,1,0.004044611,77.151493345,0
Returning_Visitor,0,0.002510839,0,1,-6,0.0000091,2856.694379414,0
Returning_Visitor,,0.00010325,0,4,4,0.1,3316.607475316,1
Returning_Visitor,0,0.138590487,26.130981565,,4,0.00504458,966.397268788,0
New_Visitor,0,0.007608798,18.109241864,1,1,0.009067394,0.000003323,0
Returning_Visitor,0,0.000422937,0,3,1,0.001222843,0.000003324,0
Returning_Visitor,0,0.013499481,0,14,-7,0.005804403,231.542369702,0
New_Visitor,0,0.071743845,0,3,1,1.050446922,1260.668919226,0
Returning_Visitor,0,0.015060483,0,2,3,0.000000151,996.30256519,0
Returning_Visitor,0,0.002054532,0,1,3,0.000204935,3420.258499013,0
Returning_Visitor,0.2,0.000421709,0,1,4,0.000385326,468.232221586,0
New_Visitor,0,0.01,38.653643782,6,1,0.000000248,994.597769836,1
Returning_Visitor,0,0.000063019,13.481149404,2,3,0,2305.164915357,1
New_Visitor,0,0.033394275,25.343915647,5,-7,0.04442024,1193.705491711,0
Returning_Visitor,0,0.012456694,0,1,3,0.010746247,3783.742569598,0
,0.8,0.000101902,7.174586664,2,1,0.1,320.026099469,0
Returning_Visitor,0.2,0.001535986,0,4,3,0,2041.573639701,1
Returning_Visitor,0.4,0.008744536,0,,1,0,3210.805961504,0
Returning_Visitor,0,0.062440341,0,1,1,0.007188783,3249.625784245,0
Returning_Visitor,0,0.03836433,0,5,-7,0.02,532.870769306,0
New_Visitor,,0.004942874,4.398786202,3,4,0.109026836,814.911558959,1
Returning_Visitor,0,0.02,0,3,4,0.000000086,1951.44548197,0
Returning_Visitor,0,0.037942412,2.063470834,7,-8,0.00000028,615.562702904,0
Returning_Visitor,0.8,0.027743808,8.113512104,2,4,0,1228.99954222,0
Returning_Visitor,0,0.001617009,54.982577138,2,1,0.000011605,,1
Returning_Visitor,0.8,0.079466108,0,8,1,0.000002689,1060.503971201,0
Returning_Visitor,0,0.03869494,0,2,4,0.0932293,2933.572887169,0
Other,0,0.070316753,0,,1,0.000163067,252.195348093,0
Other,0,0.000575785,10.752341913,1,1,0,5066.39150406,0
New_Visitor,0,0.009363626,0,4,1,0.086018243,0.000003348,0
New_Visitor,0,0.033872602,0,4,1,0,2976.058799503,0
,0,0.01343105,0,1,1,0,633.578393216,0
New_Visitor,0,0.066514271,0,2,1,0,1096.46728013,0
Returning_Visitor,0,0.1391021,0,3,1,0.008383108,1865.466428418,0
,0,0.1,0,2,3,0.000000087,1771.35101813,0
Returning_Visitor,0,0.021888512,0,1,1,0,2417.387307194,0
New_Visitor,0,0.001829448,0,2,-7,0.004252722,366.585543975,0
Returning_Visitor,0,0.070970817,51.65902665,1,2,0.002294841,895.926234216,1
Returning_Visitor,0,0.044205128,0,,3,0.000001245,1273.947423963,0
Other,0,0.005254701,0,4,1,0,1389.991049823,0
Returning_Visitor,0,0.049694411,29.752489837,3,3,0,1129.975881346,1
Returning_Visitor,0,0.029911858,0,2,1,0.000898772,288.060412827,0
New_Visitor,0,0.012402953,0,1,2,0,184.238586158,0
Returning_Visitor,0,,0,1,-8,0.1,,0
Returning_Visitor,0,0.05,4.969839619,8,1,0.01652157,1107.067332803,0
Returning_Visitor,0,0.004982523,0,2,1,0.004570434,304.15895348,0
Returning_Visitor,0.2,0.000191281,0,4,3,0.01,1239.743650858,0
Returning_Visitor,0,0.001295602,0,2,1,0.01,637.983274764,0
Returning_Visitor,0,0.009218003,0,,3,0.024831729,1421.882932004,0
Returning_Visitor,0,0.125462752,10.481527971,3,1,0.001782733,1684.322503621,0
Returning_Visitor,0,0.076925557,0,1,-8,0.082788321,2684.988550851,0
Returning_Visitor,0,0.110020072,0,,-6,0,792.793359476,0
Returning_Visitor,,0.103767804,0,2,4,0.072794967,1153.500012085,0
,0,0.2,0,1,1,1.099130133,2070.614359653,0
New_Visitor,0.2,0.021334842,0,2,2,0.076210503,0.000003373,0
,0,0.01,0,9,4,0.1,,0
Returning_Visitor,0,0.01926639,0,2,1,0.000020473,,0
Returning_Visitor,0,0.036224295,6.909475028,2,4,0.087881738,3060.509572395,0
New_Visitor,0,0.2,0,3,-6,0.045350204,1926.25669312,1
Returning_Visitor,0,0.001105415,2.378559128,1,4,0.245331878,599.999410342,0
Returning_Visitor,0,0.027620754,0,1,-6,0.000293718,416.531757137,0
New_Visitor,,0.006991674,0,6,2,0.011009364,1149.252303366,0
Returning_Visitor,0,0.028362769,0,,4,0.000065069,2610.016519739,0
New_Visitor,0,0.053336142,0,,3,0.020621403,2236.502085985,0
Returning_Visitor,0,0.013183434,0,6,1,0.2,1732.210070013,1
New_Visitor,0,0.00968818,2.0262666,1,3,-0.098900213,,0
Returning_Visitor,0,0.05,10.664580548,19,4,0.000000008,298.656752573,0
Returning_Visitor,0,0.000025361,0,2,-6,0.000000022,1308.717957805,0
New_Visitor,0,0.013178149,0.394063739,,-6,0.003947336,4940.89194956,0
Other,0,0.000467529,,2,1,0.00077735,769.195967934,0
Returning_Visitor,0.2,,0,1,1,0.01,1202.860613583,0
,0,0.068369967,0,2,3,0.003194574,2336.6377227,0
Returning_Visitor,0,0.2,0,16,1,0.085215582,350.033459428,0
Returning_Visitor,0.2,0.013679756,0,2,3,0.000028191,1152.716917959,0
Returning_Visitor,,0.000000003,,3,1,0,1238.667213473,1
Returning_Visitor,0,0.006050661,0,,4,0.177821455,0.000003394,0
Returning_Visitor,0,0.00041552,0,2,-6,0.048659044,530.05461289,0
Returning_Visitor,0,0.019625959,0,2,3,0.000000012,465.582671554,0
Returning_Visitor,0,0.01552291,,4,2,0.02,189.080517483,0
Returning_Visitor,0,0.070187445,0,1,2,0.000081338,2089.683101088,0
Returning_Visitor,0,0.103906411,0,2,1,0.02,682.217934245,0
Returning_Visitor,0.2,0.000255977,0,4,2,0.000000382,423.24400778,0
New_Visitor,0,0.04929091,,2,2,0.003673504,867.113289212,0
Returning_Visitor,,0.13041664,0,3,-7,1.427404337,0.000003402,0
Returning_Visitor,0,0.003944132,1.834096549,4,1,0.000228147,1352.851255768,0
New_Visitor,0,0.000166421,0,2,-7,0.02231039,0.000003404,0
New_Visitor,0,0.056691071,18.46843196,3,1,0.002500696,1042.04783198,0
Returning_Visitor,0,,0,4,1,0.002632551,329.135489632,0
New_Visitor,0,0.017085427,0,2,1,0.000394286,2118.150224915,0
Returning_Visitor,0,0.002592913,0,14,-5,0.05,369.393697108,0
New_Visitor,,0.011763594,0,13,1,0,,1
New_Visitor,0,0.010858817,0,1,1,0.000042517,505.702869518,0
Returning_Visitor,0.2,0.05794033,0,3,2,0.000211384,1298.98235054,0
New_Visitor,0,0.01072478,27.193587138,,1,0.000080063,,1
Returning_Visitor,0,0.077276583,0,5,-6,0.003319462,1189.032359536,0
Returning_Visitor,0,0.091421297,0.828057152,3,3,0.2,1973.324886488,0
Returning_Visitor,0,0.003310756,5.470289685,3,-7,0.071162763,1849.864914973,0
New_Visitor,0,0.045135137,0,,3,0.000191687,1208.099032526,0
Returning_Visitor,0.2,0.10973139,0,1,1,0.013357975,1080.919017672,0
New_Visitor,0,0.034236911,0,2,3,0.000156193,1014.0520988,0
Returning_Visitor,0,0.011035172,0,2,3,0.001509348,106.581630596,0
Returning_Visitor,0,0.073726877,0,3,1,0.000152099,432.560011815,0
Returning_Visitor,0,0.106110167,3.226998695,5,1,0.02,632.352585333,0
Other,0,0.145891529,0,,1,0,1564.689467633,0
New_Visitor,0,0.000229071,84.294248653,4,2,0,,1
New_Visitor,0,0.123182284,0,2,1,0.003913314,2565.83029557,0
Returning_Visitor,0,0.003673033,0,9,-6,0.051979652,683.552712187,0
Returning_Visitor,0,0.049835993,,9,-6,0,2008.00450072,0
Returning_Visitor,0.4,0,0,13,2,-0.116195044,898.818052921,0
Returning_Visitor,0,0.002913883,0,5,3,1.023555187,2935.384539423,0
Returning_Visitor,0,0.024240178,0,5,-8,0.001774447,47.412213397,0
New_Visitor,0,0.047503605,0,9,1,0.000033905,1402.59868879,0
Returning_Visitor,,0.2,0,3,-6,0.05,0.000003431,0
Returning_Visitor,0,0,39.273856782,4,3,0,591.530679511,1
Returning_Visitor,0,0.003694364,0,4,1,0.005013382,2093.472978004,0
Returning_Visitor,0,0.2,0,1,-8,0.061329873,0.000003434,0
Returning_Visitor,0,0.002634312,0,1,-7,0.000661279,0.000003435,0
Returning_Visitor,0.8,0.045910485,0,10,4,0.000220912,335.259314405,0
Returning_Visitor,0,0.02,133.148518776,6,-9,0,269.923072497,1
New_Visitor,0,0.008649637,0,2,-7,0.001024282,957.831197373,0
Returning_Visitor,0,0.023079784,0,11,-8,0.004656013,535.841306211,0
,0,0.000000023,15.945600136,1,2,0.106998773,2074.269073267,1
Returning_Visitor,0,0.039367863,0,2,3,0.019610638,821.910410714,0
Returning_Visitor,0,0.014848898,0,2,1,0.022178717,2904.383281221,0
New_Visitor,0,0.000201346,0,2,1,0.2,849.334297659,0
Returning_Visitor,0,0.027383793,0,2,3,0.000111871,1853.036431115,0
Returning_Visitor,0,0.019365274,0,2,1,0.3395205,625.203737574,0
Returning_Visitor,0,0.024452145,0,1,-6,0.016579174,1794.181765278,0
Returning_Visitor,0,0.037102922,7.490413779,2,1,0.05,0.000003447,0
Returning_Visitor,0,0.032337423,3.311885461,10,3,0.082083516,584.209586281,0
Other,0,0.001002273,0,3,1,0.000000133,492.030987467,0
Returning_Visitor,0,0.028429562,0,1,-6,0.034584404,0.00000345,0
New_Visitor,0,0.015239817,0,2,-5,0.249238851,1513.372723653,0
,0.4,0.000089529,,11,1,0,900.525788651,1
Returning_Visitor,0,0.09902384,0,5,2,0,352.884285255,0
Returning_Visitor,0,0.000215879,5.438903404,2,1,0,3923.011695065,1
Returning_Visitor,0,,0,,-9,0.002654326,432.420942413,0
Returning_Visitor,0,0.032503493,0,2,-8,0.143607789,162.555791959,0
Returning_Visitor,0,0.004703407,0,6,3,0.003999159,232.781508977,0
Returning_Visitor,0,0.004369592,0,5,-7,1.067900127,1662.437835833,0
Returning_Visitor,0,0.011085019,58.161787272,7,-7,0.000004402,1693.055340011,1
Returning_Visitor,0,0.000101203,16.748724392,1,1,0,1552.611693107,1
Returning_Visitor,0,0.037966246,4.957905788,2,1,0.001064984,765.041997976,0
New_Visitor,0,0.029016796,0,1,-8,0.05,637.353472047,0
Returning_Visitor,0,0.061829758,0,2,3,0,1657.124128005,0
Returning_Visitor,0,0.062594093,0,3,1,0,789.823854127,0
New_Visitor,0,0.012159971,0,3,3,0.078279372,2198.588447999,0
New_Visitor,0,0.000331778,0,5,1,0.021657586,,0
Returning_Visitor,0,0.01,0,,1,0.05,278.057705756,0
Returning_Visitor,0,0.029059489,0,2,1,0,0.000003468,0
Returning_Visitor,0,0.006631422,0,8,4,0.001640998,0.000003469,1
Returning_Visitor,0,0.002605164,0,1,-5,0.041701728,734.982661699,0
Returning_Visitor,0,0.009253085,0,2,1,0.007015761,204.553602472,0
Returning_Visitor,,0.000956064,0,3,-5,0.000098852,279.191561925,0
Returning_Visitor,0,0.01,0,2,1,0.000024608,0.000003473,0
Returning_Visitor,0,0.000002065,41.213316099,7,2,0,589.680070964,1
Returning_Visitor,0,0.019620801,0,2,3,0,728.759863394,0
Returning_Visitor,0,0.073886576,0,1,-5,0.001595901,0.000003476,0
Returning_Visitor,0.2,0.017944863,13.261712453,1,1,0.000000002,1325.017267755,1
Returning_Visitor,0,0.030293347,0,2,1,0.000421473,762.129954133,0
Returning_Visitor,0,0.054128632,0,2,3,0.01,1155.191059333,0
Returning_Visitor,0,0.046007991,0,,1,0,0.00000348,0
Returning_Visitor,0,0.00144506,0,3,2,0.1,685.321628026,0
New_Visitor,0,0.001463148,2.871859665,2,-8,0,2844.510850298,1
Returning_Visitor,,0.090824416,13.564252053,2,2,1.49553992,1658.297246477,0
Returning_Visitor,0,0.002952098,,3,3,1.475601899,756.28771852,0
Returning_Visitor,0,0.001640886,0,2,1,0.05,369.194221739,0
New_Visitor,0,0.1,0,3,1,0.002738813,,0
Returning_Visitor,0,0.000013526,37.335459244,5,3,0.000000491,3415.487741232,1
Returning_Visitor,0,0.000328627,41.254281368,3,1,0.006396657,1610.673197357,1
Returning_Visitor,0,0.072357494,1.610846007,3,3,0,1006.81255781,0
Returning_Visitor,,0.080790686,0,6,3,0.010387159,1329.510658737,0
Returning_Visitor,0,0.015572008,0,2,1,0.000016044,1279.527452774,0
New_Visitor,0,0.000340493,17.845159567,2,3,0.000000011,530.397649923,1
Returning_Visitor,0,0.203951551,0,1,3,0.015653238,3049.450434683,0
Returning_Visitor,0,0.182801566,0,2,3,0.024888877,2251.594256194,0
Returning_Visitor,0,0.05,0,7,1,0.1152458,214.393829369,0
New_Visitor,0,0.045911972,0,2,3,0.092405841,1420.177194256,0
Returning_Visitor,0,0.027120326,0,15,2,0.002192677,129.696964519,0
Returning_Visitor,0.2,0,,2,-6,0.103698526,0.000003498,0
Returning_Visitor,0.2,0.001959807,0,3,3,0.005287172,957.27865359,0
Returning_Visitor,0,0.2,0,1,4,0.000002523,0.0000035,0
Returning_Visitor,0,0.02,5.655377412,2,-6,0,1678.810153705,1
New_Visitor,0,0.02,0,9,2,0.002451882,2464.71028867,0
New_Visitor,0,0.02,0,1,1,0.017254381,,0
Returning_Visitor,0,0.1,0,2,-5,0.015654237,1418.097312471,0
New_Visitor,0.8,0.277778615,0,,2,0,3508.782469681,0
Returning_Visitor,0,0.146474357,0,,4,0.000003693,1398.74365141,0
Returning_Visitor,0,0.00583807,0,2,-6,0.000000029,2578.17175058,1
Returning_Visitor,0,0.203298914,9.745814823,3,1,0.01,824.621605411,0
New_Visitor,0,0.008258807,0,4,4,0.000000006,0.000003509,0
Returning_Visitor,0.8,0.004212985,0,2,1,0,1128.969791263,0
Returning_Visitor,0.6,0.07244101,0,5,-7,0.024418346,0.000003511,0
Returning_Visitor,0,0.051734672,0,1,1,0,1538.125748066,0
Returning_Visitor,0,0.03494572,0,2,1,1.046051563,2185.683424896,0
Returning_Visitor,0,0.032272695,0,7,3,0.00000011,46.930839814,0
Returning_Visitor,0,0.026193757,0,2,4,0.036860908,328.535543989,0
Returning_Visitor,0,0.05,0,17,1,0,1508.14168165,0
,0.4,0,0,6,-7,0.02,1073.184167608,0
Returning_Visitor,0,,0,4,-7,0,591.314931665,0
,0,0.084929553,,8,1,0,,0
Returning_Visitor,0,0.007327909,0,1,3,0.006711122,,0
Returning_Visitor,0,0.112377189,0,2,1,0.000203408,317.778716786,0
New_Visitor,0,0.000001788,0,3,1,0,1997.507981692,1
New_Visitor,0,0.002276625,0,2,3,0.014829419,1021.641987661,1
Returning_Visitor,0,0.04091518,0,8,3,0.05,207.207124118,0
Returning_Visitor,0,0.061355602,3.768219715,8,3,0.00216996,0.000003525,0
Returning_Visitor,0,0.001014119,0,2,1,0.000004192,752.367459388,0
Returning_Visitor,0.4,0.03790738,96.731870533,2,1,0,1111.859676098,0
Returning_Visitor,0,0.1,0,3,1,0.007232424,471.945995848,0
Returning_Visitor,0,0.03650708,0.807911386,1,1,0.000055006,2026.524621672,0
Returning_Visitor,,0.011361697,0,3,1,0.057311259,0.00000353,0
Returning_Visitor,0,0.001221112,0,2,3,0.003072966,5090.017376113,0
New_Visitor,0,0.000002857,,2,4,0,1088.579664795,1
Returning_Visitor,0,0.191607309,0,11,3,0.000000001,269.808883046,0
Returning_Visitor,0,0.004021069,0,2,4,0.001050447,443.865711167,0
New_Visitor,0,0.000770508,0,,1,0.1,575.651563266,1
Other,0,0.011652567,0,11,3,0.1,737.775963555,0
New_Visitor,0,0.01,0,2,3,0,,0
Returning_Visitor,,0.166098624,0,,1,0.033218265,123.796153445,0
,0,0.010576073,0,6,4,0.00050215,622.120112287,0
Returning_Visitor,0,0.009183842,0,2,1,0,330.05494089,0
Returning_Visitor,0,0.000000426,98.836943759,7,1,0,326.228841627,1
Returning_Visitor,0.4,0.1,0,2,1,0.000000056,1473.144693264,0
New_Visitor,0,0.056840266,0,2,-6,0.029009893,4726.772977438,0
Returning_Visitor,0,0.007737645,0,4,1,0.000001009,189.808496573,0
Returning_Visitor,0,0.022802716,0,3,1,0.05,1939.81395082,0
Returning_Visitor,0,0,0,3,3,0.001624348,558.055524534,0
Returning_Visitor,0.2,0.016698932,0,1,-6,0.010390894,1199.828730335,0
Returning_Visitor,0,,0,2,1,0.004402951,314.601530007,0
Returning_Visitor,0,0.00289878,0,1,1,0.01,1835.4085375,1
New_Visitor,0,0.249907973,0,2,-6,0.153147017,1236.103267747,0
Returning_Visitor,0.4,0.003520571,0,2,1,0.058232566,339.555442772,0
Returning_Visitor,0,0.129762686,4.581856042,2,4,0.01,111.554690794,0
Returning_Visitor,0,0.001415513,1.375124961,3,-5,0.000729231,2747.015924279,0
Returning_Visitor,0,0.048537626,0,11,4,0.019374549,250.483354047,0
Returning_Visitor,0.8,0.106531188,0,1,1,0.263299056,813.266698592,0
Returning_Visitor,0.8,0.002192014,0,1,3,0.000000043,2605.560823487,0
New_Visitor,0,0.004506304,7.125056494,3,1,0,833.980857947,1
Returning_Visitor,0,0.031338018,0,2,4,0.000092741,670.011498292,0
New_Visitor,0,0.175880463,23.036929517,1,-8,0.002022876,637.318705095,0
Returning_Visitor,0,,0,5,1,0.005190055,,0
Returning_Visitor,0,0.000659816,8.540666968,3,1,0,987.160563646,0
Returning_Visitor,0,0.000419269,0,1,-7,0.001271048,0.000003562,0
New_Visitor,0,0.000195328,0,,4,0.000038961,1458.31377069,0
Returning_Visitor,0,0.083878239,0,9,4,0,1236.966904527,0
Returning_Visitor,0,,18.213215409,2,-6,0,1370.175599007,1
Returning_Visitor,0,0.05,0,2,1,0,532.950285911,0
Returning_Visitor,0.8,0.005082413,0,3,2,0.003378991,2061.336602202,0
Other,0,0.05,0,1,1,0.05,1418.640297192,0
Returning_Visitor,0,0.00248328,0,3,3,0.000000945,387.572824311,0
Returning_Visitor,1,0.01,0,5,1,0,2207.912912893,0
Returning_Visitor,0,0.150721121,0,3,1,0.04652816,2175.045332309,0
Returning_Visitor,0.6,0.168855005,9.44609463,3,3,0.2,2699.540518753,0
Returning_Visitor,0,,7.724452082,4,1,0.001018894,,0
Returning_Visitor,0,0.001846593,0,2,1,0,596.983380016,0
Returning_Visitor,0.4,0.043025694,0,1,2,0.096606045,,0
,0,0.008221267,0,4,3,0.000000004,951.179602861,1
New_Visitor,0,0,0,2,1,0,1392.50735518,0
Returning_Visitor,0,,0,1,2,0,1426.159067179,1
Returning_Visitor,0,,0,1,1,0.000886289,207.783057081,0
Returning_Visitor,0,0.03502661,0,4,3,0.011115841,768.555129696,0
Returning_Visitor,0,0.029579422,,4,3,0.005054271,,0
New_Visitor,0,0.098303113,15.419767162,7,1,0.053896576,1862.950508268,0
Returning_Visitor,0.2,0.005691391,0,9,-8,0,1005.089458298,0
Returning_Visitor,0,0.000016541,0,1,1,0.000001182,86.198546901,1
Returning_Visitor,0,0.005760457,0.696413641,3,3,0.071052004,1590.219234074,0
New_Visitor,0,0.006863568,0,2,3,0,595.205990301,0
Returning_Visitor,0,0.006843618,0,8,-6,0,507.097068375,0
New_Visitor,0,0.005631505,21.189511388,10,-6,0.000794089,629.320726133,1
Returning_Visitor,0.2,0.042412717,0,2,1,0,3653.258162416,0
Returning_Visitor,0,0.209516515,9.161811208,2,3,0.016790774,,0
Returning_Visitor,0,0.005435769,35.066450868,17,1,0.000811221,828.660299828,0
Returning_Visitor,0,0.004384682,0,4,-6,0.000036182,1740.109749575,1
Returning_Visitor,0,0.003542713,0,,1,0,0.000003593,0
Returning_Visitor,0,0.1,0,2,1,0.006637474,1127.000140888,0
Returning_Visitor,0,0.007719201,10.257934373,2,3,0.005716926,285.08882969,0
Returning_Visitor,0.6,0.02,0,4,3,0.01,721.716347066,0
Returning_Visitor,0,0.057336915,0,,3,0.023675836,769.337763118,0
Returning_Visitor,0,0.016795111,0,2,-8,0.016417444,1688.658147856,0
Returning_Visitor,0,0.001340368,0,2,-8,0.000165907,1088.261764345,0
Returning_Visitor,0,0.041892423,7.28205992,4,4,0.032803643,2466.846015894,0
Returning_Visitor,0,0.042797182,18.080347487,3,-6,0,226.569767616,0
Returning_Visitor,0,0.05,21.462311309,3,4,0.009584313,1225.927788791,0
New_Visitor,0,0.027903696,0,4,-7,0,427.907430383,0
New_Visitor,0,0.055197859,0,1,1,0,380.323673056,0
New_Visitor,0,0.037961761,0,2,1,0.065311655,,0
New_Visitor,0,0.009184019,0,2,-7,0.000103329,968.878110401,0
Returning_Visitor,0,0.000010331,0,2,3,0.1,1363.261386088,1
Returning_Visitor,0,0.00011758,10.374742435,2,-6,0.02,982.798513355,1
Returning_Visitor,0,0.002528173,0,1,-7,0.007396087,2075.365649488,0
New_Visitor,0,0.053525518,0,3,3,0.000332444,983.955773632,0
Returning_Visitor,0,0.02775148,0,4,1,0.00205099,,0
Returning_Visitor,0,0.005784769,0,6,4,0.05,780.172677903,0
Returning_Visitor,0,0.009576339,0,3,3,1.221486341,,1
Returning_Visitor,0,0.002489525,,2,4,0,887.458933998,1
New_Visitor,0,0.002450559,0,2,1,0.057299604,473.64160551,0
Returning_Visitor,0.2,0.000011039,0,,1,0.01,2253.642252172,0
Returning_Visitor,,0.14452332,0,4,2,0.000027663,297.317687817,0
New_Visitor,0,0.042914642,0,1,4,0.0053906,1140.172597264,0
Returning_Visitor,0,0.000077959,,3,-8,1.281456958,1414.047736277,1
Returning_Visitor,0,0.171202736,4.353036232,5,1,0.086600851,470.996096275,0
New_Visitor,0,0.011637965,0,3,3,0.000027757,0.000003621,0
Returning_Visitor,0,0.176641616,0,3,1,0.174237266,856.854238665,0
Returning_Visitor,0.4,,25.728366593,5,1,0.002983657,2991.092201945,0
Returning_Visitor,0,0.431199906,0,11,1,0.000792021,973.596486868,0
Returning_Visitor,0,0.003344965,0,5,4,0.004278355,3128.03196011,0
New_Visitor,0,0.006348813,0,1,1,1.408148804,0.000003626,0
Returning_Visitor,0,0.055893906,0,4,2,0.000317209,198.260584865,0
Returning_Visitor,0,0.102470399,0,5,-8,0.002327919,1569.820581363,0
Returning_Visitor,0,0.001435614,0,8,1,0.000003695,2288.175722948,0
Returning_Visitor,0,0.056985249,0,,3,0.000117905,1158.378104493,0
Returning_Visitor,0,0.027621801,0,6,3,0.05,2017.416466173,0
Returning_Visitor,0.2,0.057229352,,2,-5,0.000023416,1183.128472405,0
Returning_Visitor,0,0.009631463,0,1,3,0.000016256,96.974671551,0
Returning_Visitor,0,0.086885014,0,4,1,0.000012332,,0
Returning_Visitor,0,0.05,0,3,4,0,686.670911264,0
Returning_Visitor,0,0,119.348610583,9,1,0,2013.45119062,1
Returning_Visitor,0,0.05,,2,1,0.02,353.7854912,0
Returning_Visitor,0,0.006923088,0,2,1,0.001974193,647.777217093,0
Returning_Visitor,0,0.001255953,21.76034754,2,3,0.000000001,2174.024167352,1
Returning_Visitor,0,0.001993424,0,2,1,0,308.773413042,0
Returning_Visitor,0,0.05513214,0,8,1,0.026097588,1063.399930148,0
New_Visitor,0,0.000398443,0,1,4,0.118779086,,0
Returning_Visitor,0,0.196400637,0,1,-7,0,993.867449036,0
New_Visitor,0,0.00002123,69.416421607,2,4,0.018265533,1199.132330325,1
Returning_Visitor,0,0.027334983,87.94789153,12,4,0,1278.516651826,1
Returning_Visitor,0,0.002354452,8.726766282,6,-9,0.000011212,388.703180949,0
New_Visitor,0,0.012462433,0,2,1,0,803.281900107,0
Returning_Visitor,0,0.000542051,0,2,-8,0.000545212,1220.712201278,0
Returning_Visitor,0.4,,,1,3,0.02,1016.198564773,0
Returning_Visitor,0.2,0.247783297,0,3,1,0.05700098,253.011136611,0
,0,0.233391855,0,4,-8,0.016284579,0.000003651,0
Returning_Visitor,0,0.203333068,0,1,-6,0.008937892,278.501207018,0
Returning_Visitor,0,0.000310493,0,1,3,0.000667753,667.349853794,0
Returning_Visitor,0,0.007638057,0,1,1,0,1499.326083117,0
Returning_Visitor,0,,0,2,3,0,898.219108732,0
Returning_Visitor,0,0.002048303,39.203868542,6,1,0.02,1751.997817448,1
Returning_Visitor,0,0.011349298,0,6,3,0.000487895,2270.518247375,0
Returning_Visitor,0,0.018380202,0,,4,0.000046725,96.555000216,0
Returning_Visitor,0,0.10702361,0,2,1,0.007274921,0.000003659,0
Returning_Visitor,0.2,0.009412226,,2,2,0.000000326,0.00000366,0
Returning_Visitor,0,,0,,1,0.008805269,1481.151978605,0
New_Visitor,0,0.011147943,0,,-7,0.02,1276.373425493,0
Returning_Visitor,0,0.004452702,0,7,1,0.000000007,2282.458909973,0
Returning_Visitor,0,0.132912311,0,2,4,0.000255872,1329.107141078,0
,0,0.02,6.327407543,2,-6,0.000001037,1427.249791512,0
Returning_Visitor,0,0.070600082,6.147562768,2,1,0.132622417,1202.299484979,0
Returning_Visitor,0,0.000227764,,5,2,0.004607222,794.128691756,0
Returning_Visitor,0,0.02930279,0,1,3,0.000376046,3813.627690894,0
Returning_Visitor,0,0.1,0,5,3,0.001775543,290.432578861,0
Returning_Visitor,0,0.2,0,2,-8,0.000097387,1343.128173249,0
New_Visitor,0,0.000050244,13.669384681,2,1,0,810.524820291,1
Returning_Visitor,0,0.008737988,0,2,1,0.000000011,1381.972222054,0
,0,0.002684326,0,2,1,0.003179467,428.477491364,0
Returning_Visitor,0,0.000123609,0,4,1,0.036456757,2630.990988748,0
Returning_Visitor,0,0.001906398,7.804057679,,4,0.033433018,968.241506958,0
New_Visitor,0,0.003685563,110.826260946,6,-6,0,1729.434690128,1
Returning_Visitor,0,0.01,,2,-7,0.001583475,1497.161387208,0
Returning_Visitor,0,0.04656777,0,4,-6,0.2,61.757584982,0
Returning_Visitor,0,0.05,0,14,1,0.039326428,0.000003679,0
Returning_Visitor,0.2,0.003256602,0,2,3,0,1223.621062665,0
Returning_Visitor,0,0.235828042,8.278292743,2,1,0.006758441,369.827130293,0
Returning_Visitor,0,0.108087334,0,3,2,0.004119017,0.000003682,0
Returning_Visitor,0,0.006697962,0,2,1,0.0024623,,0
Returning_Visitor,0,0.021258693,0,2,-6,0.003952853,3721.057515553,0
New_Visitor,0,0.2,8.732006369,1,1,0,,0
Returning_Visitor,0,0.1,0,2,-8,0.021395395,2397.590097422,0
Other,,0.039924323,0,2,-7,0,2166.592684126,0
New_Visitor,0,0.047445436,0,6,2,0.004988636,1028.083265445,0
Returning_Visitor,0.8,0.136420072,0,3,3,0.000007763,397.035807467,0
Returning_Visitor,0,,0,1,2,0.001469728,125.383437073,0
New_Visitor,0.6,0.022993793,0,4,-5,0.050138196,1626.146156849,0
Returning_Visitor,0,0.033235334,3.36517363,3,1,0.019017389,319.602256508,0
Returning_Visitor,0,0.00528888,0,3,1,0,599.419753721,0
Returning_Visitor,0,0,87.328010506,3,3,0.000084211,3002.384075571,1
Returning_Visitor,,0.041189823,41.287333556,2,3,0.00396976,2646.289031297,0
Returning_Visitor,0,0.02,0,6,-6,0.000014716,5089.088592585,1
Returning_Visitor,0,0.003948145,0,3,3,0.097484302,3306.509743567,0
Returning_Visitor,0.4,0.05,0,3,3,0.1,819.396405847,0
Returning_Visitor,0,0.053321398,4.887163212,4,-7,0,1091.90324292,1
Returning_Visitor,0,0.002313697,0,2,-7,0.02,501.174150797,0
Returning_Visitor,0.4,0.05,0,5,-7,0.07952781,1573.511315035,0
Returning_Visitor,0,0.026439167,0,1,1,0.000068131,1098.512145682,0
Returning_Visitor,,0.028370563,0,2,3,0.101475168,953.1679666,0
Returning_Visitor,0,0.031494144,0,1,2,0.007752207,2161.208265473,0
Returning_Visitor,0,0.008720309,0,10,2,0.00101512,798.542928992,0
New_Visitor,0,0.043118643,0,2,-8,0.000016813,2297.952213575,0
New_Visitor,0,0.041651266,0,3,-6,0.000264308,525.034641977,0
Returning_Visitor,0,0.015212816,0,2,3,0.006074312,600.399999889,0
Returning_Visitor,0.2,0.005138563,16.838104735,7,3,0,2930.053497445,1
New_Visitor,0,0.083150615,0,4,4,0.001439971,0.00000371,0
Returning_Visitor,0,0.00000001,0,7,1,0,2234.173529316,1
Returning_Visitor,0,0.094287543,0,6,3,0.011518686,0.000003712,0
Returning_Visitor,0,0.070146112,0,2,2,0.010043662,209.402684386,0
Returning_Visitor,0,0.000000006,0,2,1,0,2363.58955621,1
Returning_Visitor,0,0.006368903,0,,-6,0,653.009570009,0
Returning_Visitor,0,0.087517625,3.301755993,3,4,0.11032273,1349.731294954,0
Returning_Visitor,1,0.076467304,0,2,-8,0.003095258,633.419132093,0
New_Visitor,0,0.05,0,3,-8,0.00186491,1426.335458747,0
Returning_Visitor,0,0.119855808,0,,1,0.104435766,301.860862905,0
Returning_Visitor,0.2,0.107608748,0,2,3,0,1125.575455617,0
Returning_Visitor,0,0.103516473,0,1,1,0.000470911,2548.562248884,0
Returning_Visitor,0,0.080532125,0,3,1,0,642.393932316,0
Returning_Visitor,0,,0,1,2,1.19854358,242.491342213,0
Returning_Visitor,0,0.057252386,0,1,-6,0.020403982,771.774006968,0
New_Visitor,0,0.02,0,2,4,0.002342847,239.774932821,0
Returning_Visitor,0,0.007252424,0,,2,0.061649209,,0
Returning_Visitor,0.4,0.010000425,0,1,2,0.05646179,1962.21437208,0
New_Visitor,0,0.050720099,0,,-5,0.050718099,547.728376088,0
Returning_Visitor,0,0.102814598,0,1,3,0.006262623,968.557277115,0
Returning_Visitor,0,,0,4,-6,0,1944.030593566,0
Returning_Visitor,0,0.149555935,0,2,1,0.000000579,1129.653454321,0
Returning_Visitor,0,0.000261729,1.707057353,2,-6,0.000729837,2043.67399057,0
Returning_Visitor,0,0.018702519,,13,1,0.009396345,2307.237409278,0
,0,0.011643197,0,3,4,0.05,0.000003734,0
Returning_Visitor,0,0.000003892,30.208192467,4,-8,0,3549.960448883,1
Returning_Visitor,0,0.008736715,0,4,4,0,0.000003736,0
Returning_Visitor,,0.016381701,0,3,1,0.000042926,154.382431623,0
Returning_Visitor,0,,0,,1,0.000411633,666.943809712,0
,0,0,16.075179541,,-5,0.002730074,1232.359055126,0
New_Visitor,0,0.1,0,6,1,0.000046938,316.723626251,0
Returning_Visitor,0,0.003468643,0,7,3,0.007625368,494.050090952,0
Returning_Visitor,0,0.016102756,20.229460207,4,-6,0.003803052,,1
Returning_Visitor,0,0.000452378,0,15,1,0.000106959,778.710686514,0
Returning_Visitor,0,0.000000184,41.101309465,14,-6,0.015321175,1657.545839454,1
Returning_Visitor,0,0.132725426,0,2,1,0.000014738,340.738695275,0
New_Visitor,0,,0,3,1,0.000164348,613.014434804,0
Returning_Visitor,0,0.007224169,,2,-7,0.001572369,0.000003747,0
Returning_Visitor,0,0.074738437,0,1,3,0.000096779,254.37059273,0
Returning_Visitor,0,0.02,,1,3,0.01622295,345.990746228,0
Returning_Visitor,0,0.05,,4,3,0.10044045,0.00000375,0
Returning_Visitor,0,0.049667219,0,2,4,0.001735882,852.485383996,0
New_Visitor,0.4,0.1,0,3,-6,0.000024996,1366.502246384,0
Returning_Visitor,0,0.05,0,1,2,0,497.883252289,0
Other,0.2,0.037859383,0,2,1,0.000000323,649.099522998,0
Other,0,0.01,0,,1,0,,1
Returning_Visitor,0.4,0,0,2,3,0.003786674,230.597901141,0
Returning_Visitor,0,0.002608322,0,7,3,0.116935484,932.772535726,0
Returning_Visitor,0,0.147187908,0,1,1,0.005210051,438.973799828,0
New_Visitor,,,0,6,1,0.136527016,747.084082301,0
,0,0.082505042,38.882068174,4,-8,0,2948.779557896,1
Returning_Visitor,0,0.00033214,0,3,1,0.010540868,617.761660062,0
Returning_Visitor,0,0.006682188,28.40654787,4,3,0.05,596.854379786,0
,0,0.020213653,0,8,1,0.000895493,43.407207831,0
New_Visitor,0,0.109206122,45.704217894,2,3,0,259.826461689,1
Returning_Visitor,0,0.2,0,5,2,0.005198607,73.640732295,0
Returning_Visitor,0,0.132549518,0,1,4,0.05,,0
Returning_Visitor,0,0.000976008,16.724301184,1,2,0,1324.501507025,1
Returning_Visitor,0,0.008425939,0,2,1,0.01,633.510921358,0
Returning_Visitor,0.2,0.001291608,33.044613196,3,1,0.030478349,2164.642494668,0
Returning_Visitor,0,0.1,0,2,1,0.018108054,,0
Returning_Visitor,0,0.074084163,0,3,3,0.018559696,74.63776763,0
New_Visitor,0,0.002049973,0,2,1,0.000365004,1374.694490228,1
New_Visitor,0,0.00009659,16.208429527,3,3,0,5906.625497106,1
Returning_Visitor,0,0.004134407,0,4,1,0.01,3288.263948298,0
Returning_Visitor,0,0.012577138,0,1,3,0.019625864,208.146263071,0
Returning_Visitor,0,0.003865325,7.0810042,5,3,0,625.266906975,0
Other,0,0.034271245,0,7,2,0.023494994,163.486456483,0
Returning_Visitor,1,0.003064288,0,3,1,0.000361566,986.308718219,0
Returning_Visitor,0.6,0.001949216,0,2,2,0.01,961.00392318,0
Returning_Visitor,0,0.021269748,0,4,2,0.021246418,1905.428012006,0
Returning_Visitor,0,0.000390311,0,3,2,0.000003683,0.000003781,0
New_Visitor,0,0.022384126,0,1,1,0.1,448.010169866,0
New_Visitor,0,0.083435843,36.640935158,,1,0,3156.463430494,1
Returning_Visitor,0,0.016138045,0,4,1,0.01,921.670288062,0
New_Visitor,0,0.001035149,,8,1,0.000008609,309.629908552,0
Returning_Visitor,0,,0,2,-7,0.000007951,2715.698135879,0
New_Visitor,0,0.001534236,13.888433052,3,3,0.02,4019.627763009,1
Returning_Visitor,0,,10.472733858,1,3,0.00065895,,0
New_Visitor,0,0.000000149,0,4,3,0,,1
New_Visitor,0,0.012833326,8.274529151,1,1,0.000283736,33.64674469,0
Returning_Visitor,0,0.008827335,0,2,-6,0,2747.293591843,1
Returning_Visitor,0,0.089960477,0,2,3,0.000507841,0.000003792,0
Returning_Visitor,0,0.000016371,0,3,3,0.004422849,898.17069637,0
New_Visitor,0.6,0.05,0,4,1,0,817.312827739,0
New_Visitor,,0.028727754,0,1,1,0.040203618,96.775740828,0
Other,0.2,,47.95385457,1,1,0.015792805,590.435599008,0
New_Visitor,0,0.09306544,0,5,1,0.002111722,0.000003797,0
Returning_Visitor,0.4,0,0,3,3,0,1948.133709844,0
Returning_Visitor,0,0.1,0,2,1,0.006527071,812.207977687,0
Returning_Visitor,0,0.070497107,0,14,1,0.120256674,859.601976198,0
,0,0.011865714,0,2,-7,0,613.415574673,0
Returning_Visitor,0,0.2,0,1,3,0.03760798,0.000003802,0
Returning_Visitor,0,0.131696887,0,3,1,1.058001977,,0
New_Visitor,0,0.01,0,1,1,0.006728488,576.359294377,0
New_Visitor,0,,80.867658588,1,3,0.000002785,2175.211097916,1
Returning_Visitor,0,,,2,3,0.000006508,1648.886997994,0
New_Visitor,0.2,0.026313628,,4,3,0.018019995,,0
Returning_Visitor,0,0.003251398,0,11,3,0.00006824,195.335216304,0
New_Visitor,,0.001481131,35.856978905,4,-6,0.000000002,1664.239784924,1
Returning_Visitor,,0.044677852,7.511358641,4,4,0.000003381,599.374015932,0
New_Visitor,0,0.002230389,30.609308276,13,2,0.000299505,1601.824357929,1
Returning_Visitor,0,0.085711966,0,7,-8,0.01,1080.940823667,0
Returning_Visitor,0,0.051967533,38.466200569,3,1,0.05,1508.35340747,1
Returning_Visitor,0,0.02,0,1,1,0.065986618,1691.620395678,0
Returning_Visitor,0,0.008887881,0,2,1,0.005896421,,0
New_Visitor,0,0.000001367,27.691827695,2,4,0,5760.62243563,1
Returning_Visitor,0,0.002752169,0,2,4,0.017745836,776.730189265,0
Returning_Visitor,0,0.189771382,0,3,3,0.000032787,0.000003818,0
,0,0.111689111,0,1,-6,0,1764.7532421,0
New_Visitor,0,0.2,0,2,1,0.031227177,1192.01329077,0
Returning_Visitor,0,0.002049904,0,1,-7,0,2149.28197053,0
Returning_Visitor,0,0.085114225,4.478625104,2,3,0.033938367,155.419249298,0
Returning_Visitor,0,0.025261742,0,,-7,0.004687662,2028.831820097,0
Returning_Visitor,0,0.026748985,0,2,3,0.035093476,530.476877915,0
New_Visitor,0,0.130361411,0,4,-7,0.004177215,1503.851619944,0
Returning_Visitor,0,0.003485187,33.22130727,2,1,0.017427168,1815.763113291,0
New_Visitor,0,0.021106508,0,1,-8,0.002567164,209.473896527,0
Returning_Visitor,0,0.008754474,0,4,1,0.004058963,0.000003828,0
Returning_Visitor,0,,0,1,1,0,492.479998845,0
New_Visitor,0,0.094876684,0,,-5,0.000002614,770.60326345,0
Returning_Visitor,0,0.015724748,0,7,4,0,2219.774896957,0
Returning_Visitor,0,0.000000001,0,7,-7,0.008038147,237.660006558,0
,0,0.000615148,0,3,-5,0.000004796,1170.205906747,0
New_Visitor,0,0.036669129,0,2,-8,0.000900932,521.810919318,0
Returning_Visitor,,0.133219076,0,8,1,0.008759021,415.211554884,0
New_Visitor,0,0.014146345,0,,4,0,601.045056561,0
Returning_Visitor,0,0.02,5.443901058,2,3,0.05,2297.544244025,0
Returning_Visitor,0,0.054985477,17.240425238,5,-6,0.010154197,358.352110208,0
Returning_Visitor,0,0.01,,,1,1.497565103,0.000003839,0
Returning_Visitor,0,0.004235255,0,11,1,0,336.52667657,0
Returning_Visitor,0,0.000072198,,1,-6,0.2,2600.886203056,1
Returning_Visitor,0,0.052307578,0,4,2,0,880.555042368,0
Returning_Visitor,0,0.00337813,0,3,3,0.000263289,0.000003843,0
Returning_Visitor,0,0.299571582,0,4,4,0.00000694,1219.091007919,0
New_Visitor,0,0.010821884,4.03993707,1,1,0.017386719,0.000003845,0
Returning_Visitor,0,0.010887122,38.076641526,2,1,-0.243665457,1456.81492406,0
Returning_Visitor,0,0.013869291,0,4,1,0.05,698.07371483,1
Returning_Visitor,0,0.034994081,,1,1,0,1843.99631532,1
New_Visitor,0,0.027423527,6.304433387,7,3,0.009455463,,0
New_Visitor,0,0.015551936,0,1,1,0.003260383,246.798735859,0
New_Visitor,0,0,39.756130411,5,1,0,,1
Returning_Visitor,0,0.037325878,0,2,-6,0.075248354,1106.569163518,0
Returning_Visitor,0,0.045079764,0,5,2,0.078277097,2368.526419967,0
New_Visitor,0,0.003119078,0,2,1,0.045337177,2062.586177422,0
Returning_Visitor,0.4,0.061108088,0,,3,0.01,765.574661428,0
New_Visitor,0,0.000704439,0,1,4,0.02,3350.591828995,1
Returning_Visitor,0,0.000010664,0,8,2,0,2172.938342008,1
Returning_Visitor,,0.014115593,44.328573075,3,4,0.000000001,1456.791694921,1
Returning_Visitor,0,0.000707161,8.089289217,5,-6,0,626.684539139,1
Returning_Visitor,0.2,0.047091668,0,2,1,0.05,0.00000386,0
Returning_Visitor,0,0.023302105,0,1,3,0.030508687,0.000003861,0
Returning_Visitor,0,0.06709798,0,2,3,0.000002347,536.813548049,0
New_Visitor,0,0.002181565,0,4,4,0.033890525,,0
Returning_Visitor,0.2,0.2,0,3,1,0.005028305,414.728975215,0
Returning_Visitor,0,0.114729022,0,3,3,0.010388057,1577.532912288,0
New_Visitor,1,0.005158268,0,2,2,0.047335996,1383.121478353,0
Returning_Visitor,0,0.030699386,0,3,2,0.05,1092.490190785,0
Returning_Visitor,0,0.020670066,71.377717354,2,1,0,992.150024266,1
Returning_Visitor,0.2,0.000845781,0,2,4,0,0.000003869,0
Returning_Visitor,0,0.03318218,4.061889008,5,2,0,2090.656394674,1
Returning_Visitor,0,0.05,0,2,1,0.000000022,1636.903437394,0
Returning_Visitor,0,0.09515202,0,5,-7,0,859.673528549,0
Returning_Visitor,0.2,0.008368963,0,1,1,0.012441602,1524.149661353,0
Returning_Visitor,0,0.086052764,0,1,1,0.000063627,476.984085565,0
Returning_Visitor,0,0.055799453,0,3,1,0.01,1247.244678635,0
Returning_Visitor,,0.038964655,0,3,3,0.009934472,0.000003876,0
Returning_Visitor,0,0.023206659,0,1,1,0.191379071,647.38195332,0
Returning_Visitor,0,0.025924591,0,2,3,0.000554596,0.000003878,0
Returning_Visitor,0,0.014845272,0,2,2,0.032207903,,0
Returning_Visitor,0,0.036316781,0,3,1,0.000000027,1357.301318155,0
Returning_Visitor,0,0.008999228,0,2,3,0.019257261,351.655741598,0
Returning_Visitor,0,0.17196392,0,2,1,0.001507367,,0
Returning_Visitor,0,0.034253532,0,4,1,0.001334106,1286.359787953,0
Returning_Visitor,0.8,0.054061254,,5,1,0.000002065,0.000003884,0
Returning_Visitor,0,0.015434715,0,2,-6,0.000167598,406.150846709,0
New_Visitor,0,0.000417477,0,1,-7,0.073634617,0.000003886,0
New_Visitor,0.8,0.02,0,2,-8,0,703.622607232,0
Returning_Visitor,0,0.074248708,16.049657096,1,3,0.009761723,,0
Returning_Visitor,0,,0,2,-6,0.000330568,2244.747610998,0
Returning_Visitor,0,0.000154312,0,2,-5,0.009974935,830.366139755,0
Returning_Visitor,0,0.084772086,0,,4,0,602.294297065,0
Returning_Visitor,,0.211588848,0,7,1,0,2101.857841749,1
Returning_Visitor,0,0.01,0,1,-7,0,2000.276737191,1
Returning_Visitor,0,,0,,1,0,1086.02664519,0
New_Visitor,0,0.109946951,0,2,-7,0.008267336,178.636676289,0
Returning_Visitor,0,0.2,0,12,3,0.000065171,1386.686180058,0
Returning_Visitor,0,0.040840901,0,1,-7,0.100957471,545.364294836,0
Returning_Visitor,0,0.001897178,0,2,4,0.000268003,5169.324427549,0
Returning_Visitor,0,0.001095494,10.863284748,5,4,0,1054.579498919,1
Returning_Visitor,0,,0,9,2,0,311.451486193,0
New_Visitor,0.2,0.007054883,51.955924375,3,-9,0.1,1302.881974941,1
Returning_Visitor,0,0.030245282,0,3,1,0.068760736,375.786537429,0
New_Visitor,0,0.018337948,5.971188164,3,1,0.00056251,,0
Returning_Visitor,0,0.013649391,60.093666293,8,2,0.1,852.952318782,1
Returning_Visitor,0,0.005930553,0,3,-8,0.031657719,872.641683565,0
New_Visitor,0,0.131703813,0,1,4,0.000003541,2464.189271074,0
Returning_Visitor,1,0.01,0,4,3,0.0126606,1586.937738855,0
New_Visitor,0,0.092834169,14.548223897,3,1,0.05631298,2551.783436305,0
Returning_Visitor,0,0.1,0,3,-7,0,268.609602074,1
New_Visitor,0.4,0.018688275,0,3,-8,0.00979614,0.00000391,0
Returning_Visitor,0,0.131624578,0,2,2,0.000010046,1467.255313603,0
Returning_Visitor,0,0.008219684,0,11,4,0.000528961,1438.667985858,0
Returning_Visitor,0,0.2,0,4,1,0.005441883,206.170921187,0
Returning_Visitor,0,0.08000615,9.967035698,2,-6,1.298374927,670.087442841,0
,,0.01,0,5,3,0.01940035,927.298803223,0
New_Visitor,0,0.027294723,11.894880236,2,3,0.037915196,914.244531536,0
Returning_Visitor,,0.004312476,0,2,3,0,986.59492397,0
Returning_Visitor,0,0.012098835,0,2,-8,0.000005636,173.373969008,0
Returning_Visitor,0,0.094269492,10.773165669,1,-6,0.003734482,2585.420264685,0
Returning_Visitor,0,0.01,0,2,2,0.011804182,3879.213706712,1
New_Visitor,0,0.031413395,0,1,1,0.05,566.26038646,0
Returning_Visitor,0,0.000384617,39.414390329,3,-6,0,813.4062372,1
Returning_Visitor,0,0.000020679,125.824741475,2,3,0.000000108,636.486896229,1
Returning_Visitor,0,0.062423564,0,5,3,0,0.000003924,0
Returning_Visitor,0,0.1,0,2,1,0.000000002,920.628402674,1
Returning_Visitor,0,0.026886667,55.233161909,6,1,0,571.493206079,0
Returning_Visitor,0,0.000031708,0,2,2,0.011302686,0.000003927,0
Returning_Visitor,0,0.0096943,0,4,-6,0.000003161,1062.015249381,0
Returning_Visitor,0,0.041114003,0,12,1,0,3204.755503979,1
Returning_Visitor,0,0.2,51.482594912,6,-7,0.025050741,1673.358300043,1
Returning_Visitor,0,0.097044318,0,1,1,0.000019035,2925.309625841,0
Returning_Visitor,0,0.043574539,0,3,4,0.004147943,2543.229398334,0
Returning_Visitor,0,0.000611493,0,4,1,0.000000044,405.372136434,0
New_Visitor,0.6,0.056222384,0,5,1,0.036107788,599.961341436,0
Returning_Visitor,0,0.001304658,0,2,1,0.03307158,565.295231777,0
Returning_Visitor,0,0.1,0,2,-6,0.01,1010.65124361,0
Returning_Visitor,0.8,0.01087994,0,4,3,0.00072063,1420.449624429,0
Returning_Visitor,0,0.045832011,0,2,3,0,131.901126289,0
Returning_Visitor,0,0.030964159,0,1,1,0.048588108,1806.530825514,0
Returning_Visitor,0,0.016748587,0,1,-6,0.000045396,620.349189135,0
Returning_Visitor,0,0.021159967,29.165126109,9,4,0,1341.031302301,1
Returning_Visitor,0,0.00796645,0,,3,0.01,200.996872447,0
Returning_Visitor,0,0.030661727,0,2,1,0.1,627.266589131,0
Returning_Visitor,0,0.19473748,65.320197837,2,2,0.000587723,381.20633706,0
Returning_Visitor,,0.041358657,0,6,4,0.053608776,3804.859691095,0
Returning_Visitor,0,0.001583421,0,5,3,0,1091.764117834,0
Returning_Visitor,0,0.054578276,6.629416777,1,2,0.0112181,968.100920023,0
Returning_Visitor,0,0.008264162,19.296040107,5,1,0.000681412,0.000003948,0
Returning_Visitor,0,0.002401728,5.279197325,1,4,0,3390.152119399,0
New_Visitor,0,0.170014656,11.128275026,1,1,0,6568.053620664,1
Returning_Visitor,0.2,0.11637072,0,11,1,0.002445083,0.000003951,0
Returning_Visitor,0,0.019750846,49.827625069,1,-6,0,63.620103706,0
Returning_Visitor,0.8,0.000252123,0,7,-7,0.054615355,589.523842349,0
Returning_Visitor,0.2,0.024945006,0,2,1,0.000166808,1347.030931985,0
Returning_Visitor,0,0.000221693,25.176027004,2,1,0.000000137,2259.55695974,1
Returning_Visitor,0,0.1,0,1,4,0.050584741,2195.284732738,0
Returning_Visitor,0,0.034343262,0,12,1,0,2062.305404819,0
Returning_Visitor,0,0.00591032,0,2,4,0.077953293,2390.572943711,0
New_Visitor,0,0.000738376,0,3,1,0.002548822,1273.505548999,0
New_Visitor,0.6,0.011360734,0,1,-7,0.009941206,1361.044995475,0
Returning_Visitor,0,0.2,6.675992913,4,-7,0.000006005,2150.133916111,1
Returning_Visitor,0,0.013154195,0,3,4,0.03025605,1576.923531076,0
Returning_Visitor,0,0.0008151,3.215016447,2,2,0.000000069,303.233991297,1
New_Visitor,0,0.02,0,7,2,0.000848033,2015.462039668,0
Returning_Visitor,0,0.020234028,0,2,4,0.000230539,1912.350747855,0
Returning_Visitor,0,0.013512967,133.046882478,5,2,0.1,2169.181423165,1
Returning_Visitor,0.2,0.002310224,5.245806251,9,-7,0.05,1857.165561723,0
Returning_Visitor,0,0.000000702,3.264995993,5,4,0,1409.768809784,1
Returning_Visitor,0,0.010243696,0,1,1,0.000487532,641.347921886,0
Returning_Visitor,0,0.01294113,0,4,3,0,2745.720162941,0
Returning_Visitor,0,0.00415325,56.336504113,,2,0,1354.123276917,1
Returning_Visitor,0,0.003848917,0,3,3,0.002787361,1198.80861583,0
Returning_Visitor,0,0.063085632,0,3,3,0.013979113,873.115077324,0
Returning_Visitor,0,0.01,0,2,2,0.052837322,438.349940347,0
Other,0.2,0.029767011,4.122453777,1,1,0,337.802478276,0
Returning_Visitor,0,0.000608559,0,2,1,0.003643106,2397.33042719,0
Returning_Visitor,0.2,0.000048163,0,6,3,0.040036292,681.23755229,0
Returning_Visitor,0,0.238082765,0,4,3,0.1,0.000003978,0
Returning_Visitor,0,0.203233656,0,2,1,0.152008218,2224.831746142,0
Returning_Visitor,0,0.2,0,2,2,0.01,806.767462339,0
Returning_Visitor,0,0.00434666,0,3,4,0.018075547,220.057571108,0
New_Visitor,0,0.08001671,0,1,1,0.012566108,0.000003982,0
Returning_Visitor,0,0.000017356,0,4,4,0,574.708945078,0
New_Visitor,0,0.015175117,0,17,1,0.000010374,582.273638802,0
Returning_Visitor,0,0.000054118,45.752279957,5,4,0.030294792,1860.639975572,1
Returning_Visitor,0,0.002056541,0,,1,0.000137418,1038.339073639,0
Returning_Visitor,0,0.103980092,0,14,-8,0.003235147,1058.468473964,0
Returning_Visitor,0,0.043790852,0,3,1,0.001260868,194.091319275,0
Returning_Visitor,0,0.057765911,0,12,3,0.000734444,875.690811413,0
Returning_Visitor,0,0.038120117,0,1,1,0.01,581.396720086,0
Returning_Visitor,0,0.000000074,0,1,1,0,1188.026441131,0
Returning_Visitor,0,0.1,0,,1,0.05268819,2270.147970349,0
Returning_Visitor,0,0.054633699,0,4,1,0.005981295,3743.386556245,0
Returning_Visitor,0,0.093970281,0,4,1,0.083645648,0.000003994,0
New_Visitor,0,0.174227565,0,1,-6,0.045968751,553.487539742,0
New_Visitor,0,0.000030617,19.164080719,4,1,0,2280.463847875,1
Returning_Visitor,0,0.02840547,13.587356577,2,2,0.015522687,515.846876698,0
Returning_Visitor,0,0.009491242,0,4,4,0.034050145,,0
New_Visitor,0.4,,,4,1,1.233959597,962.719814636,0
Returning_Visitor,1,0.002156158,0,1,1,0.007329636,629.10889507,0
Returning_Visitor,0,0.016540733,17.240949723,,3,0.000436434,1815.98832334,0
Returning_Visitor,0,0.1,0,4,4,0.000679289,1873.790106439,0
New_Visitor,0,,0,11,-6,0.003377271,2493.112727987,0
Returning_Visitor,0.2,0.04567659,10.62870608,,1,0.022138829,0.000004004,0
Returning_Visitor,0.6,0.259970677,0,2,-6,0.000499449,854.435224243,0
Returning_Visitor,0,0.04809798,0,6,-5,0.000106926,3065.162258722,1
Returning_Visitor,0,,0,2,-8,0.02,829.91727269,1
Returning_Visitor,0,0.048314038,28.783018252,3,1,0.005174059,1317.272498696,1
Returning_Visitor,0.6,0.053405049,0,4,-8,0.007157251,2480.488063346,0
Returning_Visitor,0.8,0.043807688,0,1,1,0,630.462775266,0
Returning_Visitor,0,0.0548517,0,2,2,0.000094454,302.925824178,0
Returning_Visitor,0,0.019743233,2.325103239,3,1,0,1593.900379362,0
Returning_Visitor,0,0.000661648,0,3,1,0,463.668579084,0
Returning_Visitor,0,0.2,0,,4,1.257660645,451.623707074,0
Returning_Visitor,0,0.000041246,70.703209337,1,-8,0.000000042,306.751805322,1
Returning_Visitor,0,0.195425662,5.829755991,6,1,0.009192796,331.650509969,0
Returning_Visitor,0,0.002750275,0,1,1,0,369.287462996,1
Returning_Visitor,0,0,0,7,4,0.001812439,2808.393485315,0
Returning_Visitor,1,0.00082835,0,19,3,0.001336307,1964.402872661,0
New_Visitor,0,0.00939094,0,7,1,0,1320.22493749,1
Returning_Visitor,0,0.212157743,0,6,3,0.016091863,1239.509562056,0
New_Visitor,0,0.003476928,0,3,1,1.174395167,0.000004022,0
Returning_Visitor,0,0.001631089,0,3,-7,0.000043068,1705.960942179,0
Returning_Visitor,0,0.001188749,0,19,4,0.001634503,1057.001051634,0
,0,0.000032372,69.529433499,3,-5,0,,1
Returning_Visitor,0,0.034953384,0,1,3,0,573.681689269,0
,0,0.000759992,0,2,3,0.003782988,2532.417170176,0
Returning_Visitor,0.4,0.106360231,0,1,3,0.00000106,2229.541370477,0
Returning_Visitor,0,0.05,,8,1,0,0.000004029,0
Returning_Visitor,0,0.2,0,10,3,0,1759.19844085,0
Returning_Visitor,0,0.001503234,0,5,1,0.000193199,618.503792112,0
Returning_Visitor,0.6,0.000053272,0,1,3,0.017047059,1048.758503815,0
Returning_Visitor,0,0.241603176,23.942430546,,3,0.001754873,0.000004033,0
Returning_Visitor,0,0,0,1,3,0.000007386,2047.534699544,0
Returning_Visitor,0,0.02,0,2,1,0.000001364,1309.781426792,0
Returning_Visitor,0,0.058745568,0,3,1,0.024080339,812.71296134,0
Returning_Visitor,0,0.01,0,2,1,0.000041537,853.81689187,0
Returning_Visitor,0,0.149896436,0,2,3,0.008340953,0.000004038,0
Returning_Visitor,0.2,0.019443895,0,4,1,-0.212134062,723.88151165,0
Returning_Visitor,0.4,0.017722716,4.378431027,7,1,0,183.527595886,0
Returning_Visitor,0.8,0.142029663,8.209307279,4,1,0,788.341307799,0
Returning_Visitor,0,0.017017962,0,1,-5,0,3662.061482787,0
Returning_Visitor,0,0.02,0,8,3,0,2276.641706977,1
Returning_Visitor,0,0.052122149,0,,2,0.013362842,1224.94655765,0
,0,0.004610766,0,1,4,0.000365476,398.724956968,0
Other,0.2,0.001276377,,7,-8,1.20708264,1240.905433829,0
New_Visitor,0,,0,3,1,0.05,955.461975978,0
Returning_Visitor,0,0.002646046,0,2,4,0.000687257,116.293395497,0
New_Visitor,0,0.001474927,,1,1,0.000000198,1852.234740054,0
New_Visitor,0.4,0.009954807,0,7,-5,0,883.140894621,0
Returning_Visitor,0.6,0.003565188,,4,2,0.010635469,1093.498000167,0
Returning_Visitor,0,0.022029687,0,2,1,0.003849881,845.712513478,0
New_Visitor,0,0.052447029,0,1,1,0.005842177,1102.988029705,0
Returning_Visitor,0,0.137835511,0,3,-7,0.001837109,2993.057145695,0
,0,0,0,2,1,0.000047592,0.000004055,0
Returning_Visitor,0,0.196557471,0,1,2,0.002066701,1326.979584839,0
Returning_Visitor,0,0.078610378,9.189352382,4,-7,0.07531073,0.000004057,0
Returning_Visitor,0,0.05,,17,2,1.306611348,1502.681655661,0
Returning_Visitor,,0.057778663,0,10,1,0,,0
Returning_Visitor,0,0.085664426,0,2,3,0.034564996,411.005376365,0
Returning_Visitor,0,0.07468785,0,2,4,0.186969243,2335.772074074,0
Returning_Visitor,0,0.03751274,6.413222276,2,-6,0.0000002,289.602258798,0
Returning_Visitor,0,0.043151391,0,1,-6,0.003707193,0.000004063,0
Returning_Visitor,0,0.015935254,76.15696503,6,1,0.007362708,301.070670827,1
Returning_Visitor,0,,17.418074007,4,-6,0.000001161,,1
Returning_Visitor,0,0.01,29.511641654,2,2,0.000523575,,1
Returning_Visitor,0.2,0.000025007,0,5,3,0.05318295,936.734521104,0
Returning_Visitor,0,0.086981465,0,2,2,0.000200786,1138.29686842,0
New_Visitor,0,0.125555269,2.684382751,1,1,0.01,1602.292041501,0
Returning_Visitor,0,0.015510283,0,16,4,0.009024453,2596.915281617,0
,0,0.05,0,2,1,0.000001334,,0
New_Visitor,0,0.138620353,12.439591606,1,-8,0.000141542,173.281263817,0
Returning_Visitor,0.4,0.126576514,6.154986249,2,1,0,327.398026459,0
Returning_Visitor,0,0.007779432,0,2,1,0.028176772,2139.285793969,0
Returning_Visitor,,,7.114140316,2,3,0.000701937,229.488543593,0
Returning_Visitor,0.2,0.002593811,0,2,4,0.055577984,114.570754524,0
Returning_Visitor,0,0.1,0,3,1,0.001375768,299.293961955,0
Returning_Visitor,0.4,0.009322359,0,1,3,0.000048478,,0
Returning_Visitor,0,0.059940015,30.252134758,8,3,0.00000172,3751.311270469,1
Returning_Visitor,0,0.02,0,7,4,0.01,1496.761903649,0
Returning_Visitor,0,0.057201583,0,1,4,0.143149158,168.740706683,0
Returning_Visitor,0.4,,0,3,4,0.06080992,,0
Returning_Visitor,0,0.026054089,0,3,-6,0.018572497,940.513450684,0
Returning_Visitor,0,0.086338016,0,3,3,0.010831433,1950.089088762,0
Returning_Visitor,0,0.000812079,0,1,1,0.02,967.543357176,0
Returning_Visitor,0,0.011919932,0,2,-8,0.012384878,154.212827602,0
Returning_Visitor,0,0.2,5.695794021,2,1,0.000167456,391.616056683,0
Returning_Visitor,0,0.094446296,0,2,2,0,653.466873954,0
Returning_Visitor,0,0.029310756,0,4,1,0,264.079799837,0
Returning_Visitor,0,0.04204925,0,4,1,0.000010022,3222.481476429,0
New_Visitor,0,0.02,25.596492874,10,1,0,1606.574328087,1
Returning_Visitor,0.2,0,157.48858011,2,2,0,2107.606515872,1
Returning_Visitor,0.2,0.038231099,5.861495484,3,1,0.047791681,336.607783578,0
New_Visitor,0,0.020299703,12.793926395,2,4,0,815.529959169,0
Returning_Visitor,0,0.012780846,0,8,-7,0.000031268,,0
Returning_Visitor,0,0.000020498,0,4,1,0.089148814,457.703790249,0
New_Visitor,0,,0,2,-6,0.06567895,104.814987659,0
Other,0,0.000633482,0,2,3,0,369.4681748,0
Returning_Visitor,0,0.000390226,30.642062237,2,2,0.000000024,558.547914376,1
Returning_Visitor,0,0.025795808,0,3,-8,0.001076214,386.344736961,0
New_Visitor,0,0.108761503,0,2,-8,0.060478531,1460.525387354,0
Returning_Visitor,0,0.079212077,0,2,-6,0.011341693,1138.037229857,0
Returning_Visitor,0,0.029032353,0,1,1,0.000016723,668.722182111,0
Returning_Visitor,0,0.000189879,0,2,3,0.000000065,1294.568701762,0
Returning_Visitor,,0.063290066,0,4,4,0.213522004,368.799071973,0
Returning_Visitor,0,0.006913345,0,13,4,0.001921261,334.754589535,0
Returning_Visitor,0,0.00343022,0,14,1,0,740.12523871,0
Returning_Visitor,0,0.005788014,0,1,2,0.112170752,0.000004108,0
Returning_Visitor,0,0.000343994,10.614197126,5,4,0,473.42238097,1
Returning_Visitor,0,0.000133395,0,3,2,0,768.2358668,1
New_Visitor,0,0.101756014,19.872446979,6,1,0,442.690192555,0
Returning_Visitor,0,0.094301244,0,3,2,0.000000067,1448.957687598,0
Returning_Visitor,0.4,0.067296326,0,1,1,1.282795284,1503.078319998,0
,0.2,0.000068117,113.428796803,4,3,0,1034.756434264,1
Returning_Visitor,0,0.066065604,0,16,-7,0.118363319,0.000004115,0
Returning_Visitor,0,0.013641051,0,1,4,0.023653522,1244.313958482,0
Returning_Visitor,0,,0,2,1,0.212313147,863.822060365,0
New_Visitor,,0.02316966,3.818969155,2,3,0.02,282.233186728,0
Returning_Visitor,0,0.117610448,0,2,-8,0.01,1433.975446523,1
New_Visitor,0,0.008329208,0,9,3,0.05,0.00000412,0
Returning_Visitor,1,0.032631001,0,,3,0.00000732,239.860912381,0
Returning_Visitor,0,0.044264494,34.513144548,1,1,0,500.934849749,1
Returning_Visitor,0,0.000000318,14.198971563,4,-6,0.000000001,4047.256255944,1
Returning_Visitor,0,0.003436326,13.550708583,1,2,0,5915.452260132,1
New_Visitor,0,,0,3,1,0.000000828,,0
New_Visitor,0.4,0.009639738,0,2,1,0,238.52233239,0
New_Visitor,0,0.000003011,16.610272602,4,4,0,533.236642153,1
New_Visitor,0,0.008248328,0,2,1,0.00608025,631.027008932,0
Returning_Visitor,0,0.001231944,0,1,-6,0.003324652,1615.672806493,0
Returning_Visitor,0,0.001021051,0,4,-6,0,508.123618137,0
Returning_Visitor,0.2,0.000114305,12.320613448,2,3,0.01,1202.387883927,0
Returning_Visitor,0,0.302066468,4.109865958,5,4,0.000088284,404.20108856,0
Returning_Visitor,0,0.082800272,32.070451246,3,1,0,881.734885208,1
Returning_Visitor,0,0.0075049,0,2,1,0.005577335,1733.156628434,0
Returning_Visitor,0,,0,9,4,0.00019773,1823.395933197,0
Returning_Visitor,0.6,,0,3,1,0.2,1473.081198727,0
Returning_Visitor,0,,0,11,1,0.000006043,591.736335076,0
Returning_Visitor,0,0.047869783,0,2,4,0.002577907,2064.282611127,0
Returning_Visitor,0,0.003481501,51.600106903,1,3,0,971.849061485,1
New_Visitor,0.8,0.05,0,6,1,0.176603644,193.573189165,0
Returning_Visitor,0,,0,3,3,0.066654622,492.06928701,0
Returning_Visitor,0.8,0.00710657,0,2,4,0.00000395,,0
Returning_Visitor,0,0.058825806,0,1,-7,0,438.00337503,0
New_Visitor,0,0.009244112,0,7,1,0.000641444,265.115480393,0
Returning_Visitor,0,0.146977932,0,13,1,0.10992523,335.797409607,0
Other,0,0.005896878,0,2,4,0.06464049,846.422959544,0
Returning_Visitor,0,0.02,0,1,3,0.01,464.502863108,0
Returning_Visitor,0,0.069923286,0,1,4,0.088505974,1079.609504066,0
Returning_Visitor,0,0.01594899,0,2,3,0,532.281862491,1
New_Visitor,0,0.023625104,0,3,2,0.000000003,968.141521363,0
Returning_Visitor,0,0.057378615,7.294718521,6,1,0,546.573712124,1
Returning_Visitor,,0.034372034,0,2,3,0.00308507,1357.053798871,0
New_Visitor,0,0.003259471,,1,3,0.00216306,538.517137918,0
Returning_Visitor,0,0.007234171,5.38528181,1,-8,0.013676426,2195.851855432,0
Returning_Visitor,0,0.001814032,0,1,1,0.000010382,1328.940609714,0
Returning_Visitor,0.4,,0,4,1,0.006082395,398.575400746,0
Returning_Visitor,0,0.045579769,9.287519573,4,1,0,411.762503972,0
New_Visitor,0,0.002555883,6.468010905,1,1,0.000000108,499.685402808,0
Returning_Visitor,0,0.029415742,0,5,4,0.023311761,3771.187560123,0
Returning_Visitor,0,0.02,0,1,-6,0.001760215,,0
Other,0,0.078141613,0,3,1,0.000002331,1957.113183389,0
Returning_Visitor,0,0.178653232,0,1,4,0,591.178466223,0
Returning_Visitor,0,0.000096609,0,12,1,0.02614237,1708.391673818,0
Returning_Visitor,0,0.029313278,0,2,-6,0,1486.253073975,0
Returning_Visitor,0,0.006968857,0,5,3,0.080131453,1901.942828989,0
Returning_Visitor,0,0.001606184,0,2,1,0.006603248,352.148002576,0
Returning_Visitor,0,0.004904899,,9,1,0.000053677,67.551723768,0
Returning_Visitor,,0.012287267,0,2,1,0.001712852,1874.187523006,0
New_Visitor,0,0.030454266,0,1,-5,0.024923025,1718.138416104,0
Other,0,0.013482059,0,9,4,0.002302335,298.930057518,0
Returning_Visitor,0,0.091477855,0,2,1,0.014952866,,0
New_Visitor,0,0.05,0,1,3,1.443939557,2211.407479742,0
Returning_Visitor,0,0.072413445,0,3,1,0.000097954,0.000004173,0
Returning_Visitor,0,0.000566295,7.133955567,2,1,0.016838336,347.241473034,0
New_Visitor,0,0.039127954,,2,3,0,0.000004175,0
Returning_Visitor,0,0.03327382,0,3,3,1.244372759,983.885370709,0
New_Visitor,0,0.023072022,0,3,-8,0.060096294,907.81862342,0
New_Visitor,,0.006395777,0,13,1,0.002320902,,0
Returning_Visitor,0,0.007720047,0,2,1,0.027802094,2468.215047453,0
Returning_Visitor,0,0.120899173,0,2,1,0.000480561,433.911355604,0
Returning_Visitor,0,0.197708022,0,2,3,0.000002549,296.028007164,0
Returning_Visitor,0,0.002572629,0,2,1,0.005101336,1447.614040034,0
Returning_Visitor,0,0.000079977,0,3,1,0.000000358,1541.854191873,0
New_Visitor,0,0.022974626,0,6,1,0.015505481,0.000004184,0
Returning_Visitor,,,0,,3,0.002686059,1697.711829548,1
Returning_Visitor,0,0.031850517,0,2,1,0.02,2299.322642425,0
,,0.08474788,13.612971591,19,-8,0.03700853,554.790171265,0
Returning_Visitor,0,0.017020568,,19,3,0.000006263,639.775210497,0
Returning_Visitor,0.2,0.04783142,0,4,1,0.144558242,0.000004189,0
Returning_Visitor,0,0.1,0,2,1,0.00048617,833.037160188,0
Returning_Visitor,0,0.050148711,0,5,3,0.000365736,,0
Returning_Visitor,1,0.045200263,0,1,-7,0.008270138,0.000004192,0
Returning_Visitor,0,0.012849204,0,1,1,0.097965894,184.989408821,0
Returning_Visitor,0,0.240914108,0,3,4,0.191565659,599.413286796,0
Other,0.8,0.177121109,0,2,1,0.016114719,1139.888887362,0
Returning_Visitor,0.2,0.086888755,0,2,3,0.000001428,1438.513352994,0
New_Visitor,0.2,0.017457989,0,11,1,0.006071641,348.18262793,0
Returning_Visitor,,0.02,0,1,1,0,368.933224517,0
New_Visitor,0,0.005389001,0,2,3,0.235603853,1401.630785368,0
Returning_Visitor,0,0.011790304,8.149462426,3,-5,0.085517225,1340.098647446,0
Returning_Visitor,0,0.000121037,16.198318399,8,3,0.000647233,754.733888253,1
Returning_Visitor,0,0.02,0,2,1,0.005173984,55.467044085,0
Returning_Visitor,0,0,0,2,1,0,2084.173720613,1
Returning_Visitor,0,0.030127892,24.174099723,2,2,0.006856663,0.000004204,1
Returning_Visitor,0,0.02,24.738072971,5,3,-0.118917916,392.310457705,0
Returning_Visitor,,0.101408639,0,2,-5,0.001267188,1222.331504397,0
Returning_Visitor,0,0.000001722,17.039251139,2,2,1.037497034,234.910696926,1
Returning_Visitor,0,0.060828234,,3,3,0.00930591,1209.289995796,0
New_Visitor,0,0.2,153.419056962,5,-8,0,2886.250497539,1
Returning_Visitor,0,0.012948442,0,4,-8,0.000020007,1043.741639885,0
Returning_Visitor,0,0.034336629,0,5,1,0.059621479,990.524128371,0
Returning_Visitor,0.4,0.031013796,0.724584633,1,1,0.02,240.336899918,0
Returning_Visitor,0,,0,1,4,0.002247363,1346.326581038,0
Returning_Visitor,0.8,0.02,0,5,-6,0.2,883.776385918,0
Returning_Visitor,0,0.003731229,0,3,-8,0.11658469,217.0770508,0
Returning_Visitor,0,0.000748411,0,9,-8,0.017294749,1114.866760261,0
Returning_Visitor,0,0.02373246,0,1,1,0.008018388,358.516556409,0
Returning_Visitor,0,0.000216662,0,3,1,0.00669062,751.972233425,0
Returning_Visitor,0,0.228405594,0,3,1,0.007359639,121.931899071,0
New_Visitor,0,0.012581602,0,11,-6,0.090641484,209.93999619,0
Other,0.2,0.215495241,3.859428227,1,-5,0.01,,0
Returning_Visitor,0,0.018364463,0,4,1,0.002116443,265.815334563,0
Returning_Visitor,0,,0,2,-9,0.000000004,2769.364875344,1
New_Visitor,,0.045560505,0,1,1,0.01,3891.210727299,0
Returning_Visitor,0,0.033898947,,10,1,0.005019981,372.072267657,0
Returning_Visitor,0.8,0.171304854,0,1,1,0.003742649,499.308087504,0
Returning_Visitor,0,0.004221814,0,3,-8,0.000000027,627.525051061,1
New_Visitor,0,0.000270655,,1,1,0,523.164648481,1
Returning_Visitor,0,0.174197448,0,2,1,0.000097121,344.268830049,0
Returning_Visitor,0.2,0.008141607,0,1,1,0.047793945,849.81018442,0
Returning_Visitor,0,0.041520906,0,5,1,0.003113402,1070.593295395,0
New_Visitor,0,0.040603567,0,7,1,0.000435227,1050.58341102,0
,0,0.000305248,0,1,3,0.001873584,804.254178214,0
New_Visitor,,0.028202533,9.278579011,4,1,0.000578241,1168.33176914,0
Returning_Visitor,0,,0,1,3,0.010680134,1512.76126092,0
Returning_Visitor,0,0.037660575,0,2,1,0.000000709,1518.718775804,0
Returning_Visitor,0,0.084157618,,1,-6,0.00000002,2430.089012559,0
New_Visitor,0,,0,4,1,0.004094886,2319.332455072,0
Other,0,0.042248901,0,3,1,0.006695045,439.135660103,0
Returning_Visitor,0,0.005186389,0,10,3,0.1,787.54319846,0
Returning_Visitor,0,0.019507975,,2,-8,0.003486411,1139.642939834,0
New_Visitor,0,0.013702613,0,1,-6,0.000054104,903.573416936,0
Returning_Visitor,0,0.007315395,0,3,1,0,794.198215037,0
Returning_Visitor,0.2,0.006827005,0,1,1,0.015118467,2904.078371433,0
New_Visitor,0,0.094241535,1.78683036,1,1,0.001432625,337.880863794,0
New_Visitor,0,0.004646315,0,4,2,0.014467308,569.789661099,0
Returning_Visitor,0,0.021736543,,3,2,0.000027647,1277.15448352,0
Returning_Visitor,0,0.022213328,0,3,3,0.001112089,174.141356771,0
New_Visitor,0,0.000631224,72.410826686,4,1,0.000000003,2718.805925712,1
Returning_Visitor,0,,32.581632729,5,1,0,5628.811233996,1
Returning_Visitor,0,0.007640366,0,1,2,0.000013595,1029.011697469,0
,0,0.00066507,0,1,1,0.000041672,60.621927206,0
New_Visitor,0,0.001760685,0,2,-7,0.085460874,1215.172957999,0
Returning_Visitor,0,0.011577652,0,1,1,0.048800588,1787.255554852,0
New_Visitor,0,0.01,0,7,3,0.000070803,717.987051966,0
New_Visitor,0,0.003697014,0,2,1,0.000099806,5437.496772645,1
Returning_Visitor,0,0.000543373,2.087529615,3,1,0,0.000004257,0
Returning_Visitor,,0.057954531,0,3,4,0.000183678,0.000004258,0
Other,0,0.007678405,0,3,3,0.025900319,1940.22830488,0
Returning_Visitor,0,0.02428359,20.468785795,1,2,0.000209931,155.67808174,1
New_Visitor,0,0.02,0,2,-8,0.001039831,2493.320848935,0
Returning_Visitor,0,0.003915319,6.582951277,5,4,0.00712166,545.601936166,0
Returning_Visitor,0,0.081216315,0,3,-6,0.000176423,241.028623252,0
Returning_Visitor,0,0.042014152,0,8,1,0.000945099,127.43594986,0
Returning_Visitor,,0.001083192,,1,1,0.019875258,1107.438472631,0
Returning_Visitor,0,0.005841138,2.072769224,2,1,0.213341316,544.842046098,0
New_Visitor,0,0.064656874,0,2,-8,0.000929668,625.631299121,0
Returning_Visitor,0,0.204498023,0,14,-6,0,1045.435972895,0
Returning_Visitor,0,0.083388795,5.233042802,5,-7,0.021177429,592.945353862,0
New_Visitor,0,0.000009597,0,5,2,0,1422.885389113,1
,0,0.104284131,4.049141477,3,1,0.000004584,802.98021428,0
Returning_Visitor,0,0.007797649,,4,4,0.035696258,1610.502377696,0
,0,0.16084392,19.651382824,2,-7,0.141041285,452.879685548,0
Returning_Visitor,0,0.041928399,0,2,1,0,491.36958156,0
Returning_Visitor,0,0.0197427,0,,2,0.181287363,1507.87942852,0
Returning_Visitor,0,0.000255541,9.928917231,3,1,0.000035208,1724.631008447,1
Returning_Visitor,0,0.02,0,3,-8,0.01,372.021234608,0
Returning_Visitor,0,0.025377891,0,5,-8,0.05,1000.637801987,0
Returning_Visitor,0,0.000000194,65.203573188,3,-8,0.2,973.963409796,1
New_Visitor,0,0.041131304,0,2,4,0.000011505,1370.935501279,1
,0.6,0.159887049,0,1,3,0.047463561,430.949546417,0
Returning_Visitor,0,0.0179569,21.247503807,1,1,0.01,3257.607259207,1
Returning_Visitor,0,0.010389493,,1,-6,0.433078605,2661.047545255,1
Returning_Visitor,0,0.014730537,12.519330381,2,1,0,184.61965789,0
Returning_Visitor,0,0,0,5,-6,0.068785746,1222.764085483,0
New_Visitor,0.2,0.2,0,1,1,0.002002211,513.744787337,0
,0,0.018469541,0,6,1,0,1451.701407336,0
Returning_Visitor,0,0.011025085,0,1,2,0.000179975,1046.645357935,1
Returning_Visitor,0,0.007516859,9.214750075,4,1,0.05,,0
Returning_Visitor,0,0,0,11,1,0.040659965,1741.186971201,0
Returning_Visitor,0,0.011806886,12.895274391,1,-5,0.05,1100.383618774,0
Returning_Visitor,0,0.116461442,0,17,-8,0.000001817,198.614009473,0
Returning_Visitor,0,0.004926183,122.835060528,4,3,0,1098.293644041,1
New_Visitor,0,0.000688966,0,4,1,0.000112474,993.563945371,0
New_Visitor,0,0.02,0,2,1,0.013773336,2619.119507505,0
Returning_Visitor,0,0.005856759,0,4,3,0.022007587,1914.458290578,0
Returning_Visitor,0,0.01700059,0,2,3,0.000001804,,0
Returning_Visitor,0,0.025951776,39.289194407,4,4,0.000410748,984.39775753,1
Returning_Visitor,0.2,0.070845202,0,12,2,0,1558.394638008,0
New_Visitor,0,,9.24532932,1,3,0,,1
New_Visitor,0.6,0.10970305,,,3,0.012894989,1828.068036352,0
Returning_Visitor,0,0.016128658,0,4,4,0.000107301,582.565635448,0
Returning_Visitor,0,0.002883598,0,2,1,0.000119796,1868.836522951,0
Returning_Visitor,0,0.02,27.670437806,4,3,0.105658954,1586.398268231,0
Returning_Visitor,0.6,0.095307789,0,5,-7,0.014507508,272.088863103,0
New_Visitor,0,0.001755539,0,7,1,0,1628.873196385,1
Returning_Visitor,0,0.023123688,0,4,3,0.02,415.503001622,0
New_Visitor,0,0.040884959,0,1,1,0.000000443,2212.083523969,0
Returning_Visitor,0,0.004363154,0,3,3,0.015170897,156.984004124,0
Returning_Visitor,0,0.084205033,0,1,4,1.30600002,1276.445454114,0
Returning_Visitor,0,0.073612913,0,10,1,0.0017132,2178.19530116,0
Other,0.2,0.073172748,0,1,2,0.003227957,406.53866086,0
Returning_Visitor,0,0.1,,3,1,0.024082275,0.000004313,0
Returning_Visitor,0.4,0.02,0,2,2,0,,0
Other,0.8,0.014270529,5.172314084,2,4,0.059541761,2033.709377009,0
Returning_Visitor,0,0.158086612,0,10,3,0,0.000004316,0
Returning_Visitor,0,,59.954483503,5,3,0.000000055,3157.512072345,1
Returning_Visitor,0,0.044702485,0,2,-6,0.005174181,283.092871671,0
New_Visitor,0,,0,9,-7,0.027036852,2870.634181876,0
Returning_Visitor,,,0,1,-8,0.000038273,917.529452439,0
Returning_Visitor,0,0.2,0,9,4,0.017014793,1164.495146366,0
Returning_Visitor,0.4,0,0,7,-6,0.001567211,2554.767207545,0
Returning_Visitor,0,,8.133018866,4,1,0,981.333690211,1
Returning_Visitor,0,0.001482773,0,7,1,1.384610815,1089.3247395,0
Returning_Visitor,0,0.046856281,0,8,4,0.000620375,2637.592489538,0
New_Visitor,0,0.045787828,0,2,4,0.000583796,772.360679275,0
Returning_Visitor,0,0.000735295,0,5,1,0.053869113,1396.229677952,0
Returning_Visitor,0,0.176180271,0,1,4,0,2636.597932948,0
Returning_Visitor,0,0.012374806,18.438800184,4,1,0.1,1902.739584335,1
Returning_Visitor,0,0.030709707,0,3,1,0.01452479,574.928983513,0
Returning_Visitor,0,0.022446085,0,10,-8,0,2063.211120466,0
Returning_Visitor,0,0.2,0,13,-8,0.000751788,238.305879931,0
New_Visitor,0,0.025597852,7.910752311,2,-7,0.003896813,625.743550178,0
Returning_Visitor,0,0.056935703,9.670535663,2,1,0.078452714,940.112637436,0
Returning_Visitor,0,0.003313935,0,1,2,0.017594783,2344.765752401,0
Returning_Visitor,0,0.014384245,0,2,2,0.05,5050.373246865,0
Returning_Visitor,0,0.047235323,0,4,1,0.000381188,1801.667597006,0
Returning_Visitor,0,0,0,2,1,0,1711.39028888,1
,0,0.003352837,12.627875211,1,3,0.001119874,782.416847214,0
Returning_Visitor,0,0.002377793,10.694301758,4,2,0.05,303.71979621,0
Returning_Visitor,0,0.03623764,0,2,-6,0.2,2365.952055607,0
Returning_Visitor,0.4,0.029447938,10.012309219,1,-6,0.063121504,1512.126765101,0
Returning_Visitor,0,0.029961779,0,2,3,0.05,1037.070068199,0
Returning_Visitor,0,0.07221924,,3,3,0.000144333,662.396276196,0
New_Visitor,,0.028274362,5.511912751,5,1,0.192833295,164.134855692,0
Returning_Visitor,0,0.000081255,83.54496186,13,3,0.000000073,2706.150748934,1
Returning_Visitor,0,0.000615598,0,12,3,0,1723.198502724,1
Returning_Visitor,0.2,0,86.623738946,4,-5,0,1202.129651393,1
New_Visitor,0.4,,0,2,-8,0.000501873,369.77857085,0
Returning_Visitor,0,0.000178409,0,1,1,0.006084859,1225.675335197,0
Returning_Visitor,0,0.023673245,0,1,3,0.000067819,1023.943189251,0
Returning_Visitor,0,0.161491843,0,1,3,0,611.231903701,0
New_Visitor,0,0.000928275,0,2,3,0,125.774738601,0
Returning_Visitor,0,0.004816959,0,2,1,0.000684998,1430.181809045,0
New_Visitor,0,0.013291272,0,3,1,0.000853809,1413.052527745,0
Returning_Visitor,0,0.000131914,70.388310873,2,1,0.011499686,1209.943294415,1
Other,0,0.272965003,5.882789114,3,3,0.000484623,476.56762043,0
Returning_Visitor,0,0.002567344,0,2,4,0.033718548,856.152176369,0
Returning_Visitor,0,0.009970384,0,5,1,0,1719.593492557,0
Returning_Visitor,0,0.000255669,47.982630523,1,1,0,,1
Returning_Visitor,0,0.272156568,0,4,2,0.2,450.79142409,0
Returning_Visitor,0,0.003368717,0,3,3,0.000000041,1531.931293476,0
Returning_Visitor,0,0.018853454,0,1,-7,0,2047.192339405,0
Returning_Visitor,0,0.022260569,,4,3,0.000000578,1046.506592389,0
Other,0,0.027942159,0,2,3,0,,0
Returning_Visitor,0.2,0.050180941,0,2,1,0.000010436,,0
Returning_Visitor,0,0.016633154,5.228265752,4,1,0.026850084,0.000004367,0
Returning_Visitor,,0.004365988,0,1,3,0.001159988,2003.956436793,0
New_Visitor,0,0.01150861,0,2,-8,0.003436321,935.619602874,0
Returning_Visitor,0,0.012052764,0,6,1,0,2463.458127456,0
Returning_Visitor,0,0.037195766,0,1,1,0.01,1940.140430516,0
Returning_Visitor,0,0.038602045,0,1,-6,0.010370686,1812.189873377,0
Returning_Visitor,0,0.051700297,5.954927693,2,3,0.02,1879.100803079,1
Returning_Visitor,0,0.024691156,0,2,1,0.019355012,931.783324193,0
Returning_Visitor,0,0,0,4,1,0.000353127,2064.619512134,0
Returning_Visitor,0,0.008104106,0,,3,0,365.703150061,0
Returning_Visitor,0,0.009786342,10.98040832,3,-6,0,1880.777891187,0
Returning_Visitor,0,0.000909423,0,4,-6,0.000210865,1059.827590081,0
Returning_Visitor,0.4,0.058840461,0,7,-6,0,3402.583016992,0
Returning_Visitor,0,0.006080436,0,1,2,0.001993493,832.818629836,0
Returning_Visitor,0,0.006238717,0,3,3,0.000176069,,0
Returning_Visitor,0,0.050417262,0,3,3,0.029310704,2173.732110385,0
Returning_Visitor,0.6,,0,1,1,0.000149444,141.976098584,0
Returning_Visitor,0,0.027480578,0,,3,0.005787241,624.48769875,0
New_Visitor,0,0.01,0,,1,0,4137.150671694,1
Returning_Visitor,0,0.02081753,0,1,3,0.017582039,611.920171757,0
New_Visitor,0,0.002530961,0,1,1,0.001291422,1052.9976978,0
New_Visitor,0,0.00192544,5.309834715,4,3,0.000243588,2290.851886392,0
Returning_Visitor,0,0.009828148,0,,1,0.000381943,389.203089209,0
Returning_Visitor,0,,6.816718753,18,3,0.000012907,1069.582790189,0
Returning_Visitor,0,0.05,0,,2,0.029294329,0.000004391,0
Returning_Visitor,0,0.053337548,,6,3,0.022870142,1942.119353788,0
Returning_Visitor,0,0.01509695,0,4,1,0.000000003,1019.171143457,0
Returning_Visitor,0,0.009118878,0,2,-6,0.009099891,2844.13003661,0
Returning_Visitor,0,0.03082891,0,1,3,0.004982328,1463.947950895,0
New_Visitor,0.2,0.003943479,11.747441164,8,2,0.000044885,543.753695293,1
Returning_Visitor,0,0.037273359,0,,3,0.1,2964.736094417,0
Returning_Visitor,0,0.055351021,0,9,1,0.003664121,508.994455897,0
Returning_Visitor,0,0.000114671,0,1,2,0.022033506,0.000004399,0
Returning_Visitor,0,0.091093431,0,17,1,0.016891221,0.0000044,0
Returning_Visitor,0,0.144727127,,1,4,0.107976202,0.000004401,0
Returning_Visitor,0,0.026061456,0,,1,-0.21024151,1225.340381459,0
Returning_Visitor,0.6,0.05,0,3,3,0,1841.221987632,0
,0,0.000362772,0,6,1,0,609.901397352,0
Returning_Visitor,0,0.111039489,0,2,-7,0.033768363,361.582114738,0
Returning_Visitor,0,0.023960127,0,,3,0.00304351,1747.776149784,0
Returning_Visitor,0,0.079970789,0,1,1,0.002588158,0.000004407,0
Returning_Visitor,0,0.015954665,0,14,-8,0.02,1808.926094389,0
Returning_Visitor,0,0.063457801,8.399733543,2,-6,0.004292709,959.034583362,0
Returning_Visitor,0,0.03913708,0,2,2,0.02,1285.744282368,0
Returning_Visitor,0,0.008295151,0,6,1,0.000926849,1780.235145049,0
Returning_Visitor,1,0.01239594,,1,-8,0.039865159,0.000004412,0
Returning_Visitor,0,0.173442178,0,4,2,0.2,55.283529508,0
,0,0.018952533,0,2,2,0.006085312,239.113730761,0
New_Visitor,0.6,0.007672932,0,5,4,0.037930758,387.73142478,0
Returning_Visitor,0.6,0.026296407,0,2,1,0.006094096,405.999962634,0
Returning_Visitor,0,0.117684322,0,4,3,0.146828124,1045.527802652,0
Returning_Visitor,0,0.004044621,29.4915747,3,2,0.00556058,2784.556436758,1
Returning_Visitor,0,0.024507941,0,4,3,0.021734614,121.321799124,0
Returning_Visitor,0,,0,1,1,0.001877304,0.00000442,0
Returning_Visitor,0,0.007240841,,1,1,1.094450855,2797.944307252,1
Returning_Visitor,0,0.000103469,0,3,3,0,2379.609427104,1
Returning_Visitor,0,0.01,0,1,2,0.024250723,584.01675605,0
Returning_Visitor,0,0.060195791,0,7,3,0.000000152,1566.915618899,1
Returning_Visitor,0,0.027934762,0,2,1,0,25.685999708,0
Returning_Visitor,0,0.05,0,1,3,0.006092596,2135.623313488,0
Returning_Visitor,0.6,,,2,1,0,,0
Returning_Visitor,0,0.000307116,26.702968705,4,1,0,2075.12281738,1
Returning_Visitor,0.6,0.048683113,0,2,1,0.00237091,776.555235904,0
Returning_Visitor,0.4,0.062058235,0,2,1,0.078486941,845.57410268,0
Returning_Visitor,0,0.019077385,0,2,2,0.004330222,,0
New_Visitor,,0.003632993,0,1,1,0.018223512,1046.053635573,0
Returning_Visitor,0,0.086011834,0,2,-5,0,668.414992261,0
Returning_Visitor,0,0.001173167,0,1,2,0.003057115,456.8097804,0
Returning_Visitor,,0.007500201,,2,1,0.011725934,2133.583821596,0
Returning_Visitor,0,0.074155767,0,3,1,0.027850453,323.241711398,0
Returning_Visitor,0,0.261519999,0,2,1,0.05,1000.846481489,0
Returning_Visitor,,0.366088994,0,1,4,0.012483293,0.000004438,0
Returning_Visitor,1,0.020639775,0,2,4,0.011273755,940.440587756,0
Returning_Visitor,0,0.112384613,,1,2,0.01,629.744068692,0
Returning_Visitor,0,0.071257323,,2,1,0.009044457,955.135387012,0
Returning_Visitor,0,0.060390996,0,3,1,0.000167812,799.326490212,0
Returning_Visitor,,0.012458639,0,3,1,0.002408835,1435.26866725,0
Returning_Visitor,0.2,0.2,0,1,-7,0.000681155,1177.492953565,0
Returning_Visitor,0,0.005973027,43.038172026,3,3,0.000000002,4811.204813881,1
New_Visitor,0.2,0.026578866,0,2,1,0.000000854,1665.93577461,0
Returning_Visitor,0,0.054064646,0,2,2,0.0002139,0.000004447,0
Returning_Visitor,0.4,0.119441444,0,2,3,0.017117607,0.000004448,0
Returning_Visitor,0,0.064273441,0,6,-7,0.020057975,2285.211012468,0
Returning_Visitor,0,0.044789576,0,2,3,0.050297378,0.00000445,0
Returning_Visitor,0,0.006008876,0,,-7,0.003244122,2969.767596222,0
New_Visitor,0,0.093462593,0,3,3,0.000668223,239.866456234,0
,0,0.02,14.777723443,6,3,0.041082617,2003.309642481,0
New_Visitor,0.6,0.043576701,,1,1,0.02,0.000004454,0
Returning_Visitor,0,0.128573947,,3,-6,0.001815836,1630.244931979,0
Returning_Visitor,0,0.008648357,0,10,4,0.2,1947.506134758,0
Returning_Visitor,0,0.014336843,,1,3,0.022927094,1409.185768934,1
Returning_Visitor,0,0.005227887,0,15,1,0,154.460342948,0
Returning_Visitor,0,0.001774353,0,2,4,0.000973052,20.997771538,0
Returning_Visitor,0,0.10608039,,13,-6,0.000000134,518.902975486,0
Returning_Visitor,0,0.010520169,,7,1,0.000001516,2170.658050815,0
Returning_Visitor,0,0.000305276,0,1,1,0.015841023,,0
Returning_Visitor,0,0.017707039,0,4,1,1.29819205,1125.339584037,0
Returning_Visitor,0,0.028740984,10.411743501,1,4,0.062275635,838.296522801,0
New_Visitor,0.6,0.14679483,0,2,1,0.05,,0
Returning_Visitor,0,0.000024799,0,2,1,0.01,987.509322085,0
Returning_Visitor,0,0,0,11,3,0,4916.280172698,1
Returning_Visitor,0,0,0,2,3,0,765.444764307,0
Returning_Visitor,0,0.004942325,0,3,4,0.004908799,,0
Returning_Visitor,0,0.028736148,0,4,1,0,923.844676842,0
Returning_Visitor,0,0.010141997,0,3,1,0,1004.179933701,0
,0.4,,21.121296744,2,2,0.000000002,483.122787667,1
Returning_Visitor,0,0.004673758,0,3,2,0.023416879,,0
New_Visitor,0.6,0.004522318,0,2,-9,0.000041393,1160.634173016,0
Returning_Visitor,0,0.009410893,0,,4,0,606.571754819,0
Returning_Visitor,0.4,0.002877341,0,3,1,0.010338457,311.098731539,0
Returning_Visitor,0,0,0,2,-7,0.000853589,941.795585382,0
Returning_Visitor,0,0,,4,1,0.000000097,556.911640144,0
Returning_Visitor,0,0.102766456,0,1,1,0.002004591,1673.057576215,0
Returning_Visitor,0,0.068601392,0,1,1,0,5002.644456648,1
New_Visitor,0,0.05,0,5,1,0.2,1299.15071447,0
Returning_Visitor,0,0.035300233,,2,1,0.000046739,1350.493492943,0
,0,0.041222011,0,3,2,0.000312968,4410.587289039,0
Returning_Visitor,0,0.000001851,94.07366368,4,3,0,646.952515602,1
Returning_Visitor,0,0.048654308,10.342700599,4,-9,0.1,2245.607750605,1
Returning_Visitor,0,0.001682984,0,8,-8,0.000001262,2259.842070821,1
Returning_Visitor,0,0.000549682,42.333634916,2,1,0,1891.110739359,1
Returning_Visitor,0,,0,1,1,0.001019991,1596.019688742,0
Returning_Visitor,0,0.014212358,0,1,3,0,0.000004489,0
Returning_Visitor,0,0.053744246,0,7,3,0.000606974,0.00000449,0
Returning_Visitor,0,0.083975038,,5,3,0.000006068,1045.363949527,0
Returning_Visitor,0.2,0.025228313,0,2,1,0,,0
Returning_Visitor,0,0.122180193,0,1,1,0.000780948,1540.220984972,0
Returning_Visitor,0,0.035971246,16.362073269,13,2,0,1024.563827974,0
Returning_Visitor,0,0.000170024,4.25355902,5,3,0.027371807,1314.633859336,1
New_Visitor,0,0.015077098,0,4,1,0.00986592,217.945044813,0
Returning_Visitor,0,0.2,0,4,-7,0.000968451,,0
New_Visitor,0,0.006988646,0,1,3,0.013245124,2198.487471127,0
Returning_Visitor,0,0.020840033,0,1,1,0,435.432877874,0
Returning_Visitor,0,0.009461117,0,10,-9,0.05,1138.118697881,0
Returning_Visitor,0,0.028791873,0,4,3,0,1234.206578302,0
Returning_Visitor,0.8,0.000239268,0,3,1,0.002319541,1232.337938627,0
Returning_Visitor,0,0.060355688,0,,3,0.024672566,2008.139719247,0
New_Visitor,0,0.00010349,0,3,3,0.047768939,1486.941999288,0
Returning_Visitor,0,0.000000001,0,3,4,0,876.070045778,1
New_Visitor,0,0,52.377336905,5,1,0,5637.649591434,1
Returning_Visitor,0,0.008439889,0,8,4,0.060701836,,0
Returning_Visitor,0,0.006957641,0,1,3,0.00194458,269.460656244,0
New_Visitor,0,0.110689015,0,1,-7,0,483.200086543,0
Returning_Visitor,0,0.025110787,,1,1,0.018432332,146.020724121,0
New_Visitor,0,0.001925765,0,2,3,0.05,1403.431514178,0
,0,0.05408913,,4,3,1.296878037,934.741806182,0
New_Visitor,0,0.000269503,0,1,2,0,0.000004513,0
Returning_Visitor,0,0.028545766,0,4,2,0.003382511,0.000004514,0
Returning_Visitor,0,0.003445428,6.703134511,12,3,0.000000029,1448.584066675,0
Returning_Visitor,0,0.036383974,0,,3,0.015770957,153.800989535,0
Returning_Visitor,0.2,0.128760447,0,2,3,1.451396217,0.000004517,0
,0,0.036396169,0,12,1,0,654.00401271,0
Returning_Visitor,0,0.05,7.110831875,1,1,0,2924.552806887,1
New_Visitor,0,0.141763848,0,5,1,0.065467962,639.910554301,0
Returning_Visitor,,0.005251034,0,,1,0.059635058,628.493403162,0
Returning_Visitor,0.2,0.004649475,15.10011392,3,2,0.05,648.419704685,0
Returning_Visitor,0.2,0.263600397,0,1,4,0.002332824,918.225338885,0
Returning_Visitor,0,0,13.356370777,2,3,0,3122.182967832,1
Returning_Visitor,0.4,0.016892792,,2,1,0.023345076,,0
Returning_Visitor,0,0.132359683,0,1,4,0.064961866,409.957885084,0
Returning_Visitor,0,,0,2,3,0.030542026,99.916795538,0
Returning_Visitor,0,0.000528422,26.258886873,4,3,0.000800792,1172.8341586,1
Returning_Visitor,0,0.049472075,0,3,1,0.003357824,0.000004529,0
New_Visitor,0,0.000000072,,1,1,0,1357.68336483,1
Returning_Visitor,0,0.017223647,0,1,-6,0.023312004,1785.427322768,0
Returning_Visitor,0,0.102841244,0,14,1,0.005027453,1443.752267259,0
New_Visitor,0,0.00241031,28.597031194,6,1,0.000006639,3415.071132553,1
Returning_Visitor,0,0.05,0,2,1,0,76.897369877,0
Returning_Visitor,0,0.049545942,55.863593314,,4,0.045728765,179.127047488,0
Returning_Visitor,0,0.144094759,0,4,3,0.000669314,80.178888639,0
Returning_Visitor,0,0.013810164,0,4,1,0.043919965,733.299088051,0
,0,0.1,0,5,1,0.008076143,,0
New_Visitor,0.2,0.02,0,2,1,0.01,634.151534597,0
Returning_Visitor,0,,0,2,-6,0.000708823,1362.125160604,0
Returning_Visitor,0.2,0.295078127,0,1,1,0.015605896,505.620093713,0
Returning_Visitor,0,0.100583524,0,5,3,0.000002545,808.664081284,0
Returning_Visitor,0,0.064175317,21.662767988,5,3,0,6039.603178738,1
Returning_Visitor,0,0.001225535,0,3,3,0.207646902,1507.922563028,0
Returning_Visitor,0,0.05,0,7,3,0.000000349,2444.210045089,0
Returning_Visitor,0,0.001172533,0,2,3,0.016247348,463.460054267,0
New_Visitor,0,0.085111751,24.580389251,1,4,0.002278426,147.797930838,0
Returning_Visitor,,0.062418811,0,2,3,0.05,153.692338746,0
Returning_Visitor,0,0.023506263,0,2,3,0.067033165,443.43400646,0
Returning_Visitor,0,0.146783457,0,3,-7,0.198033892,922.974500278,0
Returning_Visitor,,0.063064898,11.375928305,2,4,0.000076241,1230.675052273,0
Returning_Visitor,0,0.070968292,0,5,1,0.014482508,1554.776142028,0
Returning_Visitor,0,0.027278829,0,5,1,0,1001.290867849,0
Returning_Visitor,0,0.2,38.921844631,1,4,0,0.000004554,1
Other,0,0.063526361,0,4,1,0.05143181,660.937260028,0
Returning_Visitor,0,0.003203443,0,3,-6,0.000058973,2872.019144901,0
Returning_Visitor,0,0.02,0,2,1,0,1136.176355511,0
Returning_Visitor,0,0.2,0,2,1,0.000000004,1026.228366487,0
New_Visitor,0,0.000287276,19.551819482,2,-9,0,2104.747918319,1
Returning_Visitor,0,0.2,9.703062211,3,1,0.1,2134.334429977,1
Returning_Visitor,0,0.098865588,0,2,-8,0.02,1068.839566698,0
New_Visitor,0.6,0.006940155,4.10848406,2,1,0,418.878690682,0
Returning_Visitor,0,0.062656509,16.111255048,13,-7,0.0008869,1311.23371212,0
Returning_Visitor,0.2,0.018514083,0,13,1,0,1101.361887045,0
New_Visitor,0,0.005816673,0,6,3,0.000299781,487.084202807,0
Returning_Visitor,0,0.045525625,0,3,3,0.000018281,881.111201062,0
Returning_Visitor,0.6,0.070257089,0,4,2,0.01,2914.021167593,0
Returning_Visitor,0,0.012873168,,7,4,0,771.281382814,1
Returning_Visitor,0,0,19.723510656,2,1,0.1,1992.977367745,1
Returning_Visitor,0,0.05,0,2,3,0.000000749,251.650625916,0
Returning_Visitor,0,0.011540206,,3,1,0,602.076902777,1
Returning_Visitor,,0.062448152,55.581894776,2,1,0.001734804,29.604202193,1
Other,0,0.277213963,,6,1,0.0198926,4037.128467775,0
Returning_Visitor,0.2,0.00690105,0,2,1,0.000192101,0.000004574,0
Returning_Visitor,,0.006493259,0,2,1,0.001137457,2135.797578562,0
Returning_Visitor,0.4,0.015829656,0,4,1,0.001097375,1640.114483655,0
Returning_Visitor,0,0,0,2,1,0.000021013,0.000004577,0
New_Visitor,0,0.032661538,0,5,1,0.000001481,777.453303739,0
Returning_Visitor,0.2,,0,3,3,0.006791205,34.276476578,0
,0,0.030818499,0,1,-7,0.000102362,82.47115063,0
Returning_Visitor,0,0.1,0,8,-5,0,186.858696366,0
Returning_Visitor,0,0.016887589,0,2,-8,0.000847703,738.78644169,0
New_Visitor,0,0.148277581,0,1,4,0.000650631,2010.361209814,0
Returning_Visitor,0,0.024538817,0,5,3,0.016067273,232.962644756,0
Returning_Visitor,0,0.010528982,0,4,3,0.119801287,479.720229138,0
Returning_Visitor,0,0,0,2,-8,0.02,509.884453255,0
Returning_Visitor,,0.060991721,0,2,1,0.000000396,562.072757455,0
Returning_Visitor,0,0.001344997,0,2,1,0,3610.326702678,1
Returning_Visitor,0,0.011438051,6.358701223,2,3,0.000000572,518.615659024,1
Returning_Visitor,0.6,0.00050523,0,2,-7,0.01,2148.899298691,0
Returning_Visitor,0,0.004345398,0,3,1,0.015758936,1909.9869708,0
Returning_Visitor,0,0.01,0,2,2,0.01,2718.981921678,0
Returning_Visitor,0,0.000365468,54.976729339,,-9,0,4590.389568092,1
New_Visitor,0,0.002066926,,2,-7,0.027554932,416.433431275,0
,0,0.02,0,6,1,0,0.000004595,1
Returning_Visitor,0,0.068985348,0,3,4,0.005997079,,0
Returning_Visitor,0,0.016407766,11.628220258,1,1,0.000308285,2900.600293128,0
Returning_Visitor,0,0.126569911,15.186715367,2,-6,0.049052283,968.222240805,0
,0,0.000235798,0,3,1,0.001851557,0.000004599,0
New_Visitor,0,0.2,0,3,1,0.072033301,296.150570639,0
New_Visitor,0,,0,1,3,0.05,832.333383996,0
Returning_Visitor,0,0.020786645,0,2,3,0.0501407,3893.717007294,0
Returning_Visitor,0,,12.557434214,1,1,0.021876624,832.190599731,0
Returning_Visitor,0,0.05,0,6,3,0,441.41115716,0
Returning_Visitor,0,0.002205327,0,9,1,0.247219523,470.788995418,0
Returning_Visitor,0,0.003084991,0,8,-7,0.000003754,289.02184875,0
Returning_Visitor,0,0.008194163,6.50459302,,-8,0.001625823,1534.240718526,0
Other,0,0.087626249,0,4,-6,0.000117493,960.526685038,0
Returning_Visitor,0.6,0.064556931,34.430661396,1,-6,0,1757.222405184,0
New_Visitor,,0.000077534,,2,1,0.00000646,3463.898472318,1
,0,0.002023719,0,3,1,0.031934065,3746.608574506,0
Returning_Visitor,0,0.03589836,0,2,4,0.036790093,800.887145034,0
Returning_Visitor,0,0.076465089,72.19894266,5,-8,0.010963968,528.125447594,0
Returning_Visitor,0.4,0.087596712,0,3,3,0.006540598,1158.090851295,0
Returning_Visitor,0.2,0.001177554,0,2,1,0.000000006,968.803844234,0
Returning_Visitor,,0.01564623,0,6,1,0,0.000004616,0
Returning_Visitor,0.6,0.053350009,0,5,1,1.185978309,0.000004617,0
Returning_Visitor,0,0.068937104,0,3,2,0,388.39399119,0
Returning_Visitor,0.4,0.002831777,0,2,-6,0,,0
New_Visitor,0,0.002459114,6.064984517,1,4,0,1170.485670644,0
Returning_Visitor,0,0.26297769,0,1,1,0.032411649,715.480732207,0
Returning_Visitor,0,0.054796162,0,1,3,0.000032289,664.354513468,0
New_Visitor,0,0.2,,2,1,0.009002322,793.767571325,0
Returning_Visitor,0,0.024462113,,2,3,0.02,552.389208752,0
Returning_Visitor,0,0.013576072,5.922717757,,1,0.02,,0
Returning_Visitor,,0.003049321,,2,2,0.0023078,0.000004626,0
Returning_Visitor,0,,0,15,1,0.000058757,3171.79398825,0
Returning_Visitor,0,0.009024284,52.920609919,3,-5,0,223.322442654,1
Returning_Visitor,0,0.000000003,8.288607718,5,1,0.000000036,538.778464021,1
Returning_Visitor,0,0.026813743,0,2,-7,0.001596251,322.89551412,0
Returning_Visitor,0,0.093314041,0,,3,0.036720733,1800.290932029,0
Returning_Visitor,0,0.000010173,80.952709657,2,1,0,1436.029784295,1
Returning_Visitor,0,0.022219943,0,1,3,0.032910458,2079.238022511,0
Returning_Visitor,0,0.015664199,0,5,1,0.002198136,610.491317897,1
Returning_Visitor,0,0.091478086,0,6,4,0.000004599,1163.165628196,0
Returning_Visitor,0,0.089557452,0,1,2,0.007486552,1850.012465226,0
,0,0.123041628,0,5,1,0.09326001,702.541578409,0
Returning_Visitor,0,0.067711656,0,13,1,0.042012588,1133.471284984,0
Returning_Visitor,0,0.015983827,0,4,3,0.000000004,1074.208206973,0
Returning_Visitor,,0.000009007,25.186371279,,3,0,2001.484558197,1
New_Visitor,0.6,0.000334122,0,4,1,0,293.090759772,0
Returning_Visitor,0,0.077093339,0,2,3,0,604.507706699,0
Returning_Visitor,0,0.038800554,0,2,1,0,969.263024631,0
New_Visitor,0,0.01,0,1,-8,0.000175172,3036.242400814,0
Returning_Visitor,0,0.01070673,0,2,2,0.013245232,1557.637774729,0
,0,0.2,0,2,1,0.104528646,1047.736180924,0
New_Visitor,0,0.006193809,25.146396304,5,1,0,5690.420993088,1
Returning_Visitor,0,0.144259369,,2,2,0.000006583,471.424894536,0
Returning_Visitor,0,0.001096936,0,2,3,0.034407826,2182.646630424,0
Returning_Visitor,0,0.116344285,0,5,1,0,73.461217105,0
Returning_Visitor,0,0.000723994,0,3,1,0.215144793,865.247226083,0
Returning_Visitor,0,0.001028963,0,1,1,0,189.358187575,0
Returning_Visitor,0,0.010939171,0,4,3,0.05,478.444976993,0
,,0.049753157,16.191925343,7,-6,0.003819639,611.925333705,1
Returning_Visitor,,0.006571213,0,,1,0,109.519901597,0
Returning_Visitor,0,0.105270627,10.349604241,4,4,0,,0
Returning_Visitor,0,,9.35794558,1,2,0.025395403,2412.169505014,0
Returning_Visitor,0,0.02979504,93.551770442,10,3,0.000008734,1517.035287083,1
New_Visitor,0,,0,2,1,0.011974231,3082.498753229,0
Returning_Visitor,0,0.006001119,0,11,1,0.01,206.268826367,0
Returning_Visitor,0,0.020354815,0,3,1,0.02,2640.6785546,1
Returning_Visitor,0,0.004341093,0,1,-6,0.000368994,1219.202233109,0
Returning_Visitor,0,0.073890888,0,2,1,0.02,0.000004663,0
,0,0,0,1,4,0,3067.644052489,1
New_Visitor,0,0.035639818,0,13,2,0.007517749,1915.453295062,0
Returning_Visitor,0,0.028449974,0,2,2,0.003002174,,0
Returning_Visitor,0,0.001186284,0,3,-6,0.02,1323.739708498,0
Returning_Visitor,0,0.029383784,0,5,2,0.015368013,1364.974325243,0
Returning_Visitor,0,0.002415385,,1,-5,0.000023997,0.000004669,0
Returning_Visitor,0.6,0.2,0,1,3,0.000518823,1088.70692544,0
Returning_Visitor,0.6,0.003711193,0,9,3,0.005709345,910.137410284,0
Returning_Visitor,0,0.026535444,0,11,1,0.000775109,2178.359445203,0
Returning_Visitor,0,0.066498478,0,4,3,0,517.956444539,0
Returning_Visitor,0,0.262665542,0,1,-7,0.02,196.801319858,0
Returning_Visitor,0,0.004124141,0,5,4,0.02,320.534902814,0
,0.2,0.006637889,4.823349707,5,1,0,1807.105694034,0
Returning_Visitor,0,0.206777668,0,9,3,1.310371032,,0
Other,0,0.057287497,0,3,-5,0.2,2629.081396521,0
Returning_Visitor,0.2,0.036559893,59.049635936,2,3,0.031777624,1419.65495909,1
,0,0.27564885,0,18,3,0,587.381516561,0
Returning_Visitor,0,0.006397922,0,14,3,0.006613398,4209.482057494,0
New_Visitor,0,0.064834002,0,2,1,0.00004698,58.449120629,0
New_Visitor,0,0.084758084,12.861066815,3,2,0.1,2031.065799983,1
Returning_Visitor,0,0.02,31.361348728,,4,0.000015401,851.48400827,1
Returning_Visitor,0,0.062647216,0,3,-7,0.000133278,,0
Returning_Visitor,0,0.000679227,0,2,1,0.00030046,544.544664574,0
Returning_Visitor,0,0.035022715,0,6,1,0.014237072,1902.36706608,0
Returning_Visitor,0.4,0.005297737,0,2,1,0.000977376,0.000004688,0
Returning_Visitor,0,0.030093975,0,2,-8,0,166.496721022,0
New_Visitor,0,0.001726339,0,1,4,0.001375065,1463.551313092,0
Returning_Visitor,0,0.122870974,0,,-6,0.010399864,2870.29741088,0
Returning_Visitor,0,0.078274898,0,2,1,0,795.558496395,0
New_Visitor,0,0.004112113,0,2,1,0.020465101,1129.590090698,0
Returning_Visitor,0,0.1,0,2,1,0.015556505,440.829406213,0
Returning_Visitor,0,0.001416932,0,4,4,0.000011626,1196.215960179,0
Returning_Visitor,0,0.105248615,0,2,4,0.000075601,308.093118436,0
Returning_Visitor,0,0.1,,2,1,0.006022789,498.314790417,0
Returning_Visitor,0,0.03377517,,1,2,0.001483062,2812.620886649,0
New_Visitor,0,0.021427991,0,4,4,0.024406594,362.564146991,0
Returning_Visitor,0,0.004093422,0,11,1,0,636.688090821,0
Returning_Visitor,,0.003867572,0,16,-8,0,2826.821472315,0
Returning_Visitor,0,0.174318704,0,2,2,0.000084676,,0
New_Visitor,0,0.060477214,0,8,4,0.013724134,449.250427483,0
Returning_Visitor,0,0.013789068,0,3,1,0.000051185,834.020188797,0
Returning_Visitor,0,0.046135917,0,3,3,0.000389169,1721.483058918,0
Returning_Visitor,0.2,0.001623837,0,9,-6,0.000000137,,0
New_Visitor,0,0.005730235,0,6,1,0,1834.945703549,0
Returning_Visitor,0.4,,3.156090532,2,-8,0.017069724,1291.307700042,0
Returning_Visitor,0,0.041227861,0,13,-8,0.000509649,100.943916986,0
Returning_Visitor,,0.00013246,0,1,-7,0.001102237,1770.960006862,0
Returning_Visitor,0,,0,3,-8,0.010359247,17.020423811,0
Returning_Visitor,0,0.036574331,58.049165854,3,3,0.02,3323.624438617,1
,0,0,0,1,3,0.023279457,2573.046567581,1
Returning_Visitor,,0.009858553,,3,3,0.00044607,4103.925170962,0
Returning_Visitor,0,0,29.100659368,9,3,0,,1
Returning_Visitor,0,0.000109066,54.566510048,2,3,0,3761.777243282,1
Returning_Visitor,0,0.018840194,0,3,4,0.003669167,939.174013646,0
New_Visitor,0,0.013646056,0,1,4,0.000200453,2217.232353694,0
Returning_Visitor,0,,0,2,1,0.00998213,1740.80737073,0
,0,0.000047241,22.189249102,2,1,0.071865625,1580.376127988,1
Returning_Visitor,0,0.002573292,0,1,1,0.172520669,2101.900624922,0
Returning_Visitor,0,0.01,4.914740767,1,1,0.000000132,72.963168281,0
New_Visitor,0,0.034052667,0,3,-7,0,487.161208946,0
New_Visitor,0,0.000603196,0,4,1,0.000000012,2132.767542039,1
Returning_Visitor,0.8,0.059424392,,4,-7,1.079006606,1245.672950264,0
Returning_Visitor,0,0.044870724,0,1,4,0.001137538,,0
Returning_Visitor,0.4,0.061462279,0,12,1,0.119356484,1823.901067826,0
Returning_Visitor,0,0.000199494,0,7,2,0,1542.427341332,1
New_Visitor,1,0.067438256,0,3,3,0.01836647,225.606422384,0
Returning_Visitor,0,0.027044535,0,6,1,0.000134512,994.170952198,0
New_Visitor,0,0,0,2,1,0.003432743,0.000004731,0
New_Visitor,0.2,0.044573027,0,,-6,0.00004115,610.475089366,0
Returning_Visitor,0,0.011242194,0,6,1,0,91.804611558,0
Returning_Visitor,0,0.00020356,39.19578795,2,2,0.004691826,472.252586236,1
Returning_Visitor,0.2,0.002795975,0,5,3,0.03725667,993.936647809,0
Returning_Visitor,0,0.038120503,0,5,1,0.000071868,961.81992201,0
Returning_Visitor,0,0.07767276,,1,2,0.006927237,1155.904790374,0
Returning_Visitor,0,0.048504659,0,1,1,0.000051436,1591.412852321,0
,0,0.025176106,0,5,1,0.038963845,1683.552389809,0
,0,0.024462072,0,2,-7,0,1218.86998412,0
,0,0.06533271,0,2,1,0.01,1652.845922604,0
Returning_Visitor,0.6,0.05514212,2.522129847,1,1,0.1,1292.190314131,0
Returning_Visitor,0,0.004812003,0,2,-7,0,3216.959503004,0
Returning_Visitor,0,0.01,0,1,-7,0,1479.283623354,0
Returning_Visitor,0,0.072182263,0,1,3,0.00080878,171.398043433,0
Returning_Visitor,0,0.051619834,,1,1,0.047567952,382.028649656,0
Returning_Visitor,0,0.161976741,0,,4,0,198.250452065,0
New_Visitor,0.4,0.057481607,0,2,1,0.033754868,3476.218108337,0
Returning_Visitor,0,0.004587958,0,10,1,0.01,1409.844782674,0
New_Visitor,,0.048218347,12.533126283,4,3,0.141893695,2749.925793944,0
Returning_Visitor,0,0.073692261,135.681245592,5,1,0,3950.528811829,1
Returning_Visitor,0,0.078585819,44.76638651,2,1,0.000000648,675.567941106,1
Returning_Visitor,0.8,0.000340995,0,2,-6,0.051209682,0.000004753,0
New_Visitor,0,0.2,0,1,4,0.080716327,2575.075247243,0
,0,0.039966783,0,3,3,0.000263425,841.360881664,0
Returning_Visitor,0,0.004941481,0,5,1,0,358.820255578,0
Returning_Visitor,0.4,0.05336993,0,8,1,0.000142865,994.400813891,0
New_Visitor,0,,32.694419843,1,1,0.020085223,1071.217551294,1
Returning_Visitor,0,0.2,8.340393149,4,-7,0.000616506,1321.21192181,0
Returning_Visitor,0.6,0.016438602,0,12,3,0.000299763,1440.085518937,0
Returning_Visitor,0,0.02473091,,2,1,0.185735765,2696.567071246,0
Returning_Visitor,0,0.028645287,0,3,2,0.000000103,86.704108365,0
Returning_Visitor,0,0.284325409,0,2,1,0.002479135,1441.667335092,0
New_Visitor,0,0.017546552,0,3,3,0,900.209843441,0
New_Visitor,0,0.000257068,,5,1,0.000187633,2359.849845806,0
Other,0,0.008693041,0,1,-7,0.026830881,0.000004766,0
Returning_Visitor,0.2,,20.385465369,2,1,0.003710918,1536.03965489,0
Returning_Visitor,0,0.000049608,11.913078575,2,2,1.294226879,978.245778238,1
Returning_Visitor,0,0.030904873,0,2,1,0.051624403,1207.072677888,0
Returning_Visitor,0,0.078029409,0,1,4,0.005041953,428.625395454,0
Returning_Visitor,0,0.02128822,68.389240824,1,1,0,1225.961024039,1
New_Visitor,0,0.000010948,0,1,1,0,2552.475349561,1
New_Visitor,0,0.000096756,0,4,1,0.027076102,668.226073334,0
New_Visitor,0,0.029211657,0,1,1,0.000000034,214.540456047,0
New_Visitor,0,0.023647727,0,4,4,0,3329.796345826,0
Returning_Visitor,0,0.038851837,0,3,1,0.000865038,540.829366195,0
New_Visitor,0,0.000199432,17.290865938,2,-8,0,,1
Returning_Visitor,0,0.16394334,0,2,4,0.003776158,1191.078001146,0
Returning_Visitor,0,0.001578079,0,2,1,0.005575684,743.002038937,0
Returning_Visitor,,0.035417911,0,2,2,0.000002809,,0
Other,0,0.017583537,0,4,1,0.038780422,1153.537765391,0
Returning_Visitor,0,0.004883853,0,2,-6,0.002806786,665.978925216,0
Returning_Visitor,0.6,,0,4,-5,0.063586162,1257.575858562,0
New_Visitor,0,0.000038156,0,7,3,0.000000048,712.11787036,1
New_Visitor,0.8,0.012830186,0,1,1,0.012857916,821.854715308,0
Returning_Visitor,0,,0,12,1,0.001660771,248.797578241,0
Returning_Visitor,0,0.155131886,0,1,-5,0.000374927,1501.847382106,0
Returning_Visitor,0,0.02,0,7,4,0.000502381,2053.650505111,0
New_Visitor,0,0.014391502,0,2,1,0.019965106,1978.185465887,0
Returning_Visitor,0,0.033934678,2.179851656,1,1,0.01812689,193.944136018,0
Returning_Visitor,,0.03359208,0,,3,0.000041152,1114.615830437,0
New_Visitor,1,0.005731973,0,1,-5,0.02,2304.092757042,0
Returning_Visitor,0,0,0,3,1,0.018854896,2377.004123359,0
Returning_Visitor,0,0.05,15.921848148,1,-8,0,1882.203774969,1
Returning_Visitor,0,0.174134847,0,4,1,0.02,1680.732582285,0
New_Visitor,0,0.009150001,0,1,4,0.009143275,977.870142423,0
Returning_Visitor,0,0.008966383,0,2,-6,0.000008249,990.377525149,0
Returning_Visitor,0,0.01011722,,1,4,0.000630019,6.840746588,0
Returning_Visitor,0,0.169980927,0,4,3,0.024495296,1510.98897125,0
Returning_Visitor,0,0.05,0,1,1,0.002097941,554.885192104,0
New_Visitor,0,0.000124734,0,1,1,0.120055325,3458.809900157,0
New_Visitor,0,0.012168032,0,,1,0.001369993,34.452195529,0
Returning_Visitor,0.2,0.109977313,0,10,3,0.000473029,418.823259357,0
Returning_Visitor,0,0.008561429,0,9,1,0.000642347,332.351855711,0
,0,0.027077623,0,1,1,0.001198476,2324.230958365,0
New_Visitor,0,0.042466562,0,1,4,0.000000003,3116.515144077,0
Returning_Visitor,0,0.162742217,0,4,4,0.0243001,1096.677032553,0
Returning_Visitor,0,,129.088357102,2,1,0,,1
Returning_Visitor,0,0.000021231,0,1,1,0.01,641.287001687,0
Returning_Visitor,0,0.02,0,1,3,0.05,,0
Returning_Visitor,0,0.047599121,9.026490393,1,-7,0.01,941.287089606,0
Returning_Visitor,,0.248851447,0,16,2,0,1037.887598199,0
Returning_Visitor,0.6,0.028210174,0,2,1,0.033156324,3046.072806906,0
Returning_Visitor,0.6,0.2,0,2,1,0.000001084,734.438767264,0
New_Visitor,0,0.048523861,,,1,0.057280252,2037.975835647,0
Returning_Visitor,0,0.05,0,5,1,0.007112534,4645.482612572,0
New_Visitor,0,0.000003786,34.981081485,6,4,0,1720.237505699,1
New_Visitor,0,0.043201464,0,2,-6,0,414.808619683,0
Other,0,0,0,,2,0.005956105,1641.970558008,0
Returning_Visitor,,0.076513999,0,3,3,0.000050909,0.00000482,0
Returning_Visitor,0,0.013709036,0,2,2,0,586.155576951,0
New_Visitor,,0.000000002,8.171863706,3,1,0,1611.527101754,1
,0,0.041883712,0,3,-5,0.1,531.954774549,0
Returning_Visitor,0,0.02,0,3,3,0.000007548,2420.965713355,0
Returning_Visitor,0.4,0.1,0,4,-7,0.103837528,346.387064194,0
Returning_Visitor,0,0.00150096,28.114650688,2,1,0,576.011057464,1
Returning_Visitor,0.4,0.009433378,0,11,2,0.000006567,1610.321956545,0
Returning_Visitor,0,0.07900425,0,3,1,0.000981825,422.031688288,0
Returning_Visitor,0,0.13629412,0,1,-7,0.002029603,1978.851328957,0
Returning_Visitor,0.2,0.000000001,0,1,3,0.000000007,2676.902137278,1
Returning_Visitor,0,0.000274444,0,4,1,0.000627189,3226.436221714,0
New_Visitor,0.6,0.000263949,0,4,3,0.000042279,1740.689635704,0
Returning_Visitor,0,0.030133944,27.342940687,3,1,0.002394543,706.064905619,1
Returning_Visitor,0.8,0.00025725,0,1,-6,0.090560797,1560.872734507,0
New_Visitor,0,0.2,0,5,3,0.051443042,1079.472718131,0
Returning_Visitor,0,0.033384381,2.433329394,2,1,0.000112439,3705.715646934,0
New_Visitor,0,0.00006403,25.462324778,2,-6,0.031636757,336.30976943,1
Returning_Visitor,0,0.000350625,0,4,-5,0,2814.689398538,1
Returning_Visitor,0,0.010439233,0,2,-5,0.025929716,735.941837156,0
Returning_Visitor,0,0.085507308,0,3,3,0.007311254,483.6927749,0
Returning_Visitor,0,0.1,0,1,1,0.000000861,5452.41332945,1
Returning_Visitor,0,0.04557964,2.058657209,2,1,0,347.860799761,0
Returning_Visitor,0.8,0.10170947,0,,1,0.11532164,3306.286087884,0
New_Visitor,,0.10981588,0,5,3,0.005105617,557.909045379,0
New_Visitor,0,,0,4,1,0.099019531,2306.22757412,0
Returning_Visitor,0,0.000059039,2.278834082,4,1,0.05,0.000004846,0
Returning_Visitor,0,0.129245595,5.587504771,5,4,0.010997407,0.000004847,0
New_Visitor,0,0.011007401,0,1,1,0.007369344,547.794486972,0
New_Visitor,0,0.027735048,0,1,3,0,1503.339834198,0
,0,0.014636601,0,2,1,0.000000254,1111.886783603,0
Returning_Visitor,0,,0,4,2,0.01,227.940592293,0
New_Visitor,,0.328940515,0,5,3,0.012121343,2769.153649545,0
New_Visitor,0,0.00000001,17.427783703,2,4,0,1672.057312664,1
Returning_Visitor,0,,0,5,1,0.018021814,1814.626303483,0
Returning_Visitor,0,0.212770431,0,8,2,0,714.149849457,0
Returning_Visitor,0,0.135066128,0,2,3,0,0.000004856,0
New_Visitor,0.8,0.029027464,0,2,-8,0.015728225,0.000004857,0
Returning_Visitor,0,0.007266321,8.096089538,10,1,1.075260399,674.343805583,0
Returning_Visitor,0,0.008037509,0,2,-6,0.05,159.918839983,0
Returning_Visitor,0,0.000068849,25.133856044,4,3,0.000000313,5603.865576614,1
New_Visitor,0,0.04425418,0,2,1,0,1304.655953513,0
Returning_Visitor,0,0.202784316,0,1,2,0.040812634,2299.916182225,0
Returning_Visitor,0,0.068920705,0,2,-8,0,431.268025631,0
Returning_Visitor,0,0.037546766,0,11,-5,0.000429616,854.501348284,0
New_Visitor,0,,0,2,3,0.000000413,,0
,0.2,0.127621906,0,1,1,0.019345063,3524.70523081,0
Returning_Visitor,0,0.05,20.660508071,2,-8,0.000010772,1263.918489033,1
Returning_Visitor,0.4,0.01521986,10.314993037,12,1,0.002549175,808.390372744,0
Returning_Visitor,0,0.1,0,2,-8,0.005863124,0.000004869,0
Returning_Visitor,0,0.0019772,0,2,1,0.004628526,1981.923524163,0
Returning_Visitor,0.8,0.03070111,0,1,1,0,0.000004871,0
New_Visitor,0,0.003071938,0,2,1,0.01,767.702802735,0
New_Visitor,0,0.000030229,,5,2,0.06775755,939.788752052,0
Returning_Visitor,0,0.00905968,2.422324677,2,3,0.011524025,516.509146475,0
New_Visitor,0,0.066178379,3.278531555,1,1,0,353.38956828,0
New_Visitor,0,0.031230817,0,1,3,0.007729722,1184.585083256,0
Returning_Visitor,0,0.002247155,0,7,3,0.02,668.457502393,0
Returning_Visitor,,0.000076552,0,3,2,1.26578269,749.939567186,0
New_Visitor,0,0.000006876,25.284879242,19,3,0.000000001,408.847390748,1
Returning_Visitor,0,0.001905307,0,2,4,0.000127387,419.20290204,0
New_Visitor,0,0.2,0,5,-6,0,955.86989284,0
Returning_Visitor,0,0.12682563,16.119477703,2,1,0,1515.202147785,1
Returning_Visitor,0,0.038875076,0,3,1,0,547.240128005,0
Returning_Visitor,0,0.05,,2,1,0.072400359,632.752521221,0
Returning_Visitor,0,0.100404626,0,1,1,0.231776566,1068.197748458,0
Returning_Visitor,0,0.019965678,0,5,3,0,682.12232552,0
Returning_Visitor,0,0.044725573,0,2,1,0.039653386,1465.369963418,0
Returning_Visitor,0,0.010285592,0,7,4,0.1,0.000004888,1
Returning_Visitor,0,0.017635658,0,5,1,0.000027097,1018.86080651,0
Returning_Visitor,0,0.001152071,39.513697754,4,3,0,2347.639563461,1
Returning_Visitor,0.4,0.014480392,0,3,1,0.076126993,2107.525289583,0
New_Visitor,0,0.01964093,7.551719224,7,-7,0.000289277,581.22060704,0
Returning_Visitor,0.2,0.093352154,0,5,-7,0,214.931938259,0
Returning_Visitor,0.2,0.183992425,0,1,1,0.022098832,242.6510739,0
Returning_Visitor,0,0.001516242,0,5,-6,0.000524491,0.000004895,0
Returning_Visitor,0,,0,1,2,0.093682978,941.300258953,0
Returning_Visitor,0,0.003365199,23.596903149,4,2,0.09354742,0.000004897,0
New_Visitor,0,0.010776293,0,1,4,0.002916566,733.049908486,0
Returning_Visitor,0.8,0.027355889,0,3,1,0,467.104486188,0
Returning_Visitor,0,0.0318098,0,,1,0.000000124,2154.578888563,1
Returning_Visitor,0,0.047069158,0,1,2,0.008725487,0.000004901,0
Returning_Visitor,0,0.005328948,13.751979867,5,1,0,703.840659554,1
Returning_Visitor,,0.05470337,46.048919397,9,1,0,1978.75734695,1
Returning_Visitor,0.4,0,0,6,2,0,466.678221376,0
Returning_Visitor,0,0.015426323,12.652098069,,1,0,1381.106309484,1
Returning_Visitor,0.4,0.053959831,0,1,1,0.000011995,2296.25229505,0
Other,0,0.012182684,,15,1,0.00022004,1427.012758739,0
Returning_Visitor,0.8,,0,2,3,0.0216422,2206.745489448,0
New_Visitor,0,0.003445336,0,2,-7,0.020356083,1865.42669585,0
,0,0.026862315,0,3,3,1.115569751,2220.84890252,0
Returning_Visitor,0,0.008871281,0,2,4,0.002283514,1541.851599364,0
Returning_Visitor,,,0,3,1,0,2166.249396899,0
New_Visitor,0,0.000002903,27.909996797,2,-6,0,1050.380012293,1
New_Visitor,0,0.004832152,0,1,-5,0,1676.23519056,0
Returning_Visitor,0.2,0.005922734,0,3,-5,0.012943506,2781.265464017,0
New_Visitor,0,0.119131099,0,2,1,0.063702835,1232.355307786,0
Returning_Visitor,,0.000716738,0,2,1,0.113131714,559.865399534,0
New_Visitor,0,0.058013507,0,4,2,0.02,2034.273055149,0
New_Visitor,0,0.115520683,0,7,1,0.074374751,575.018018073,0
Returning_Visitor,0,0.05,0,2,4,0.00638015,493.596678309,0
Returning_Visitor,0,0.075970711,0,6,1,0.000360867,414.552148767,0
New_Visitor,0,0.089708192,0,2,3,0.013142612,592.209460041,0
Returning_Visitor,0,0.000000222,0,3,1,0,3354.928002451,1
Returning_Visitor,0,,0,1,1,0.009270185,519.789632807,0
Returning_Visitor,0,0.181020113,0,5,-6,0.007239288,460.028341099,0
Returning_Visitor,0,0.036737794,0,1,2,0.000000334,2630.126140951,0
Returning_Visitor,0,0.1,0,14,4,0.003535193,1528.687108859,0
Returning_Visitor,0,0.032526889,10.487382155,4,1,0,252.96594632,0
,0,0.126128893,0,7,3,0.005856479,1428.743557887,0
Returning_Visitor,,0.005329117,0,1,4,0,945.244636244,0
Returning_Visitor,0.2,0.001890292,0,4,1,0.007471885,1003.043032586,0
Returning_Visitor,0,0.00129335,21.176386522,7,3,0.015049222,79.912955775,0
,0,0.002839036,38.765865039,2,-6,0.017080983,1098.458762071,0
Returning_Visitor,0,0.020055314,0,18,1,0.165914262,508.947018446,0
Returning_Visitor,,0.041707093,0,2,1,0.000000335,1198.452236698,0
Returning_Visitor,0,0.02,0,3,4,0,112.327737685,0
Returning_Visitor,,0.003370608,0,,-7,0.008974399,778.625208104,0
Returning_Visitor,0,0.000272862,0,4,1,0.01,166.165539394,0
Returning_Visitor,0,0.029396779,0,3,-5,0.00435198,4766.38494137,0
Returning_Visitor,0,0.19935296,52.412018622,10,2,0.000000006,,1
Returning_Visitor,0,,0,3,1,0.00218833,342.931277102,0
,0,0.025847675,0,13,-6,0.126946517,324.23577101,0
Returning_Visitor,0.4,0.176964947,67.944929613,2,1,0.000291567,555.50319533,0
Returning_Visitor,0,0.065003349,0,2,-7,0.002008752,0.000004944,0
New_Visitor,0,0.169260363,0,3,1,0,2691.384374623,1
Returning_Visitor,0.8,0.018589535,0,2,3,0.000008116,1015.504491164,0
Returning_Visitor,0,0.03536271,5.83718193,2,1,0.000006694,2754.820680971,0
Returning_Visitor,0,0.074474679,29.358137823,2,1,0.000089427,577.990013258,0
Returning_Visitor,0.2,0.092695899,0,4,1,0.025361098,1361.183227993,0
Returning_Visitor,0.8,0.000052602,0,4,1,0.023670799,1005.204417592,0
Returning_Visitor,0,0.1,0,5,-7,0.2,2280.711463489,0
Returning_Visitor,0,0.24355067,0,,1,0.000564487,209.859960575,0
Returning_Visitor,0,0.106695368,2.655549386,5,-8,0.05,1384.584577024,0
Returning_Visitor,0,0.019576561,0,2,1,0.000353211,,0
New_Visitor,0,0.052417346,0,7,1,0.000007523,,0
New_Visitor,0.6,0.031078432,11.327401365,3,2,0,,0
Returning_Visitor,0,0.000032793,16.841965127,6,-8,0.017899199,7100.025145392,1
Returning_Visitor,0,0.01283601,0,3,-6,0.000138051,966.357531349,0
Returning_Visitor,0,0.000134749,3.89068782,9,-5,0,851.984589365,1
Returning_Visitor,0,0.001676568,0,3,1,0.003806438,1924.16261876,0
Returning_Visitor,0,0.1,0,2,3,0.004377386,1073.814163964,0
Returning_Visitor,0,0.026320663,43.809422658,1,1,0,804.083037911,1
Returning_Visitor,0,0.054665949,0,3,3,0.007839099,4608.29144719,1
Returning_Visitor,0,0.02,0,15,1,0.000014982,1289.883772274,0
New_Visitor,0,0.000616718,50.204425053,7,1,0.001433828,3196.836024135,1
Returning_Visitor,0,0.016793581,0,2,1,0.016690927,2832.421415142,0
New_Visitor,0,0.026557809,0,1,-7,0.02,146.915082197,0
Other,0.2,0.008213013,0,2,1,0.001662988,1219.864880382,0
Returning_Visitor,0,0.1,0,1,1,0.002448358,1223.908367628,0
New_Visitor,0,0.01,0,4,3,0,413.895162759,0
New_Visitor,0,0,18.709591401,2,1,0.000000109,1478.518755154,1
New_Visitor,0,0.000026675,0,,1,0.000000044,2313.812998633,1
New_Visitor,0,0.004907175,0,2,-6,0.001248764,92.935570777,0
New_Visitor,0,0.000001976,2.747102763,3,3,0,2173.459190237,1
Returning_Visitor,0,0.043949895,0,5,1,0.1,0.000004975,0
Returning_Visitor,0.4,0.074119282,0,4,-7,0,597.915837542,0
Returning_Visitor,0,0.0130302,,2,-6,0.003158951,0.000004977,0
Returning_Visitor,0,0.008037143,0,2,1,0,978.561420465,1
Returning_Visitor,0,,7.796399269,1,-9,0.079833357,,0
New_Visitor,0.8,0.10081789,0,5,-7,0,3602.907149495,0
Returning_Visitor,0.8,0.027979755,0,3,3,0.00483785,0.000004981,0
Returning_Visitor,0,0.032685988,0,1,2,0.048765007,1133.618894107,0
Returning_Visitor,0,0.000187964,0,4,3,0.054672175,1519.760632857,0
Returning_Visitor,0,0.281577812,9.681140457,4,3,0.064652683,830.558357625,0
Returning_Visitor,0,0.027955915,0,7,2,0.015788031,760.467591577,0
Returning_Visitor,0.2,0.113246475,0,2,2,0.05,1306.156867974,0
Returning_Visitor,0,0.001594937,0,2,1,0.001331722,,0
Returning_Visitor,0,0.05,0,6,3,0,247.554682064,1
Returning_Visitor,0,0.013190831,0,2,3,0.05,0.000004989,0
Returning_Visitor,0,0.000052799,8.988099118,1,-7,0.000000094,,1
Returning_Visitor,,0.006457458,0,6,2,0.03141351,1559.284521963,0
Returning_Visitor,,0.1,0,2,1,0.009347467,403.360205746,0
Returning_Visitor,1,0.010658072,0,2,3,0.00226082,1567.577748741,0
Returning_Visitor,0,0.002115104,0,3,4,0.000000062,1974.611637927,0
Returning_Visitor,0,0.047157981,15.928952959,14,-6,0.05,2140.169259941,1
Returning_Visitor,0,0.007318725,0,2,-6,0.000047628,815.248169152,0
Returning_Visitor,0,0.411298828,0,4,-6,0.003821333,21.028459249,0
Returning_Visitor,,0.058972156,0,2,1,1.449196543,0.000004998,0
Returning_Visitor,0,0.020084972,0,3,3,0.05,127.771902352,0
,0,0.000016382,27.906447952,5,4,0.01,856.79615302,1
Returning_Visitor,0,0.020615615,0,3,1,0.003007195,577.941593055,0
Returning_Visitor,0,0.06316783,0,4,4,0.000104917,0.000005002,0
New_Visitor,0,0.019939436,0,2,4,0.031159402,878.152820377,0
New_Visitor,0.6,0.01,0,2,1,0.032600065,1256.491042487,0
New_Visitor,0,0.003249034,0,2,2,0.003350568,1775.078637826,0
Returning_Visitor,0.8,0.004778724,0,6,1,0.001772192,1176.82047416,0
Returning_Visitor,0,0.058344785,13.840711887,1,3,0,392.088755305,0
Returning_Visitor,0,0.032330388,0,1,1,0,481.729404692,0
Returning_Visitor,0,0.008018452,56.773741975,8,4,0,1771.983302571,1
Returning_Visitor,,0.079406503,0,6,1,0.006614619,,0
Returning_Visitor,0,0.027767102,1.860126844,1,1,0.000029597,1692.457216755,0
Returning_Visitor,0,0.022325593,0,5,-8,0.00388574,370.309557824,0
Returning_Visitor,0,0.018056244,,1,2,0.01,1590.794575731,0
Returning_Visitor,0,0.007929156,0,2,1,0,,0
Returning_Visitor,0,0,25.512173991,6,1,0,706.87032328,0
New_Visitor,0,0.021137285,,2,-6,0.011053837,727.042723046,0
Returning_Visitor,0.2,0.000003608,27.621432241,2,-7,0,3991.967117869,1
Returning_Visitor,0,0.100700219,0,2,3,0.00001546,689.64076426,0
New_Visitor,0,0.000385765,50.215171407,1,3,0.000118826,176.875400565,1
Returning_Visitor,0.2,0.000230751,0,2,4,0.160421946,699.136250388,0
New_Visitor,0.8,0.005539398,0,10,1,0.000224473,1090.313927017,0
New_Visitor,0,0.035731357,6.699243861,2,3,0.000033716,913.106519223,1
Returning_Visitor,0,,55.710731607,1,3,0.010362935,733.637916172,1
New_Visitor,0,0.018186019,0,3,3,0,546.348300096,0
Returning_Visitor,0,0.000113544,0,5,1,0.000000136,1791.023655887,0
New_Visitor,0,0.008225413,0,3,1,0.003943508,666.575138028,0
Returning_Visitor,0,0.009333273,0,2,1,0.001201996,695.90034472,0
Returning_Visitor,0.2,0.003805209,3.158582525,2,1,0.010092424,2900.442632121,0
Returning_Visitor,0,0.034985362,13.077414259,1,1,0.00018422,0.000005029,0
Returning_Visitor,0,0.000242463,0,1,-7,0.013724986,61.053228318,0
New_Visitor,0,0.108878555,,9,3,0.000806943,1836.708233377,0
Returning_Visitor,0,0.1,0,5,4,0.001500445,2520.753242059,0
Returning_Visitor,0,0.020056031,0,1,3,0,0.000005033,0
Returning_Visitor,0,0.026055437,0,3,3,0.007358639,547.456948461,0
,0.6,0.03764869,0,4,3,0.001640097,3584.444459635,0
Returning_Visitor,0,0.2,0,4,-8,1.309943109,838.710719155,0
Returning_Visitor,0,0.047364666,0,9,-6,0.019461593,,0
Returning_Visitor,0,0.118938265,0,2,-8,0.00328219,0.000005038,0
Returning_Visitor,0,0.05,0,2,1,0.063819404,2067.787516714,0
Returning_Visitor,0,0.028332596,0,2,-6,0.010476743,995.297670779,0
New_Visitor,,0.132842869,0,1,1,0.000329413,225.549297882,0
Returning_Visitor,0,0.020482451,0,5,1,0.00089856,1781.146886958,0
Returning_Visitor,0,,0,3,-7,0.1,212.294001131,0
New_Visitor,0.8,0.000584862,0,,3,0.000297266,450.684610066,0
Returning_Visitor,0,0.008616472,22.476430426,,1,0.000346169,736.593734618,0
Returning_Visitor,0,0.093446557,0,1,-6,0,0.000005046,0
Returning_Visitor,0,0.013218356,0,1,3,0,2050.03486227,0
Returning_Visitor,,,0,1,1,0,532.772901797,1
Returning_Visitor,1,0.123558267,8.82660434,9,4,0.006375286,526.407995875,0
New_Visitor,0,0.055510395,0,7,3,0.015240723,285.939734869,0
Returning_Visitor,0,,0,3,-8,0.003850095,1170.354410289,0
Returning_Visitor,0,0.2,0,3,4,0.000505638,1077.17078989,0
Returning_Visitor,0,0.172543073,0,13,1,0.002700242,1552.561491208,0
Returning_Visitor,0,0.1,0,2,3,0.00000506,1769.64873564,0
Returning_Visitor,0,0.005745253,,2,1,0,,0
Returning_Visitor,0,0.00001261,22.2987997,3,2,0.001560382,1747.781733966,0
Returning_Visitor,0,0.064583577,0,1,-6,0.00322782,770.181296272,0
Returning_Visitor,0.8,0.000083065,0,7,1,0.007885252,1661.764772555,0
Returning_Visitor,0,0.00030663,0,6,3,0,356.272710957,1
Returning_Visitor,0,0.004939894,0,,2,0.109016969,672.642818893,0
Returning_Visitor,0,0.034884416,0,2,-9,0.334747491,1489.236489278,0
Returning_Visitor,0,0.009104061,0,7,1,0.027308734,1631.076832403,0
New_Visitor,,0.044883197,,1,-7,0,1832.34650814,0
Returning_Visitor,0,0.010319849,0,4,-5,0.02668153,4836.261072418,0
Returning_Visitor,0,0.116981186,0,2,-7,0.01784166,1693.502478212,0
Returning_Visitor,0,0.005040979,0,5,4,0.237806077,1805.492543477,0
Returning_Visitor,0,0.000000337,29.865412713,3,-6,0,1657.824226845,1
Returning_Visitor,0,0.148777211,0,2,-8,0.022689156,671.610962881,0
,,0.049453025,0,1,4,0,1766.444190991,0
Returning_Visitor,0,0.206297134,0,4,4,0.001032677,494.590289828,0
New_Visitor,0,0.01,4.591220065,1,4,0,1011.924994497,0
Returning_Visitor,0,0.083872283,3.213915394,11,2,0,686.722684243,0
Returning_Visitor,0,0.104402604,,10,1,0.02,502.293752251,0
New_Visitor,0,0.180633766,0,3,1,0.019576527,2151.843544205,0
Returning_Visitor,0.8,0.086406119,0,2,3,0.000001134,2292.07842655,0
Returning_Visitor,0,0.000000005,,3,3,0,1054.392314066,1
New_Visitor,0,0.015152036,0,3,2,0,2251.442903423,0
Returning_Visitor,0,0.000574006,0,2,-8,0,1134.252726659,0
New_Visitor,0,0.039114683,5.002406181,3,-7,0.004662956,714.817618953,1
Returning_Visitor,0,0.002092296,,1,3,0.000000898,672.524137162,1
Returning_Visitor,0,0.001972564,0,3,3,0.000024279,1356.942463724,0
Returning_Visitor,0,0.024129151,0,1,4,0.000000491,871.93734155,0
Returning_Visitor,0,0.054445422,14.259791733,1,1,0.003996026,171.051473247,0
Returning_Visitor,0,0.052066574,8.202217196,3,4,0.065973722,634.692044534,0
Returning_Visitor,0,0.010387887,0,1,4,0.01007743,608.333280439,0
New_Visitor,0,,0,4,4,0.000000007,536.15954778,0
Returning_Visitor,0,0.01,,1,1,0.1,1744.4866348,0
Returning_Visitor,0,0.090204513,0,3,3,0.003232009,0.000005088,0
Returning_Visitor,0.2,0.000468272,0,4,3,0.001158156,1157.158415231,0
Returning_Visitor,0,0.1,25.437537985,,1,0.003048565,2080.036958262,1
New_Visitor,0,0.02,,2,2,0,203.106855055,0
Returning_Visitor,0,,0,4,4,0.082286294,1253.400722817,0
Returning_Visitor,0,0.011275283,0,3,1,0.038382629,,0
Returning_Visitor,0.2,0,,,-5,0.000401374,,0
Returning_Visitor,0,0.046205795,9.134372047,10,1,0.034425513,283.40192192,0
New_Visitor,0,0.000068023,37.958627007,4,-7,0.05,2549.321046392,1
,0,0.030291964,8.458033969,2,1,0,1990.343257487,0
Returning_Visitor,0,,0,,3,1.304826243,775.746474679,0
Returning_Visitor,0,0.006519979,0,1,2,0.004193967,282.54580967,0
Returning_Visitor,0,0.006114157,,3,1,0.00189652,1038.512541258,1
New_Visitor,0,0,44.157727483,4,-7,0,1763.531445108,1
Returning_Visitor,0,0.022401548,0,1,4,0.022447141,1721.375326167,0
Returning_Visitor,0,0.000809821,14.325714347,3,4,0.010011567,1149.790996574,1
New_Visitor,0,0,0,2,4,0,0.000005104,0
Returning_Visitor,0,0.007223014,0,2,4,0,1833.799169411,0
Returning_Visitor,0,0.000018662,0,2,-6,0.001571429,1393.514711691,0
New_Visitor,0,0.06454288,0,,1,0.000002693,816.866960266,0
,0,0.000043484,,2,1,0.003349392,1717.009528398,0
Returning_Visitor,0,0.000009422,22.534012922,4,3,0,1279.258494548,1
New_Visitor,0,0.005346831,53.128222075,2,1,0,2936.96578716,1
Returning_Visitor,0,0.192300877,5.662860646,4,3,0.000433282,360.299780177,1
Returning_Visitor,0,0.269149996,0,4,1,0.000875661,327.552643328,0
New_Visitor,0,0.1,0,,1,0.089754248,1362.795742136,0
New_Visitor,0,0.000229197,35.739458117,7,2,0.000000073,384.962384299,1
Returning_Visitor,0,0.001037802,0,7,-5,0.031751192,1144.958507561,1
Returning_Visitor,0.2,0.003563909,0,2,4,0.1,1423.102889948,0
Returning_Visitor,,0.072053574,0,9,3,0.002752078,637.302638963,0
New_Visitor,0,0.023081894,0,2,3,0,1458.057831268,0
Returning_Visitor,0,0.00610866,0,2,3,0.000565564,1200.770185402,0
Returning_Visitor,0,0.05,23.103176552,3,-6,0,2077.268839696,1
Returning_Visitor,0,0.02,0,5,-6,0,1879.400327997,0
Returning_Visitor,0,0.018183777,0,2,1,0.024838396,459.100875931,0
New_Visitor,0,0.142061202,0,1,1,0.007128079,564.308610401,0
Returning_Visitor,0,,0,2,2,0.000526866,732.236591551,0
New_Visitor,0,0.000557058,0,4,3,0.003993972,431.819981328,0
Returning_Visitor,0,0.1,8.535910548,5,2,0,788.853804233,1
New_Visitor,0,0.011373506,0,8,3,0.001505185,348.475001388,0
Returning_Visitor,0,0.066914783,0,2,1,0,981.32013279,0
Returning_Visitor,0.4,0.001562338,0,1,-8,0.006227179,355.066289185,0
Returning_Visitor,0,0.000097034,,1,1,0.001656453,,0
,0,0.002274548,0,4,1,0.308499134,1835.003916954,0
New_Visitor,0.2,0.011603312,0,2,1,0,601.972747797,0
Returning_Visitor,0,0.00000661,22.101445853,4,1,0.1,957.534597198,1
New_Visitor,0,,0,4,1,0.001315805,769.019397124,0
Returning_Visitor,0,0.07794514,0,,3,0.001661158,3579.308696465,0
New_Visitor,0,0.108974826,0,2,2,0.005015857,1918.98591362,0
New_Visitor,0.6,0.1,0,3,1,0.05,813.848092184,1
,0,0.089842169,0,3,1,0.003478201,1856.459535036,0
Returning_Visitor,0,0.010976744,0,2,-6,0.05,231.530639334,0
New_Visitor,0,0.016581697,0,6,1,0.003348017,0.00000514,0
Returning_Visitor,0,0.121280071,0,2,4,0.029893145,614.628193977,0
Returning_Visitor,0,0.02,0,1,-6,0.074799959,550.06097889,0
Returning_Visitor,0,0.04794453,0,1,3,0.000000081,3812.483370312,0
New_Visitor,0,,4.813988593,,1,0.016118412,453.995816036,0
Returning_Visitor,0.2,0.055073106,0,1,1,0.001075538,1922.793646466,0
Returning_Visitor,0,0.000467056,0,2,-8,0.004848579,812.747927217,0
Returning_Visitor,0,0.211540514,0,2,2,0.00109882,1653.689045898,0
New_Visitor,0,0.056598878,0,3,-7,-0.032411722,1686.620583492,0
Returning_Visitor,0,,,2,1,0,171.871137669,0
,0,0.051910827,246.110076876,2,3,0,626.256323099,1
Returning_Visitor,,0.058141019,0,2,1,0,570.51445548,0
Returning_Visitor,0,0.055676805,0,1,1,0.004637614,,0
Returning_Visitor,0,0.1516267,0,2,4,0.2,4151.373757342,0
Returning_Visitor,0,0.030356508,0,2,2,0.000000926,2744.310426697,0
Returning_Visitor,0,0.004184428,0,15,1,0.015815604,4240.079155054,0
Returning_Visitor,0,,,2,-8,0.029366269,0.000005156,0
Returning_Visitor,0,0.001776725,0,,-6,0,1954.27931689,1
Returning_Visitor,0,0.111996704,35.595500638,3,1,0.015747515,317.112245747,0
Returning_Visitor,0,0.007206454,0,4,3,0.004426238,690.971966051,0
Returning_Visitor,,0.007153942,0,2,-8,0,340.386655789,0
Returning_Visitor,0,0.041770943,0,1,-6,0,1200.865101455,0
New_Visitor,0,0.010876962,,2,3,0.000002667,703.377112803,0
,0,0.087012303,0,1,-5,0.000004405,0.000005163,0
New_Visitor,0,0.000524363,0,2,4,0.029793749,374.499025687,0
Returning_Visitor,0,0.033823811,0,2,2,0.001991764,2829.702643994,0
New_Visitor,0,0.092550619,0,3,1,0.004047117,1652.585328473,0
Returning_Visitor,0,0.016500805,0,2,-8,0,0.000005167,0
Returning_Visitor,0.6,0.05,0,,1,0.168795039,728.507140081,0
New_Visitor,0,0.02866032,5.30531065,2,-5,0.19054663,1786.376838468,0
New_Visitor,0,0.000231462,16.647731649,1,1,0,,1
Returning_Visitor,0.2,0.02804105,0,7,1,0.005807809,219.501862787,0
Returning_Visitor,0,0.04169346,73.14158306,17,1,0.00000001,2101.992418699,1
Returning_Visitor,0,0.014535725,0,3,2,0,,0
Returning_Visitor,0.8,0,0,3,1,0.02,875.254707101,0
Returning_Visitor,0,0.002468176,0,1,1,0.000001372,4995.863853695,0
Returning_Visitor,0,0.068422497,0,,-6,0.015290308,,0
New_Visitor,0,0.051970873,0,1,1,0,392.197285737,0
Returning_Visitor,0.4,0.1,0,4,-5,0.063030244,1954.376101858,0
New_Visitor,0.2,0.037231788,0,9,2,0.008518462,,0
Returning_Visitor,0,0.076681714,13.276123898,7,1,0.007679208,418.470491907,0
New_Visitor,0,0.113319408,0,5,1,0.00377026,1017.206462984,0
Returning_Visitor,0.4,0.000098875,117.381889417,1,4,0.01,707.296759443,1
Returning_Visitor,0.6,,0,1,1,0.064128626,745.730030396,0
Returning_Visitor,0,0.008545127,0,3,1,0.26110081,306.777981486,0
New_Visitor,0,0.115608324,0,,3,0.0002528,369.049152611,0
Returning_Visitor,0.2,0.05,,5,1,0.008349665,1331.195472983,0
Returning_Visitor,0,0.035212352,0,2,2,0.016639507,258.499399919,0
New_Visitor,0,0.006531194,0,1,2,0.003238802,2435.570639888,0
Returning_Visitor,0,,115.000099231,1,-7,0,0.000005189,1
Returning_Visitor,0,0.000235637,81.725705785,3,3,0.000000048,1956.50728553,1
Returning_Visitor,0.8,0.033729498,4.854576464,1,1,0.001778212,1353.14355391,0
Returning_Visitor,0,0.006830776,0,3,1,1.246709077,,0
Returning_Visitor,0,0.044293827,0,2,2,0.072653186,815.488754898,0
Returning_Visitor,0,0.000137429,65.325249391,3,1,0,486.363972998,1
New_Visitor,0,0.001013664,0,7,1,0.000005637,2307.432996772,0
Returning_Visitor,0,0.011565705,0,5,-6,0.002342307,492.628187531,0
Returning_Visitor,0,0.017485227,0,2,-6,0,752.188107021,0
Other,0.2,,0,1,-5,0.00838864,1287.379550237,0
Returning_Visitor,0,0.023308173,0,1,2,0.116548659,148.105638488,0
Returning_Visitor,0,0,0,7,-8,0,1384.713593487,0
Returning_Visitor,0,0.074765875,0,2,1,0.045072014,2002.365133518,0
Returning_Visitor,0,0,0,3,1,0.059770647,1234.943875066,0
Returning_Visitor,0.2,0.096577568,14.082971205,7,1,-0.242119277,3477.291025874,0
Returning_Visitor,0,0.1,0,2,-8,0,971.959408316,0
Returning_Visitor,0,0.054601823,0,3,2,0.037322934,1006.266435413,0
Returning_Visitor,0,0.003586743,,,-6,0.001936148,894.996101871,0
Returning_Visitor,0,0.22899575,0,4,1,0.014743174,329.440447182,0
Returning_Visitor,0.2,0.067855289,0,1,2,0.016422529,3057.574515596,0
Returning_Visitor,0,0.000016516,86.601405383,2,4,0.006696159,2053.845658332,0
Returning_Visitor,0,0.003450446,0,2,1,0.000003844,1039.86908844,0
New_Visitor,0,0.02238654,11.721734376,2,1,0.003020588,527.692555107,0
Returning_Visitor,0,0.00847132,0,1,1,0.039942981,2215.735526433,0
Returning_Visitor,0,0.000067937,31.553005402,2,3,0.063952535,1646.868587245,1
Returning_Visitor,0,0.029140045,0,3,3,0.015012173,691.138713091,0
New_Visitor,0,0.05,0,2,1,0.116763166,289.866710698,0
Other,0,0.05,0,2,1,0.00005219,2036.482994119,0
Returning_Visitor,0,0.024558473,0,2,1,0.01879397,1773.752953526,0
Returning_Visitor,0,0.035669622,0,1,3,0.005209433,410.449017479,0
New_Visitor,0,0.017491734,0,2,4,0.000001074,198.119097469,0
Returning_Visitor,0,0.236204781,0,2,3,0.01,1740.472580983,0
New_Visitor,0,0.001179352,0,,2,0.000004768,,0
New_Visitor,0,0.000193894,0,1,-7,0.05,0.000005222,0
Returning_Visitor,0,0.000000726,18.874920744,1,1,0.05,444.190377221,0
,0,,0,2,2,0.2,857.609365606,0
Returning_Visitor,0,0.00491543,10.625055984,2,1,1.442967199,1525.958290142,1
Returning_Visitor,0,0.000239523,0,1,1,0.001539953,52.877204889,0
Returning_Visitor,0,0.04594131,0,2,2,0.191468874,1080.897421479,0
Returning_Visitor,0,,0,4,3,0.0208326,0.000005228,0
Returning_Visitor,,0.021396695,0,1,-7,0.120562718,2022.226190209,0
Returning_Visitor,0,0.001708588,0,3,2,0.000312367,694.215543123,0
New_Visitor,0,0.02,0,2,3,0.036081758,1569.008050344,0
Returning_Visitor,0.6,0.021279285,0,2,3,0,482.962814759,0
Returning_Visitor,0,0.00399671,5.767371182,7,1,0.006580586,738.920697644,0
Returning_Visitor,0,0.016822468,0,2,3,0.002478677,1726.568541735,0
Returning_Visitor,0,0.051820891,0,10,1,0.2,749.579092896,0
Returning_Visitor,0,0.015600272,0,2,-6,0,246.91267778,0
Returning_Visitor,0,0.097381907,0,3,-7,0.005606541,631.970071668,0
Returning_Visitor,0,0.021103511,0,2,-6,0.031492562,1603.25149547,0
Returning_Visitor,0,0.004597594,0,3,3,0.000234838,0.000005239,0
New_Visitor,0,0.078105655,,3,4,0.000000006,1275.125695399,1
Returning_Visitor,0,0.001234964,0,5,-6,1.252062932,3755.872070203,0
New_Visitor,,0.087956839,0,2,1,0.000122114,1380.631692203,0
Other,0,0.000481365,46.5525413,3,4,0,596.468884446,1
New_Visitor,0,0.09637094,0,9,-7,0.006684934,1990.342293883,0
Returning_Visitor,0,0.007024885,0,2,1,0.078239426,487.084017508,0
Returning_Visitor,0,0.090323221,0,1,2,1.195073891,157.139581744,0
Returning_Visitor,0,0.005406117,13.891521181,4,1,0.007512146,430.35392862,0
Returning_Visitor,0,,2.59010833,1,1,0.000084536,2031.732213396,0
Returning_Visitor,0,0.015651221,0,3,4,0.063518404,1533.469967401,0
New_Visitor,0,0.082069179,10.711033037,2,1,0.000964469,2473.673387229,0
Returning_Visitor,0,0.077364617,0,1,-9,0.031755223,1433.819609782,0
New_Visitor,0.4,,,4,3,0.010368518,1223.577644482,0
Returning_Visitor,0,0.014339191,0,2,1,-0.192931813,670.303952946,0
Returning_Visitor,0,0.000340418,0,4,1,0.024648014,325.847041293,0
New_Visitor,0,0.000433664,16.142077172,1,-6,0.01,2853.727389752,1
Returning_Visitor,0,0.011655512,0,1,4,0,2768.291393374,0
New_Visitor,0,0.06967009,15.711529159,4,-6,0.001073261,484.21714834,0
Other,0,0.019907203,0,2,1,0.000700751,322.319747093,0
Returning_Visitor,0,0.07607352,0,1,-6,0,1295.991619943,1
Returning_Visitor,0,0.063539478,0,2,3,0.000836835,31.986363311,0
Returning_Visitor,0.8,0.00502752,14.254739313,5,1,0,0.000005261,0
Returning_Visitor,0,0.006585577,0,12,1,0.057958244,138.898397623,0
Returning_Visitor,0,0.055983796,,5,1,0,2156.703480685,1
Returning_Visitor,0,0.258614713,0,4,-6,0,394.198384514,0
Returning_Visitor,0,0.032964468,0,2,1,0.000006839,1241.333781091,0
Returning_Visitor,,0.035595754,4.366057288,14,-6,0.04508614,825.316953821,0
Returning_Visitor,0,0.056289024,0,2,-7,0.036581451,2858.904233782,0
New_Visitor,0,0.00625218,0,2,1,0.001609599,70.845664941,0
New_Visitor,0,0.065755535,0,2,4,0,991.72552675,0
New_Visitor,0.4,0.000074544,,4,1,0,1312.891343136,1
Returning_Visitor,,0.02,43.627755519,6,3,0.003012722,595.337351691,1
Returning_Visitor,0,0.006009393,8.03802815,1,3,1.118706839,1914.933148261,1
Returning_Visitor,0,0.009900068,0,2,3,0.000000944,461.300667201,0
Returning_Visitor,0,0.232344455,3.433756051,6,3,0,,0
New_Visitor,1,0.007114067,0,,-7,0.123321397,941.630712174,0
Returning_Visitor,0.2,0.011582272,0,14,4,0.000003977,354.83939602,0
Returning_Visitor,0,0.075442714,0,6,-5,0.1,1520.573332947,1
Returning_Visitor,,0.032932946,14.532244243,2,1,0,1322.960362203,0
Returning_Visitor,0.6,0.017709321,29.351807554,5,-9,0.001718272,784.878958596,0
Returning_Visitor,0,0.096990265,0,17,3,0.02,2170.58942971,0
Returning_Visitor,0,0.000023625,0,2,-7,0.005489491,131.806851601,0
Returning_Visitor,,0.090306391,0,6,-5,0,3186.872136479,0
Returning_Visitor,0,0.013211911,0,2,1,0.000114069,0.000005283,0
Returning_Visitor,0,0.00422338,0,2,3,0.038053553,333.553606243,0
Returning_Visitor,0,0.000003125,0,5,1,0.05909611,544.75862016,0
,0,0.02,0,5,2,0,2774.596283107,1
Returning_Visitor,0,0.095388889,0,3,2,0.023790058,1246.433736533,0
Returning_Visitor,0.4,0.033645162,0,13,1,0.000014909,1437.68685086,0
Returning_Visitor,0,0.189440893,,6,-6,0.2,313.088221587,0
Returning_Visitor,,0.02,0,,1,0.001600188,992.779182571,0
Returning_Visitor,0.4,0.020781412,3.701094273,2,-6,0,525.949510867,0
Returning_Visitor,0,0.029276546,0,4,4,0.194393444,271.133731813,0
Returning_Visitor,0,0.0000001,24.527133249,6,-8,0,3896.520130447,1
Returning_Visitor,0,0.082610815,0,2,1,0.016353796,719.607746031,0
Returning_Visitor,0.8,0.044173032,0,4,2,0.001811386,1931.123013026,0
Returning_Visitor,0,0.006622285,1.220473427,1,-8,0.000002983,2553.811820387,0
Returning_Visitor,0,0.062529,0,1,1,0.003169529,0.000005297,0
Returning_Visitor,0,0.000449344,0,1,1,0.006572419,1291.851958656,0
Returning_Visitor,0,0.056980232,0,2,-8,0.004526813,110.860831709,0
Returning_Visitor,0,0.007205839,0,3,1,0.012022097,29.970506428,0
Returning_Visitor,0,0.120468756,0,5,1,0.021904641,700.22370219,0
,0,0.002952132,13.604069482,1,1,0.013859888,,0
Returning_Visitor,0,,6.314964875,2,4,0,2549.419301794,0
New_Visitor,0,0.000180352,0,1,-5,0.001687384,1513.190991275,0
Returning_Visitor,0,0.084193894,0,3,3,0.003671038,3413.774811675,0
Returning_Visitor,0.6,0.020637579,0,2,3,0.015917664,362.005382242,0
Returning_Visitor,0,,13.399348091,4,1,0,3239.172812153,1
New_Visitor,0,0.003632081,0,1,1,0.036907617,255.474249973,0
New_Visitor,0,0.006456382,0,1,2,0.003480806,1910.473799276,0
Returning_Visitor,0,0.086696371,0,14,1,0.000012754,1792.290046845,0
New_Visitor,0,,0,16,1,0.075717464,1774.76186298,0
Returning_Visitor,0,0.162072352,0,2,3,0.000209604,310.83944499,0
Returning_Visitor,0,0.053264215,0,4,1,0.000004472,869.811576348,0
,0,0.001591976,0,18,2,0.02,0.000005314,0
Returning_Visitor,0,0,0,3,-7,0.004221077,533.005536582,0
Returning_Visitor,0,0.060509384,6.287178819,2,3,0.05,,0
Returning_Visitor,0,0.007898051,,11,1,0.01,1488.012878362,0
New_Visitor,0,0.028431013,0,9,-6,0.113448295,0.000005318,0
,0.4,0.015836166,4.73215858,2,2,0.000000002,392.516941596,0
Returning_Visitor,0,0.000009107,0,2,1,0,4348.627948304,0
Returning_Visitor,0,,15.510744223,6,-6,0,1416.537810851,1
New_Visitor,0,0.050216457,11.025064581,3,1,0.04814841,0.000005322,0
Returning_Visitor,0.8,0.004474951,0,,1,1.423776189,1490.213805104,0
New_Visitor,0,0.05,0,,1,0.009272383,643.279931481,0
New_Visitor,0.6,0.063249294,0,5,-6,0.2,379.832782,0
Returning_Visitor,0.2,0.009846097,0,1,1,0.000008957,1530.08614195,0
Returning_Visitor,0,0.010368743,0,4,3,0.008118737,1663.797659711,0
New_Visitor,0.2,0.05,67.311862215,6,2,0.01,1114.78940846,1
New_Visitor,0,0.021208863,0,4,3,0.000069364,1540.27021294,0
Returning_Visitor,0.2,0.001568862,0,2,3,0.002483211,53.391274773,0
New_Visitor,0,0.167969657,,2,1,0.10416456,513.356149921,0
Returning_Visitor,0,0.01,,4,4,0.003858866,144.982187368,0
Returning_Visitor,0,0.00756291,13.120143398,3,1,0.102324315,786.882911986,0
Returning_Visitor,0,0.118626852,0,7,1,0.000001297,1252.407774256,0
New_Visitor,0,0.00303438,19.737791405,,1,0.000000001,7493.316366742,1
Returning_Visitor,0.4,0.033717769,0,1,1,0.00003536,1973.857587299,0
Returning_Visitor,0,0.019270445,0,2,4,0,1374.940659425,0
Returning_Visitor,0,0.000417431,0,7,1,1.191232653,116.092846054,0
Returning_Visitor,0,0.015808942,0,2,1,0,888.757692233,0
New_Visitor,0,0.005186331,0,2,-8,0.000172893,644.717985448,1
Returning_Visitor,0,0.00401674,0,5,3,0.000001996,148.010198727,0
Returning_Visitor,0,0.055178235,0,4,3,0.001624114,370.375895339,0
Returning_Visitor,0,0.011867803,0,4,1,0.012315598,1279.996058951,0
Returning_Visitor,0.8,0.105925434,0,6,2,0.1,1240.433066678,0
,0.8,0.01,0,3,-5,0.001934161,1674.32776306,0
Returning_Visitor,0,0.000001401,71.785733884,1,3,0,5066.780553299,1
Returning_Visitor,0,0,0,2,4,0.1,131.077077384,0
New_Visitor,0,0.346918158,0,3,1,0.000000004,2826.327769328,0
Returning_Visitor,0,0.073915038,0,,-7,0.066661154,2237.713734238,0
Returning_Visitor,0,0.02432211,21.522848519,2,-6,0.00101588,453.539219504,0
Returning_Visitor,0,0.038840492,0,2,4,0.000320348,2743.993373235,0
Returning_Visitor,,0.000765502,0,6,1,0,2294.270241479,0
New_Visitor,0,0.050165881,49.679480045,3,4,0,1571.518751405,1
Returning_Visitor,0,0.011959656,0,5,1,0.010715143,856.020463957,0
New_Visitor,0,0.062284591,1.223928767,2,1,0,855.905623322,0
Returning_Visitor,0.2,0.2,0,2,1,0.001942848,1173.712954761,0
Returning_Visitor,0.2,0.060673188,0,8,4,0.068662675,0.000005357,0
Returning_Visitor,0,0.043887218,0,2,1,0.1,274.181793161,0
Returning_Visitor,0,0.026213946,0,4,4,0,1637.522524826,0
Returning_Visitor,0,0.101673448,0,3,1,0.001731129,473.650943877,0
Returning_Visitor,0,0.002794944,0,8,1,0.000091885,949.333961699,0
New_Visitor,0,0.024991426,0,1,1,0.005808973,1028.865844726,0
Returning_Visitor,0,0.157800441,0,2,-8,0.00000001,57.285034985,0
New_Visitor,0,0.1,0,1,3,0.000433637,,0
Returning_Visitor,0,0.006583739,0,3,4,0.032394871,795.316419457,0
Returning_Visitor,0,0.037641776,0,16,2,0,1784.17348062,1
Returning_Visitor,0,0.06615889,0,2,1,0.002274812,622.545695853,0
Returning_Visitor,0,0,0,9,2,0.2,0.000005368,0
Returning_Visitor,0,0.015603845,0,3,3,0.000211091,4052.467991808,0
Returning_Visitor,0,0.050805797,0,2,1,0.1,3228.810653334,0
,0.4,0.050517583,0,1,-7,0.001573163,1263.43050063,0
Returning_Visitor,0,0.143614664,0,2,-6,0.057378059,0.000005372,0
Returning_Visitor,0,0.020245247,0,2,1,0,1193.566771431,1
New_Visitor,0,0.045629717,,5,-8,0.017222529,1478.647595155,0
Returning_Visitor,0,0.025012055,0,2,1,0.048638322,736.049096821,0
Returning_Visitor,0,0.103521035,0,6,1,0.185056988,1904.815969633,0
Returning_Visitor,0.2,0.005201117,25.490288441,2,-7,0,1911.66667965,1
Returning_Visitor,0,0.058667903,0,2,3,0,79.548225372,0
Returning_Visitor,0,0.000912088,14.273746555,6,1,0.000088624,1377.293689128,1
Other,0,0.029838947,0,1,2,0.001379562,409.980034235,0
New_Visitor,0.8,0.004190093,0,2,3,0.000000002,3674.128333872,1
Returning_Visitor,0,0.073568934,0,5,3,0.006626191,0.000005382,0
Returning_Visitor,0,0.010918385,0,5,1,0,559.120334935,0
New_Visitor,0,0.146865986,2.505291644,2,-6,0.022929411,,0
Returning_Visitor,0,0.05,0,4,1,0,559.344436294,0
Returning_Visitor,0.8,0.007946948,,3,1,0.051935657,363.633593501,0
Returning_Visitor,0,0.029001521,,2,1,0.000774625,845.155975852,0
New_Visitor,0,0.031714965,0,1,-8,0.000005198,170.674123313,0
Other,0,0.016532692,0,5,-5,0.01342488,1166.706286498,0
New_Visitor,0,0.012095778,,1,3,0.000062494,87.131806092,0
New_Visitor,0,0.024942591,0,3,3,0.16288487,0.000005391,0
Returning_Visitor,0,0.05,0,18,3,0.009835505,2209.482066988,0
Returning_Visitor,0.8,0.06270535,0,4,-8,0,1137.418144017,0
New_Visitor,0,0.036023877,0,1,-7,0.163752568,442.610401789,0
Returning_Visitor,0,0.014198889,0,2,1,0,876.849646692,0
New_Visitor,0,0.000314569,0,1,1,0.000085634,554.839321741,0
Returning_Visitor,0,0.070611957,0,2,3,0,1791.503031556,0
Returning_Visitor,0.8,0.006621171,0,3,-6,0,732.054926461,0
,0.2,0.018075506,0,8,3,0.000155057,302.845339951,0
New_Visitor,0.4,0.010938817,9.636092627,15,-6,0.06196699,4.974295769,0
Returning_Visitor,0,0.009630077,9.030469795,6,4,0.025077333,410.899327131,0
Returning_Visitor,,0.187980274,0,4,1,0.000732715,915.129633444,0
Returning_Visitor,0,0.02,0,1,3,0,0.000005403,0
Returning_Visitor,0,0.04730704,0,1,1,0.030290005,1244.665559415,0
Returning_Visitor,0,0.088106099,0,3,-8,0.02,,0
New_Visitor,0,,0,1,2,0.000000758,1514.716330025,0
Returning_Visitor,0,0.115170386,0,3,2,0.058424409,2012.795639703,0
Returning_Visitor,0.4,0.047054534,0,3,1,0,2027.123694485,0
Returning_Visitor,0,,52.232057767,8,3,0.005079959,1095.909755239,0
Returning_Visitor,0,0.063198909,,2,1,0.01,752.067862665,0
Returning_Visitor,0,0.010183707,0,2,4,0.014123765,1085.727728665,0
Returning_Visitor,0.6,0.001266018,27.104591315,4,1,1.026690383,1634.612735603,1
Returning_Visitor,0,0.080654885,0,2,3,0.006018817,0.000005413,0
Returning_Visitor,0.2,,3.105443166,6,-7,0.000011763,1962.285072615,0
Returning_Visitor,0.2,0.026029511,0,2,-6,0.010398537,741.096988795,0
Other,,0.105624831,0,2,-5,0.017999146,2260.383731278,0
New_Visitor,0,0.021016688,0,,2,0,,0
New_Visitor,0,0.027540224,0,,4,0.007004199,2551.335457071,0
Returning_Visitor,0,0.011650896,10.078986019,2,-7,0.00075076,357.745361228,0
New_Visitor,0.6,0.2,4.886140585,2,-8,0,165.859448827,0
Other,0,0.000201734,0,1,2,0.014298568,16.095856188,0
Returning_Visitor,0,0.2,0,2,1,0.041807803,0.000005422,0
Returning_Visitor,0,0.000000441,32.61304078,3,4,0,4309.769599904,1
Returning_Visitor,,0.064641585,0,2,3,0.000124748,222.741477513,0
Returning_Visitor,0,0.124585861,0,6,1,0.000086477,0.000005425,0
Returning_Visitor,0,0.060722732,0,1,1,0.000986619,387.510118301,0
Returning_Visitor,,0.041459851,0,2,4,0.02,1277.0145073,0
Returning_Visitor,0,0,0,4,1,0.00417621,119.617579786,0
Returning_Visitor,0,0.024196697,0,3,-5,0.000222218,2909.29996931,0
New_Visitor,0,,0,2,1,0.02,848.434752984,0
Returning_Visitor,,0,0,7,2,0,425.122571849,1
Returning_Visitor,0,0.168724904,0,3,3,1.241827406,0.000005432,0
,0,0.015760962,21.202256532,2,1,0.00326521,0.000005433,0
Returning_Visitor,0,0.001426896,5.489540704,3,1,0.000231761,165.69954638,0
Returning_Visitor,0,0.050715728,0,4,3,0.000000282,260.65439476,0
New_Visitor,0,0.000191062,32.111808519,4,1,0,600.944372446,1
Returning_Visitor,0,0.065994609,0,3,4,0.000037928,1527.628067901,0
New_Visitor,0,0.066224474,0,3,4,0.0002126,884.366023662,0
New_Visitor,0,0.013460028,0,1,4,0.005058342,1262.834746568,0
Returning_Visitor,0,0.067598424,0,3,2,0.000002238,962.676896692,0
New_Visitor,0.2,0.0346279,0,2,4,0.013960959,3318.750656973,0
Returning_Visitor,0,0.000293523,0,3,-7,0.005595292,0.000005442,0
Returning_Visitor,0,0.008148211,0,2,3,0.012594668,1527.328568517,0
Returning_Visitor,0,0.006512382,0,4,1,0.000011924,1036.61597655,0
New_Visitor,0.2,0.003914446,19.894662155,2,2,1.303701584,519.440081262,0
Returning_Visitor,0,,,11,3,0,947.48160307,0
Returning_Visitor,0,0.005782983,0,3,4,0.05,926.424630766,0
Returning_Visitor,0.2,0.105898358,0,2,1,0.000187342,1231.180730015,0
Returning_Visitor,0,0.048645516,0,1,3,0.001610433,1026.860352449,0
Returning_Visitor,0,0.078988692,16.068179968,2,-6,0.000043842,2228.462475883,0
Returning_Visitor,0,0.013391021,89.091575665,1,-8,0.000000001,1244.998177363,0
Returning_Visitor,0,0.024005484,,4,3,0.000026415,163.457573854,0
Returning_Visitor,0,0.080004372,10.148829052,3,3,0.040493887,3744.925228287,0
New_Visitor,0,0.094677237,0,10,1,0.001007174,0.000005454,0
Returning_Visitor,0.4,0.199279329,0,4,4,0.000253674,,0
New_Visitor,0,,0,2,2,0.001664214,384.978286286,0
Returning_Visitor,0,0.000204288,26.579502132,1,1,0,734.138803806,1
Returning_Visitor,0,0.104632823,0,17,-7,0.2,1240.820227341,0
Returning_Visitor,0,0.133809627,7.659817502,3,1,0.0000149,1844.166809086,1
Returning_Visitor,0.2,0.266720368,0,3,3,0.000046029,2491.428408622,0
Returning_Visitor,0,0.07944084,0,3,1,0.014249604,2244.296379048,0
New_Visitor,0,0.000912417,,3,4,0.000003235,2883.938032855,0
Returning_Visitor,0,0.000000001,18.18245425,2,4,0.00771431,2789.973898584,1
Returning_Visitor,,0.111282314,0,3,1,0.063423298,1003.03728668,0
New_Visitor,0,0.153592585,0,12,3,0,799.227084834,0
Returning_Visitor,0,0.028079596,,2,1,0.003071974,0.000005466,0
Returning_Visitor,0,0.014506978,0,2,3,0.2,2290.476645203,0
Returning_Visitor,0,0.018235803,0,10,1,0.005485508,1976.79615701,0
Returning_Visitor,0,0.014353371,0,2,4,0.029385807,1347.752686575,1
,0,0.151732616,,1,-6,1.209408707,2075.067714871,0
New_Visitor,0.6,0.051684027,0,9,1,0.010670481,1387.469930518,0
Returning_Visitor,0,0.05684934,4.235654508,9,3,0,1642.501412886,1
Returning_Visitor,0,0.004804335,0,2,1,0.000184255,770.751327888,0
Returning_Visitor,0,0.037527467,3.556873285,2,3,0.000042887,604.248715222,0
New_Visitor,0,,0,4,1,0.000471667,2424.666356313,0
Returning_Visitor,0,0.2,0,4,1,0.002536455,1780.184521385,0
Returning_Visitor,0,0.081792411,0,1,3,0.01254402,335.831339892,0
Returning_Visitor,0,0.005041412,0,7,1,0.1,1540.610090444,0
New_Visitor,0,0.068003594,0,2,1,1.108165809,516.545575823,0
Returning_Visitor,0,0.026615376,0,2,3,0,1200.449192871,0
Returning_Visitor,0,0.024277076,0,2,1,0.00172071,2695.76192916,0
Returning_Visitor,0.2,,0,11,2,0.1,213.349495732,0
Returning_Visitor,0,0.030275302,0,2,3,0.101073006,691.987864066,0
Returning_Visitor,0,0.012841779,18.068558963,,3,0.068643947,4549.818331619,0
Returning_Visitor,0.6,0.00312983,0,6,1,0,1401.080264009,0
Returning_Visitor,0,0.01,22.149435097,7,4,0,5821.903897105,1
Returning_Visitor,0,0.10455043,5.254333942,6,1,0.000022308,84.301257347,0
Returning_Visitor,0,0.01,8.87121044,1,1,0.02,43.368178813,0
Returning_Visitor,0,0.040098489,0,9,3,0.002130963,0.000005489,0
Returning_Visitor,0,0.059119166,0,15,1,0.02,331.599131688,0
Returning_Visitor,0,0.003309981,15.297056805,2,1,0.001386064,921.81873926,0
Returning_Visitor,0,0.012896822,0,2,1,0.002520716,0.000005492,0
Returning_Visitor,,0.02378895,0,12,2,0.21839582,1133.299548148,0
Returning_Visitor,0,0.02,0,4,1,0.028257104,272.833668962,0
Returning_Visitor,0,0.008351973,0,1,2,0.020830906,0.000005495,0
Returning_Visitor,0.2,0.007394486,0,2,-6,0.2,227.527802257,0
Returning_Visitor,,0.018915294,0,5,3,0.02,1154.140741869,0
Returning_Visitor,,0.02075003,,3,1,0.01476485,1626.498063475,0
Returning_Visitor,0,0.172403135,0,4,3,0,2036.448913964,0
Returning_Visitor,0,0.285057263,0,2,-7,0.04446823,,0
Returning_Visitor,0,0.02,0,2,2,1.343890279,1156.730905788,0
Returning_Visitor,0,0.003331891,0,1,3,0.01,2633.628417059,0
Returning_Visitor,0,0.004099174,23.181981516,3,1,0.00063532,7090.164820529,1
Returning_Visitor,0,0.094387173,0,3,-6,0.000084694,385.757075491,0
Returning_Visitor,0,0.007367333,0,1,3,0,659.259162637,0
Returning_Visitor,0,0.020844897,0,1,3,0.038603167,1940.001095173,0
Returning_Visitor,0,0.135556078,0,3,1,0.000000067,1016.692967477,0
,,0.030688922,0,,2,0.088808666,586.632650417,0
Returning_Visitor,0,0.018209041,0,1,4,0.00019854,1140.777508071,0
Returning_Visitor,0,0.025431841,0,1,-5,0.01,0.00000551,0
Returning_Visitor,0,0.057464922,0,2,3,0.10087739,1302.734307381,0
Returning_Visitor,0.8,0.1,0,2,1,0.061977365,0.000005512,0
Returning_Visitor,0,0.082099562,0,7,1,0.00120427,581.867287356,0
New_Visitor,0,0.030154014,0,9,1,0.000419169,,0
New_Visitor,0,0.000131905,0,3,3,0,338.099069125,1
Returning_Visitor,0,0.093390249,0,9,-8,0.001439378,576.259119637,0
Returning_Visitor,0,0.024445972,3.784194998,1,2,0.02,1350.844721652,0
Returning_Visitor,0,0.000035984,,5,-5,0,1237.719047939,1
Other,0,0.017567763,4.885328343,4,2,0.000206812,979.093204509,0
Returning_Visitor,0,0.009070048,0,3,1,0,3248.352388943,0
Returning_Visitor,0.2,0.01,18.259891824,4,1,0.073094461,384.687146393,0
Returning_Visitor,0,0.001080145,7.852188233,2,4,0.013683006,2559.529985374,0
New_Visitor,0,0.000394873,0,2,4,0,1574.264785163,0
Returning_Visitor,0,0.002045975,,2,1,1.215514031,187.066205662,0
Returning_Visitor,0,0.000810362,0,5,3,0.000000894,960.406298134,0
Returning_Visitor,,0.05,0,2,1,0.002471574,2239.193835889,0
Returning_Visitor,0,0.140061264,,3,1,0.001227372,322.842289951,0
Returning_Visitor,0,0.002651943,0,2,-7,0.010733624,0.000005528,0
Returning_Visitor,0,0.014082948,0,2,2,0.063649925,946.046963641,0
Returning_Visitor,0,0.027673465,0,2,1,0.000124167,156.888728229,0
Returning_Visitor,0,0.010525849,0,2,1,0.004802462,583.390332785,0
Returning_Visitor,0,0.127525282,,11,2,0.002495226,1069.996439141,0
Returning_Visitor,0,0.000558087,0,,3,0.000000917,2904.616680743,1
,0,0.01,0,4,3,0.000024801,0.000005534,0
New_Visitor,0,0.021816791,29.217626047,8,2,0.024210552,901.838551581,1
Returning_Visitor,0,,0,2,4,0.002563798,716.560132504,0
Returning_Visitor,0,0.053948947,0,,-7,0.00003901,759.350373695,0
Returning_Visitor,0,0.031611107,0,7,2,0,1102.54201974,0
Returning_Visitor,0,0.00196176,0,2,-5,0,1050.388157241,0
New_Visitor,,0,0,10,1,0,1167.806578105,1
,0,,0,2,1,0.021785574,2688.16462029,0
Returning_Visitor,,0.006276906,0,4,4,0.00001826,0.000005542,0
Returning_Visitor,0,0.044692784,0,4,1,0.004349121,682.536047965,0
Returning_Visitor,0,,7.378477111,2,-6,0.000100513,971.310513495,0
New_Visitor,0,0.010086093,,4,1,0,3245.591857997,1
Returning_Visitor,0,0.017904895,9.227263701,8,1,0.00136255,1409.19048455,0
,0,0.000021303,0,3,4,0,7655.015456283,1
Returning_Visitor,0,0.002486671,42.648768667,1,4,0.000702529,236.620114586,0
New_Visitor,0,0.1,0,2,2,0.05,296.303762791,0
Returning_Visitor,0,0.132476434,0,2,4,0.000170067,,0
Returning_Visitor,0,0.000382106,,2,-8,0.1,806.990986749,1
Returning_Visitor,0,0.154694327,0,3,1,0.000000006,4098.915794258,0
Returning_Visitor,0,0.000012082,0,2,1,0,2408.176940031,1
Returning_Visitor,,0.00913463,0,,4,0.000525393,750.892615965,0
Returning_Visitor,0,0.000202161,0,2,4,0.264746065,109.722694473,1
Returning_Visitor,0,0.026899323,0,3,1,0.008121521,1736.838361634,0
New_Visitor,0,0.000127314,0,3,3,0,585.229451978,0
Returning_Visitor,0,0.058866451,0,5,-7,0.002759666,487.849528662,0
Returning_Visitor,0,0.113461044,0,1,1,0.05,0.000005559,0
Returning_Visitor,0.6,0.060991955,0,3,2,0.000087833,3528.754235566,0
,0,0.104003981,0,4,3,0.000030806,1086.026955565,0
Returning_Visitor,0.2,0.09622203,0,2,1,0.001782412,1781.484988427,0
Returning_Visitor,0,0.001009861,17.32502225,4,3,0,1588.347574699,1
Returning_Visitor,0,0.113810236,3.767005653,2,2,0.000349641,1624.932503309,0
New_Visitor,0,0.078182004,0,5,-6,0.05,71.013889935,0
Returning_Visitor,0,0.143405253,0,1,-8,-0.010409599,925.393293849,0
Returning_Visitor,0.6,0.009549479,0,2,-6,0.000007616,571.766312047,0
Returning_Visitor,0,,0,3,3,0.024995747,1008.772262645,0
New_Visitor,0,0.05,0,5,1,0.000001192,234.208758145,0
Returning_Visitor,0,0.038812257,0,2,-8,0.072517509,787.638780022,0
Returning_Visitor,0,0.019155097,0,1,1,0.008994186,4555.076785504,0
Returning_Visitor,0,0.104415184,0,5,2,0.00139745,0.000005572,0
Returning_Visitor,0,0.055850142,0,2,-6,0.00000823,135.319363151,0
Returning_Visitor,0,0.034261516,0,12,3,0.02,1237.313897212,0
Returning_Visitor,0.4,0.004388935,3.911524419,1,3,0.002350329,0.000005575,0
Returning_Visitor,0.2,0.041617685,0,1,4,0,1201.347834527,0
Returning_Visitor,0,0.049479422,0,7,3,0,986.342799626,0
Returning_Visitor,0,0.053575562,0,,4,0.000610604,502.116112177,0
Returning_Visitor,0,0.084999757,0,2,1,0.031066744,,0
Returning_Visitor,0,0.073298088,0,2,1,0.001102858,0.00000558,0
Returning_Visitor,0,0.000037253,0,2,-7,0.001005134,1539.717157833,0
Returning_Visitor,0.2,0.000882682,,,3,0.000036786,5598.703627143,0
Returning_Visitor,0,0,0,6,2,0.022272003,2897.985500109,0
Returning_Visitor,0,0.031750612,25.218176031,1,3,0.022577962,703.19496092,0
New_Visitor,0.2,0.249540579,0,3,-8,0.000000022,724.338885331,0
New_Visitor,0,0.372622227,0,1,4,0.000000002,0.000005586,0
Returning_Visitor,0,0.112051895,0,3,3,0.011374281,0.000005587,0
Returning_Visitor,0,0.034652067,45.498885637,2,-7,0,795.615053709,1
Returning_Visitor,0,0.1,,4,2,0.001751648,568.970699791,0
Returning_Visitor,0,0.036785124,0,3,4,0.000432766,1376.200368652,0
Returning_Visitor,0,0.021951665,3.373315646,1,-7,0.000000005,0.000005591,0
Returning_Visitor,0,0.054691223,0,8,-8,0.273715313,495.204733288,0
Returning_Visitor,0,0.015204948,0,2,-5,0.044236687,513.934172583,0
Returning_Visitor,0,0.019550107,0,3,1,0.000048559,964.022545127,0
Returning_Visitor,0,0.010679279,0,2,-5,0.05,1748.306636919,0
New_Visitor,0,0.02344102,0,,1,0.000023522,540.289630212,0
New_Visitor,0,0.000698733,18.188367995,5,1,0.000033183,802.171912404,1
Returning_Visitor,0,0.090106829,1.132595663,3,-5,0.05,348.418074405,0
Other,0,0.04083049,0,2,2,0.05,634.558018717,0
Returning_Visitor,0,0.023391961,0,5,2,0.01,4687.035789079,0
,0,,0,3,1,0.106682135,809.384853915,0
New_Visitor,0,0.02733717,25.311290727,2,1,0,993.370951028,1
Returning_Visitor,0,0.000002125,,2,4,0,4185.290403466,1
Returning_Visitor,0,0.002112671,0,2,3,0.177602467,7.536719673,0
Returning_Visitor,,0.02,10.631371983,1,4,0.077140131,347.981616386,0
Returning_Visitor,0.4,0.000000075,0,4,3,0,772.174080535,1
Returning_Visitor,0,0.019556762,0,4,3,0.05,1236.462430622,0
New_Visitor,0,0.007168504,0,2,1,0.008606592,2155.669587783,0
New_Visitor,,0.091031456,0,1,-5,0.000607019,0.000005609,0
New_Visitor,0.6,0.040190916,0,4,3,0.000037315,637.565066233,0
Returning_Visitor,0,0.000370629,0,2,-6,0.000045047,0.000005611,0
,0,,0,1,-7,0.248287183,190.641834958,0
Returning_Visitor,0.2,0.090842104,0,2,1,0.000201541,2815.32250011,0
New_Visitor,0,0,92.855439689,9,1,0.000000555,2406.305281325,1
New_Visitor,0,0.000000872,0,9,-7,0.01,316.408226259,1
Returning_Visitor,,0.006504573,0,3,1,0.000128684,314.252116303,0
New_Visitor,0,0.004830306,0,4,1,0,908.373959551,0
Returning_Visitor,0,0.008005108,0,3,3,0.000000996,1444.16635408,1
Returning_Visitor,0,0.01,34.852670834,5,1,0,2398.455397612,1
Returning_Visitor,0,0.003062702,0,2,2,0.05,0.00000562,0
Returning_Visitor,0,0.029195153,0,19,3,0,76.153599221,0
Returning_Visitor,,0.000127734,,3,3,0.006721002,773.569848416,0
Returning_Visitor,0,0.024494884,0,9,1,0.000027641,761.287390215,0
New_Visitor,0,0.002534008,0,12,1,0.011853077,125.760744957,0
Returning_Visitor,0,0.003430687,0,6,1,0.022077138,290.209589367,0
Returning_Visitor,0,0.041897443,0,4,1,0,1621.915256495,0
Returning_Visitor,0,0.016712135,0,4,-6,0.003299488,551.092810751,0
Returning_Visitor,,0.043584519,0,3,1,0.073602148,255.091640004,0
Returning_Visitor,0,0.008800745,14.743401601,5,3,0,0.000005629,0
Returning_Visitor,0,0.017938195,,,1,0.014160901,99.521425966,0
Returning_Visitor,0,0.00309828,40.055972688,2,-6,0.000000071,836.875607665,1
Returning_Visitor,0,0.060908326,22.817066707,2,-7,0.02,2155.047379444,1
Returning_Visitor,0,0.039001217,0,2,-8,0.1,1132.49902939,0
Returning_Visitor,0.2,0.018157534,2.622828618,3,2,0,589.003730583,0
Returning_Visitor,0,0.02,0,,-6,0.024257288,1637.40692626,0
Returning_Visitor,0,0.009607268,0,6,2,0.01349614,1075.770644523,0
Returning_Visitor,0,0.01,0,11,-7,0.006300678,191.002158513,0
Returning_Visitor,0,0.016050093,0,13,2,0.00007606,730.751964052,0
Returning_Visitor,,0.011176385,0,1,1,0.010493822,819.134534327,0
Returning_Visitor,0,0.127418602,0,2,1,0.000001674,3514.734167356,0
Returning_Visitor,0,0.05,0,16,3,0.01,,0
Returning_Visitor,0,,0,1,4,0.130149323,1324.390883973,0
Returning_Visitor,0,0.01,2.645497127,3,1,0.01042121,1143.790047324,1
Returning_Visitor,0.8,0.031932104,0,2,-7,0.112681538,340.672082157,0
Returning_Visitor,0.2,0.05,0,2,3,0.000989086,136.993079656,0
Returning_Visitor,0,0.034017406,0,1,3,0.209187257,1697.359501298,0
Returning_Visitor,0,0.040276818,0,2,1,0.006273605,1965.050790619,0
Returning_Visitor,,0.003947164,0,4,1,0,2883.089349806,0
New_Visitor,0,0.037498641,0,2,3,0.118425934,1560.188559866,0
Other,0,0.01,0,5,1,0.000001504,722.02789836,0
Returning_Visitor,0,0.051293798,0,14,3,0.003312453,0.000005651,0
Returning_Visitor,0.2,0.02,0,2,1,1.252082854,2363.216345718,0
Returning_Visitor,0,0.078408172,0,3,2,0,443.450653155,0
Returning_Visitor,0,0.2,0,1,1,0,1694.307926086,0
Returning_Visitor,,0.003113827,6.299649193,1,2,0,3249.86960469,0
Returning_Visitor,0,0.030640388,0,2,2,0.010770947,669.772835495,0
Returning_Visitor,0,0.026674361,0,5,4,0.05,0.000005657,0
New_Visitor,0.8,0.063142106,0,,4,0.251816253,1019.158355421,0
Returning_Visitor,0,0.033860996,16.393106112,2,3,0.000823945,256.861180902,0
New_Visitor,0,0.01,0,5,1,0.092891737,350.637411681,0
Returning_Visitor,0,,,1,4,0.03445657,1071.768016305,0
Returning_Visitor,0,0.050042443,22.581082916,2,1,0.02,,0
Returning_Visitor,0.2,0.231442585,0,1,1,0.052155428,86.16091832,0
Returning_Visitor,0,0.026311326,0,2,1,0.01,406.197734575,0
Returning_Visitor,0.6,0.05,0,2,3,0.002966432,376.486222359,0
Returning_Visitor,0,0,9.823703002,9,-7,0.00005571,769.132304882,0
New_Visitor,0,0.002256315,0,1,1,0.004007529,701.050242595,0
Returning_Visitor,0.2,0.006401833,0,6,2,0.000000008,600.734910217,0
Returning_Visitor,0.4,0.094086698,0,3,-7,0.000000053,1303.441376872,1
Returning_Visitor,0,0.000050738,0,2,3,0.043258827,614.322389519,0
Returning_Visitor,0.2,0.106717889,9.603020877,1,1,0.000917842,2015.764624188,0
New_Visitor,0,0.000477946,39.282496092,4,1,0,774.435283489,1
Returning_Visitor,0,0.05,0,,3,0,3456.615853358,1
Returning_Visitor,0,0.028818183,44.40967472,4,3,0,2235.405844045,1
Returning_Visitor,,0.003619058,0,2,3,0.005670961,0.000005675,0
Returning_Visitor,0,0.064952377,0,3,1,0.02,0.000005676,0
Returning_Visitor,0,0.012609553,0,2,-7,0.153018217,395.380994273,0
Returning_Visitor,0.6,,0,3,-5,0.000000027,4478.865556033,0
,0,0.006228942,0,3,-7,0.02,3424.857764573,0
Returning_Visitor,0.4,0.050136578,0,8,1,0.00000002,413.009364256,0
Returning_Visitor,0,0,0,3,4,0,1938.734284721,1
Returning_Visitor,0,0.004472085,0,2,4,0,,0
New_Visitor,0,0.02,0,3,1,0.02,3142.144728315,0
Returning_Visitor,0,0.035166398,29.195421187,2,-5,0,1857.340673201,1
Returning_Visitor,0,0.05,6.242327719,3,3,0.009334747,32.052753555,0
Other,0,0.000368804,0,6,1,0.000000061,,1
Returning_Visitor,0,0.015763852,0,3,-5,0.000399609,3015.246341566,0
Returning_Visitor,0,0.027033728,0,5,4,0.01,1681.64830277,0
Returning_Visitor,0.6,0.041937429,0,2,1,0.000698466,1415.779992573,0
Returning_Visitor,0,0.305723594,0,2,3,0.01,2645.370641212,0
Returning_Visitor,0,,2.190655331,3,1,0.000000768,419.493437757,1
,0.4,0.05,10.796473555,1,1,0.114378317,1752.297716474,0
Returning_Visitor,,0.018758553,0,5,3,0.02,185.756170938,0
New_Visitor,0,0.015663422,0,,1,0.000841338,610.572688279,0
New_Visitor,1,0.025231053,0,2,1,0.01,904.210348423,0
Returning_Visitor,0,0.001485704,,2,1,0,0.000005696,0
Returning_Visitor,0.2,0.045448669,5.415785822,3,1,0.026844775,353.350384082,0
New_Visitor,,0.063970761,,2,2,1.288525951,359.897507722,1
Returning_Visitor,0,,8.131418419,4,1,0.000276113,693.44065924,0
New_Visitor,0,0.032728966,0,9,1,0.000000382,501.210667788,0
New_Visitor,0,0.09036708,0,6,1,0.000004915,0.000005701,0
Returning_Visitor,0,0.001837458,0,2,4,0.05,1349.809673462,0
Returning_Visitor,0,0.000554366,6.122183141,2,3,0.007538949,1559.849615503,0
Returning_Visitor,0,,0,1,3,0.003464468,521.373245476,0
Returning_Visitor,0,,0,1,1,0.000448727,1721.796942078,0
Returning_Visitor,0,0.009930745,0,3,2,0.022558396,0.000005706,0
Returning_Visitor,0,0.001036918,0,1,3,0.000000022,997.704883587,0
New_Visitor,0.6,0.007610478,0,2,-6,0.059707859,571.942355702,0
Returning_Visitor,0,0.030298954,0,2,-8,0.027490131,987.54009,0
Returning_Visitor,0,0.000041366,0,2,1,0.002056005,1538.509921585,0
Returning_Visitor,0,0.002276877,0,2,-7,0,354.069001617,0
Returning_Visitor,0.4,0.040678439,0,7,-5,0.002492365,362.130162089,0
Returning_Visitor,0.2,0.04134795,18.413935017,5,1,0.018057547,2487.328918268,0
New_Visitor,0,0.01,0,5,4,0.000000533,1247.701957738,0
Returning_Visitor,0,0.009982856,0,1,3,0.005326828,879.215202883,0
Returning_Visitor,0,0.005605461,0,2,4,0.000009078,220.326578399,0
Returning_Visitor,0.2,0.003996913,0,2,-6,0.059763692,743.950162128,0
New_Visitor,0,0.119570692,0,1,1,0,55.921377111,0
Returning_Visitor,0,0.000006558,0,1,3,0,388.715844115,0
,0,0.29290743,0,2,1,0.000001449,2117.076530299,0
New_Visitor,0.4,0.063777712,0,1,1,0.129760208,488.043566488,0
Returning_Visitor,0,0.110976934,0,1,1,0.003702146,1617.53630644,0
Returning_Visitor,0,0.109262222,0,2,-7,0,571.323842842,0
New_Visitor,0.6,0.025466829,0,16,3,0.05,3456.735518815,0
Returning_Visitor,0,0.038425444,0,2,1,0,2633.962650638,0
Returning_Visitor,0.4,0.0143574,0,1,4,0.044377092,0.000005726,0
Returning_Visitor,0,0.015119814,0,3,-6,0.106292363,537.667199707,0
Returning_Visitor,0.2,0.184423921,1.948706376,4,-6,0.066597142,415.019752897,0
Returning_Visitor,0,0.015301963,0,10,1,0.060336256,180.496008409,0
Returning_Visitor,0,0.006325016,0,6,3,0.010282733,1670.317723958,0
Returning_Visitor,,0.014612237,0,3,1,0.079373389,,0
New_Visitor,0,0.058557974,51.311246398,3,2,0.005659688,,0
Returning_Visitor,0,0.01,0,8,3,0.021742166,1280.650498599,0
Returning_Visitor,0.6,0.007945502,0,1,-8,0.052715592,2276.272390244,0
Returning_Visitor,0.2,0.014589492,1.903939568,6,1,0.009898809,1560.668759379,0
Returning_Visitor,0,0.005813054,0,1,1,0.007955258,504.013809501,0
New_Visitor,0,0.000000057,,5,1,0,2170.30953916,1
Returning_Visitor,0,0.06930801,4.914206947,2,2,0.000001117,3097.42204694,0
Returning_Visitor,0,0.01,0,2,-6,0.02,2306.958108826,0
Returning_Visitor,0,0.000269267,0,8,-7,0,2424.393683118,1
Returning_Visitor,0,0.036086074,19.438273452,13,3,0.000679335,964.131902391,0
New_Visitor,0,0.00018664,7.76226959,3,-7,0,1340.216204678,1
Other,0,0.015777576,0,2,1,0.001511583,,0
Returning_Visitor,0,0,23.472953367,2,2,0.000704906,1386.221516485,1
Returning_Visitor,0,0.0000021,0,7,2,0.05,2309.676614913,1
New_Visitor,0,0.002275044,0,3,2,0.061423164,2440.211982766,0
Returning_Visitor,0,0.042967018,0,7,3,0.004863999,0.000005747,0
,0,0.000655938,18.306522443,2,3,0.000292567,840.352300511,1
Returning_Visitor,0,0.00000104,8.765798942,6,-9,0.000000008,921.863191833,1
Returning_Visitor,0,0.2,0,11,1,0.004657836,356.663731147,0
Returning_Visitor,0,0.031464031,,3,4,0.1,1329.12834547,0
Returning_Visitor,0,0.2,0,1,1,0.11480676,617.991438585,0
Returning_Visitor,0,0.12243014,0,4,1,0.000054453,987.374147346,0
Returning_Visitor,0.8,0.01103056,0,1,-8,0.022608965,2744.01975959,0
,0,0.000496027,12.506249747,20,1,0,4308.811170423,1
Returning_Visitor,0,0.00000002,0,2,1,0.02,1671.374538428,1
Returning_Visitor,0,0.2,54.36120365,3,4,0,1483.287824522,1
Returning_Visitor,0,0.029002685,0,1,2,0.05,2818.132019533,0
Returning_Visitor,0,0.000232381,0,4,4,0,1937.72112569,1
Returning_Visitor,0.2,,0,3,1,0,0.00000576,0
New_Visitor,0,0.2,0,6,3,0.000049997,3620.03062316,0
Returning_Visitor,0.8,0.004635763,0,1,3,0.007915439,246.662217929,0
Returning_Visitor,0,0.003726473,0,,1,0.018338705,551.237513803,0
Returning_Visitor,0.2,0.065989699,0,1,1,0.176657009,1307.399418764,0
Returning_Visitor,0,0.018638139,16.448082052,6,1,0,593.574459115,1
New_Visitor,0,0.00072747,0,2,3,0,2374.927766706,0
Returning_Visitor,0,0.02890799,0,1,1,0.278306544,737.794532262,0
Returning_Visitor,,0.054576892,0,6,3,0.054939227,479.378051931,0
New_Visitor,0,0.00012266,0,2,1,0.000002428,1986.281327648,0
Returning_Visitor,,0.030421351,0,9,1,1.35126372,1356.545255483,0
New_Visitor,0,0.005293701,10.732187377,1,-5,0,1411.371902519,0
New_Visitor,0,0.006582114,0,9,3,0.004844563,837.663137113,0
Returning_Visitor,0,0.051693714,40.824817897,3,2,0.000006633,2743.358815409,1
New_Visitor,0,0.053373684,0,1,3,0.00367621,2407.438128838,0
Returning_Visitor,0,0.053569258,6.40375179,3,3,0.000000001,2713.641672565,0
New_Visitor,0,0.000000782,0,2,1,0.000000812,99.457543319,1
New_Visitor,0,0.326244619,20.870134081,2,4,0,2679.55542554,1
Returning_Visitor,0,,10.574373109,2,-5,0,5564.889560747,1
Returning_Visitor,0,0.016875427,45.973339544,2,2,0.000294636,2336.30504952,1
Returning_Visitor,0,0.122442218,0,5,-5,0.000000853,737.920496871,0
Returning_Visitor,0,0.07172198,3.757974746,1,3,0.012854326,,0
,0,0.000002212,54.256931273,8,-6,0,1141.951228453,1
Returning_Visitor,0,0.046607104,0,3,-6,0.004041789,984.4111982,0
Returning_Visitor,0.2,0.011363781,,2,4,0.000160367,0.000005784,0
Returning_Visitor,0,0.2,6.54761921,2,1,0,1587.562355544,0
New_Visitor,0,0.05,6.874865498,2,1,0.062631552,640.816137028,0
New_Visitor,0,0.001598796,0,4,2,0.05,587.305899954,0
New_Visitor,0,0.052299197,0,3,3,0.052695569,1318.851028134,0
Returning_Visitor,0,0.030533227,0,3,1,0.061963619,1007.426263839,0
Returning_Visitor,0,0.061204585,0,4,2,0.004557382,1174.44792729,0
Returning_Visitor,0,0.000000024,34.302152352,3,-7,0,1470.889631637,1
Returning_Visitor,0,0.04587566,0,2,2,0.01,298.439676978,0
Returning_Visitor,0,,0,1,4,0,827.747669518,0
Returning_Visitor,0,0.014479085,0,3,1,-0.185629736,482.175090719,0
New_Visitor,0.2,0.010400889,0,6,1,0.014866075,1519.794378046,0
Returning_Visitor,0,0.01,0,,2,0,422.696591907,0
Returning_Visitor,0.2,0,0,17,3,0.02,735.795941814,0
,0,0.219061921,9.263549155,,-7,0.029012124,1338.204951415,0
Returning_Visitor,0.4,0.077073824,0,1,-6,0.02,1039.319417372,0
Returning_Visitor,0,0.049847186,2.715815267,2,1,0,524.244435983,0
Returning_Visitor,0.6,0.091409118,0,3,3,0.000134249,0.000005801,0
New_Visitor,,0.006269332,0,1,2,0.000867228,379.33705437,0
New_Visitor,0,0.054385957,0,10,-7,0.2,2553.889841287,0
Returning_Visitor,0,0.037745855,0,6,1,0.011345615,2227.740977423,0
Returning_Visitor,0,0.001717548,0,17,2,0,1148.2343567,1
Returning_Visitor,0,0.01,0,1,1,0,5192.741247784,0
New_Visitor,0,0.028083536,0,12,2,0.000131502,3751.23790473,0
Returning_Visitor,0,0.047627503,0,18,3,0.01,1187.338090896,0
Returning_Visitor,0,0.005439244,2.697933124,1,1,0.005540604,592.097886421,0
Returning_Visitor,0,0.022819402,29.138196395,1,2,0.187027572,343.691578846,0
Returning_Visitor,0,0.048571974,0,2,1,0.002415348,726.679854841,0
New_Visitor,0,0.020513131,0,5,1,0.050231834,1824.869117266,0
Returning_Visitor,0,0.01803187,0,2,3,1.442083149,443.398908513,0
New_Visitor,0,0.001532902,0,2,3,0,449.92485403,0
Returning_Visitor,0,0.003871232,0,2,1,0.014390332,0.000005815,0
Returning_Visitor,,0.000645664,0,2,1,0.126166678,1303.412286849,0
Returning_Visitor,0.4,0.001748402,0,11,3,0.000000047,1360.44248346,0
Returning_Visitor,0,0.136059893,0,1,-6,0.01,3075.971358029,0
Returning_Visitor,0,0.000923975,0,8,-7,0,1158.12978546,1
Returning_Visitor,0.2,0.1,65.65672981,2,3,0.000015801,1703.168598457,1
Returning_Visitor,0,0.244286525,0,3,-6,0,1805.232819902,0
,0,0.052309227,0,13,1,0.000043658,107.150108854,0
,0,0.002559314,0,3,3,0.05,772.397092348,0
Returning_Visitor,0,0.000059313,0,4,-5,0.000835336,,1
Returning_Visitor,0,0.1,0,2,1,0.002609102,1099.159105909,0
Returning_Visitor,,0.003145156,0,6,2,0.000010451,480.084373977,0
Returning_Visitor,0,0.256815935,0,2,3,0.000005901,1144.337063459,0
Returning_Visitor,0,0.092266672,,2,1,0.2,,0
Returning_Visitor,0,0.07185966,0,4,1,0.092921842,1373.904418396,0
Returning_Visitor,0,0.001958404,0,1,2,0.000704832,1151.048976886,0
New_Visitor,0,0.043475824,0,3,4,0.0098694,371.257334756,0
New_Visitor,0,0.056137515,0,7,1,0.014998305,1866.488899114,0
Returning_Visitor,0,0.071041244,0,5,1,0,320.131833463,0
Returning_Visitor,0,0.156462987,0,2,1,0.070995565,978.375804808,0
Returning_Visitor,0,0.060388976,0,4,3,0,1204.94227503,0
Returning_Visitor,0,0.000141733,0,2,1,0,0.000005836,0
New_Visitor,0,0.069149171,0,2,-6,0,131.956746292,0
Returning_Visitor,0,0.011651418,0,2,1,0.013438421,250.436042576,0
New_Visitor,1,0.014330827,5.754373854,10,-5,0,2384.809422667,0
New_Visitor,0,0.1,0,2,4,0.004336639,504.976016978,0
New_Visitor,0,0.000001949,62.709721115,4,-8,0,3116.095682147,1
Returning_Visitor,0,0.050731244,0,2,-6,0.017163647,1409.010331142,0
Returning_Visitor,0,0.008869563,2.455837075,5,4,0.133609678,1053.704776504,0
Returning_Visitor,,0.055153905,0,1,3,0.000000051,3320.363916575,0
Returning_Visitor,0,0.017356671,0,2,3,0.00000017,1470.712421187,0
New_Visitor,0,0.093194386,0,2,3,0.000054202,237.000349428,0
Returning_Visitor,0,,0,2,-8,0.002166146,568.229930054,0
New_Visitor,,0,,2,1,0.057980633,1299.520979097,0
Returning_Visitor,0,0.112963026,0,3,1,0,1162.910478337,0
New_Visitor,0,0.018815614,0,2,1,0,1062.96270855,1
Returning_Visitor,0,0.004770708,0,3,1,0.052448972,,0
Returning_Visitor,0,0.02330509,0,2,1,0.011676569,669.44727264,0
New_Visitor,0,0.036745569,0,3,3,0.006565948,786.064391376,0
Returning_Visitor,0,0.069980807,0,4,1,0.000047901,2329.456611418,0
Returning_Visitor,0.4,0.064005521,0,5,1,-0.205065439,1623.204391581,0
Returning_Visitor,0,,0,2,-7,0.001317919,351.005479917,0
Returning_Visitor,0.8,0.009014157,0,6,3,0.003785753,487.441511581,0
Returning_Visitor,0.2,0.000135163,24.604387942,6,3,0.000104682,102.930129584,0
Returning_Visitor,0,0.007307889,26.209022052,1,3,0.0000053,2196.506121133,1
Returning_Visitor,0,0.010673921,0,3,1,0,219.423252443,0
Returning_Visitor,0,0.002329091,0,1,-6,0.000001814,2181.811755599,1
Returning_Visitor,0,0.026377332,0,2,-7,0.000002158,203.913211439,0
New_Visitor,0.2,0.052965707,0,2,2,0.000212247,1854.171893528,0
Returning_Visitor,0,0.000405212,0,3,3,0,452.691610584,0
New_Visitor,0,0.087563816,,2,1,0.084259306,0.000005865,0
New_Visitor,0,0.028571511,0,7,1,0.000024464,805.630784896,0
Returning_Visitor,0,0.021801472,0,2,3,0.000030779,,0
Returning_Visitor,0,,0,4,3,0.012401435,615.081540806,0
New_Visitor,0,0.043852481,0,3,3,0.05,5550.510821486,0
Returning_Visitor,0.8,0,0,3,1,0.00003581,1588.27563811,0
Returning_Visitor,0,0.000003185,0,2,-7,0.010835705,,0
Other,0,0.009023908,18.225697008,2,1,0.001207196,1947.137121237,0
Other,0,0.046945292,0,6,1,0.07253478,363.534186494,0
Returning_Visitor,0,0,0,4,-6,0.025366559,,0
New_Visitor,0,0.145870466,0,2,-7,0.001223474,791.213481392,0
Returning_Visitor,0,0.061027703,0,,1,0.2,,0
Returning_Visitor,0.2,0.01602236,0,2,1,0.000000044,828.544149871,0
New_Visitor,0,0.033922504,0,,-9,0,1104.180433637,1
Returning_Visitor,0.4,0.00003483,0,2,1,0.009073456,1348.67431895,0
New_Visitor,0,0.004255665,0,2,1,0,139.602329766,0
Returning_Visitor,0,0.02,0,2,1,0,1659.996806328,0
Other,0,0.004337568,33.735607094,3,3,0,775.547632655,1
Returning_Visitor,0.2,0.13985403,0,2,-8,0.01,,0
Returning_Visitor,0,0.051952046,0,1,1,0.000135933,658.659811858,0
Returning_Visitor,0,0.000001291,0,1,1,0,1830.928162315,1
New_Visitor,0,0.031371367,0,1,2,0.136672262,1525.461916029,0
Returning_Visitor,0,0.030973534,0,2,1,0.000027199,1590.283308003,0
Returning_Visitor,0,0.000011773,0,1,4,0.001950726,438.32325487,0
Returning_Visitor,0,0.031583206,0,2,-9,0.06949381,,0
Returning_Visitor,0.8,0.071774305,1.783930444,5,2,0.000085551,3536.449768495,0
New_Visitor,0,0.000001912,417.012442446,7,1,0.000000087,105.136226555,1
Returning_Visitor,,,,2,1,0.01,331.667770512,0
Returning_Visitor,0,0.081235748,25.070508531,4,-7,0.001850262,3806.617640964,0
Returning_Visitor,0,0.05691668,0,3,3,0.01,1852.170297084,0
Returning_Visitor,0,0.003071482,0,9,4,0,823.974447262,0
Returning_Visitor,0.4,0.052204556,0,2,-8,0.001622579,224.131492004,0
Returning_Visitor,0,0.018453805,0,1,-6,0.196144392,1175.234094936,0
Returning_Visitor,0,0.100267585,0,2,1,0.015575696,820.511991534,0
Returning_Visitor,0,0.00021799,0,3,-7,0.020347298,371.039642909,0
Returning_Visitor,0,0.000519402,0,1,3,0,2697.419486697,0
Returning_Visitor,0.6,0.004708559,3.917899201,2,-7,0.0036832,3439.376605899,0
Returning_Visitor,0,0.005428287,49.877356843,1,1,0,1615.898209186,1
Returning_Visitor,0.8,0.009672029,0,3,-8,0.098512165,0.000005903,0
Returning_Visitor,0,,0,2,3,0.02,909.076581015,0
Returning_Visitor,0,0.000298596,0,3,1,0.02,858.800390501,0
Returning_Visitor,0,,27.28150742,3,3,0.01,1268.878320145,0
Returning_Visitor,0,0.2,0,6,4,0,1445.016820635,0
Returning_Visitor,0,0.2,0,4,-9,0.000000225,950.311830465,1
Returning_Visitor,0,,14.256895724,6,3,0,254.805525429,0
,0,0.002900549,0,2,3,-0.01710497,1267.367415262,0
Returning_Visitor,0,0.1,0,1,1,0.005144219,1665.502880188,0
Returning_Visitor,0,0.004548592,13.168287412,5,1,0.000175148,138.70490454,0
Returning_Visitor,0,0.000254569,0,5,1,0.011233853,1945.755279228,0
Returning_Visitor,,0.2,,1,-7,0.00060447,1809.374916646,0
Returning_Visitor,0.2,0.004512242,0,2,4,0.007394697,369.797936134,0
New_Visitor,0,0.029298295,0,1,-5,0.000006009,233.403775873,0
Returning_Visitor,0,0.013241442,0,4,4,0.020675272,3297.424531269,0
Returning_Visitor,0,0.041959438,0,1,-8,0.006938502,55.837258609,0
Returning_Visitor,0.2,0.00274595,0,2,1,0.065058237,0.000005919,0
Returning_Visitor,0,0.002004148,51.356884573,2,1,0,352.951743362,1
Returning_Visitor,0,0.041820706,,4,2,0.02,158.696950179,0
New_Visitor,0.2,0.030481571,0,2,1,0.045820294,,0
Returning_Visitor,0,0.019095483,0,5,3,0.005608617,598.905879439,0
Returning_Visitor,0,0.2,0,7,1,0.000300056,2182.402999225,0
New_Visitor,0.4,,0,9,3,0.054100874,1434.267948066,0
Returning_Visitor,0.2,0.039604774,0,2,1,0,727.712837667,0
New_Visitor,,0.165593785,0,10,1,0.00502863,0.000005927,0
New_Visitor,0,0.002182977,0,2,1,0.017261552,1272.694101907,0
,0,0.021903676,32.493137991,4,3,0.000001137,1415.871350399,1
New_Visitor,0,0.000865601,0,1,3,0.024590051,1523.060808372,0
Returning_Visitor,0,0.172176019,0,4,1,0.1,498.489311875,0
Returning_Visitor,0,0.002463294,,5,1,1.433200903,2205.727863756,0
New_Visitor,0,0.011198675,0,3,1,0.000073266,1704.2012643,0
Returning_Visitor,0,0.076086758,9.40710901,4,4,0.000004634,715.189088727,0
Returning_Visitor,0,0.011052946,0,3,1,0.000017041,2394.444383511,0
Returning_Visitor,0,0.014198634,0,1,3,0.01,572.690785225,0
Returning_Visitor,0.2,0.012368604,0,2,2,0.004624571,0.000005937,0
New_Visitor,0,0.005672052,0,3,-7,0.026065176,1072.006195002,0
Returning_Visitor,0.4,0.011472785,0,2,3,0.000002076,1495.28511972,0
Returning_Visitor,0,0.038697209,0,5,-8,0.00036371,1425.572185063,1
Returning_Visitor,0,0.001927725,17.519269561,3,1,0.003103216,372.923092475,0
Returning_Visitor,0,0.020827421,0,2,-7,0.141769901,947.195998651,0
Returning_Visitor,,,55.15547078,2,1,-0.072698012,3153.770926738,1
Returning_Visitor,0,0.306930785,0,3,2,0,1591.051044429,0
,0,0.074150139,0,5,1,0.1,1357.863994534,0
New_Visitor,0.4,0.05,0,10,2,0.008119475,1505.451964524,0
New_Visitor,0,0.04103727,0,2,2,0.026671008,365.068818275,0
Returning_Visitor,0,0.006798728,0,3,1,0.02139697,1038.745188332,0
Returning_Visitor,0,0.1,0,4,3,-0.026248245,443.910806757,0
Returning_Visitor,,0.018674024,0,3,-7,0.2,546.025496637,0
Returning_Visitor,0,0.000209036,0,1,1,0.089232206,0.000005951,0
,0,0.018976351,0,3,3,0.032256109,999.940690426,0
Returning_Visitor,0,0.2,0,5,-7,0.001403188,,0
Returning_Visitor,0,0.003235979,2.509817503,4,-8,0.000058721,2452.608214875,0
,0,0.02,0,15,1,0.037496092,1863.467915116,0
New_Visitor,0,0.009763393,0,6,-7,0.012222831,1825.254433496,0
Returning_Visitor,,0,11.982738584,2,1,0,1403.299332128,1
New_Visitor,0,0.2,0,3,1,0.000041831,405.313659872,0
Returning_Visitor,,0.006345717,0,14,-8,0.017431527,352.113984631,0
Returning_Visitor,0,0.01225752,0,2,1,0.00000568,1089.358487694,0
Returning_Visitor,0,0.003982881,0,2,1,0.064230033,2435.289950498,0
New_Visitor,0,0.041776679,4.56453356,2,2,0.000000001,132.511193941,0
Returning_Visitor,0,,7.407073301,4,2,0.1,1159.030968481,0
Returning_Visitor,0,0.039259689,0,1,-6,0.279392012,608.709280458,0
Returning_Visitor,0,,0,,3,0.067628325,979.318603511,0
,0,0.002114648,4.875464023,5,-7,0.149774788,1217.584419562,0
Returning_Visitor,0,0.008603768,0,1,2,0,442.873600627,1
Returning_Visitor,0.6,0.002730764,0,3,2,0.045937236,668.000820554,0
Returning_Visitor,0,0.145108013,0,6,3,0.000000111,1220.510379167,0
Returning_Visitor,0,0.031291258,0,,1,0.05,934.323690259,0
New_Visitor,0,0.01,148.163138953,,-8,0.004140527,1176.48872264,1
New_Visitor,0,0.024613937,0,3,3,0.000115153,1070.243410291,1
Returning_Visitor,0,0.108511109,9.091546819,6,3,0,377.364681032,0
Returning_Visitor,,0.010658942,18.411078577,2,1,0.008878519,3031.037844931,0
Returning_Visitor,0,0.020792961,0,10,4,0.000005316,763.070286413,1
Returning_Visitor,0.2,0.178399934,0,2,-7,0.000010931,639.831527005,0
Returning_Visitor,0,0.000014635,0,2,3,0,,0
,0,0.1,0,4,4,0.103012765,1535.798847919,0
Returning_Visitor,0,0.014762732,0,2,1,0.001936619,1141.727899822,0
New_Visitor,0.8,0.14949812,0,2,-6,0.042496813,1205.678134978,0
Returning_Visitor,0,0.083940414,0,2,3,1.365411807,928.103789811,1
Returning_Visitor,0.4,0.00269796,0,2,3,0.020458407,2081.787309764,0
New_Visitor,0,0.039532799,0,19,4,0.001152154,1116.369168687,0
Returning_Visitor,0,0.022566232,0,4,2,0.000021181,0.000005984,0
New_Visitor,0,0.00016688,0,2,4,0.01,2053.321128162,1
Returning_Visitor,0.2,0.001919322,0,3,-7,0.000105154,1440.838901579,0
New_Visitor,0,0.1,16.321369417,2,1,0.00923457,1245.943038751,1
Returning_Visitor,0,0.044558706,0,1,1,0,861.050333635,0
Returning_Visitor,0.6,0.057195296,0,9,1,0.00076783,1374.572690883,0
Returning_Visitor,0,0.000340656,0,4,3,0.02,279.934839858,0
Returning_Visitor,0,0.059776099,0,4,1,0.1,1723.059936824,0
New_Visitor,0,0.002708228,0,1,1,0.023537534,346.520062261,0
Returning_Visitor,0.2,,0,6,-6,0,,0
Returning_Visitor,0,0.039814919,0,2,3,1.368704903,4290.701270302,0
Returning_Visitor,0,0.14732921,,13,1,0.05,92.675032167,0
Returning_Visitor,0,0.002635643,1.142937175,,3,0.05,550.188021443,0
Returning_Visitor,0,0.00541638,9.833426815,8,1,0.000137487,1446.989805255,1
New_Visitor,0,0.000001624,18.047660338,1,3,0.298754981,507.043295759,1
Returning_Visitor,0,0.000889352,34.880805238,4,4,0,654.825420702,1
Returning_Visitor,0,0.000283988,0,3,3,0.000055906,1482.686549456,0
New_Visitor,0,0.1,18.043841132,1,3,0.000000011,1513.013722714,1
Returning_Visitor,0.8,0.098494503,39.804390761,4,1,0.016240414,961.855878613,0
New_Visitor,0,0.03318663,0,2,4,0.223141608,140.57482154,0
Other,0.4,0.000923077,5.946109265,3,2,0.000016245,1360.2726661,1
Returning_Visitor,0,0.00958698,43.063835098,12,1,0,268.842096868,0
Returning_Visitor,0.2,0.045001221,0,1,-7,0.000001847,1807.288550423,0
Returning_Visitor,0,0,0,9,-8,0,3338.986038567,1
Returning_Visitor,,0.02,0,6,1,0.006799509,1257.706635672,0
Returning_Visitor,0.6,0.012758102,0,6,-8,0.060439963,1194.91645983,0
Returning_Visitor,0,0.065098054,0,,1,0.00179659,0.00000601,0
Returning_Visitor,0,0.006004095,0,12,3,0.01,0.000006011,0
Returning_Visitor,0,0.012263087,0,,1,0.01078887,338.261043835,0
New_Visitor,,0.006756537,0,2,-8,0.026525886,332.55087554,0
Returning_Visitor,0.4,0.007931916,0,1,4,0.01,1464.315926827,0
Returning_Visitor,0,0.004031421,23.530680206,9,1,0.16212341,904.797763243,0
Returning_Visitor,0,0.000004632,0,7,1,0.114500216,889.114502365,0
Returning_Visitor,0,0,5.104045816,4,4,0.037363037,1743.754449637,0
Returning_Visitor,0,0.192034076,0,10,1,0.000000019,1192.497161178,0
Returning_Visitor,0,0.028553626,0,3,3,0.01,437.3108154,0
Returning_Visitor,1,0.1,0,3,1,0.029380734,2326.785922012,0
New_Visitor,0,0.004736896,0,4,3,0.00006838,833.647432597,0
Returning_Visitor,0,0,0,1,1,0,1564.567486868,0
Returning_Visitor,0,0.077791145,0,1,-7,0.028037544,1180.35171418,0
Returning_Visitor,,0.042638281,,2,1,0.02,440.22255194,0
Returning_Visitor,0,0.005123563,0,2,-7,0.083274593,720.716782879,0
Returning_Visitor,0,,0,2,1,0.024127338,,0
Returning_Visitor,0,0.009712338,,2,1,0.001750073,466.322573274,0
New_Visitor,0,0.000074533,343.579503994,2,-8,0,441.387528294,1
Returning_Visitor,0,,19.161088529,3,4,0.000001334,932.384214273,0
,,0.002544295,0,3,2,0.05,559.529280278,0
New_Visitor,0,0.000039953,0,3,4,0,280.751771331,0
Returning_Visitor,0,0.002646616,0,2,-5,0.004525905,408.488140673,0
,0,0.002498047,0,2,1,0.087973895,256.8551506,0
New_Visitor,0,0.000129536,35.30332878,4,2,0,2567.453204627,1
Returning_Visitor,0,0.004620319,0,3,4,0.045102409,2738.181689243,0
Returning_Visitor,0,0.080869043,9.50814684,7,1,0.004034596,987.329566903,0
Returning_Visitor,0,0.002773494,0,3,4,0.000000215,1664.052301302,1
Returning_Visitor,0,0.029856561,0,3,3,0.025057229,976.230964971,0
Returning_Visitor,0,0.05,0,1,1,0.01,1315.91040383,0
New_Visitor,0,0.022832372,0,2,1,0.000000019,1846.57628058,0
Returning_Visitor,0,0.000009142,0,1,3,0.104298051,1049.687391849,0
Returning_Visitor,0,0.04991748,19.842547989,5,1,0.00048113,1070.231740355,0
Returning_Visitor,,0.01,0,5,2,0.012207268,0.000006043,0
Returning_Visitor,0,0.165379038,0,2,1,0.00393928,0.000006044,0
Returning_Visitor,0,0.032548041,8.36523226,2,2,1.382410298,0.000006045,0
Returning_Visitor,0,0.052694534,0,4,-7,-0.183987048,781.004140295,0
Returning_Visitor,0,0.1,0,8,2,0.002609863,,0
Returning_Visitor,0,0.088047626,3.808439355,2,4,0.00397093,1331.913026659,0
Returning_Visitor,0,0.001878065,34.603720408,3,3,0,352.825449693,1
Returning_Visitor,0,0.02,,1,2,0,3853.71105004,1
New_Visitor,0,,0,4,-6,0.000518696,670.415815884,0
Returning_Visitor,0,0.05,0,6,4,0.00037407,396.301374114,0
Returning_Visitor,0,0.050447276,0,1,2,0.019443957,1255.69420544,0
New_Visitor,0,0.005481796,0,4,1,0.000000586,1780.920653504,0
Returning_Visitor,0,0.080415183,0,1,1,0,1705.18929704,1
Returning_Visitor,0,0.005613394,0,2,2,0.00912028,3827.892582256,0
New_Visitor,0,0.004947731,0,3,1,0.003156856,88.986764159,0
Returning_Visitor,0,0.08959131,0,5,1,0.002275173,793.373502108,0
Returning_Visitor,0,0.232282003,12.132432787,8,4,0.012157676,927.578948086,0
Returning_Visitor,0.8,0.016849395,0,1,1,0,,0
,0,0.054349106,0,2,1,0.001550907,746.803614931,0
Returning_Visitor,0,0.008743552,12.757038147,,1,0.01,382.083353525,0
Returning_Visitor,0,0.199573682,8.342288554,1,2,0.000211289,2810.047448165,1
Returning_Visitor,0,0.1,0,3,1,0,3057.715936781,0
Returning_Visitor,0,0.019682183,0,3,4,0,509.36419447,0
Returning_Visitor,0,0.005753351,0,4,3,0,1891.272963325,0
Returning_Visitor,0,0.092889721,0,13,-5,0.000000928,2614.326752816,0
,0,0.1,0,3,1,1.209541292,2508.133563083,0
Returning_Visitor,0,0.00012116,0,2,4,0.00038296,1392.544974891,0
Returning_Visitor,0,0.015915301,0,2,-6,0.055929543,1099.004648272,0
Returning_Visitor,,0.018708388,0,4,3,0.079309948,279.806195623,0
New_Visitor,0,0.004495444,0,2,3,0.000276415,669.181306476,0
Returning_Visitor,0,0.016485573,,2,1,0.030499602,1838.181716423,0
New_Visitor,0.4,0.004483288,0,3,1,-0.015895456,68.038348083,0
New_Visitor,0,0.0010576,0,2,1,1.467987716,1156.609692069,1
Returning_Visitor,0,0.02,0,4,1,0.000419029,1440.052671733,0
Returning_Visitor,0.4,0.114975752,0,2,3,0.014738851,1473.222156581,0
Returning_Visitor,,0.053825617,0,2,2,0.030684347,997.172918813,0
,0,0.000491364,0,1,1,0.008592624,373.262402129,0
Returning_Visitor,,0.004130237,0,3,-8,0.05,2221.12885456,0
Returning_Visitor,0,0.003477313,0,2,4,0.002409747,1345.803092991,0
Returning_Visitor,,0.025210041,0,8,3,0.091978852,1590.143645948,0
Returning_Visitor,0,0.043041875,0,2,3,0,1115.914766561,0
Returning_Visitor,0,0.019689479,0,3,-8,0.000005315,1802.000876066,0
Returning_Visitor,0.2,0.066077663,0,2,1,0.000090493,724.130868976,0
Returning_Visitor,0,0.031198908,20.178994604,2,2,0,582.496912112,0
New_Visitor,0,0.095421603,0,3,1,0.02,0.000006087,0
Returning_Visitor,0,0.011803135,37.42503183,1,1,0.004050539,787.851258762,1
New_Visitor,0,0.2,0,1,1,0.004687368,1416.474045237,0
Returning_Visitor,0,0.016970448,0,3,3,0.01,1260.81294215,0
Returning_Visitor,,0.018822905,,5,3,0.003743082,750.194989589,0
New_Visitor,0.6,0.02592515,0,3,1,-0.178328266,249.06505243,0
Returning_Visitor,0,0.025990936,0,2,3,0.005445807,2555.239592741,0
New_Visitor,0,0.02431084,0,16,3,0.05,185.390728608,0
New_Visitor,0,0.005747886,0,6,1,0,3542.081357283,1
Returning_Visitor,,0.000723609,0,1,-8,1.138188851,2379.011914382,0
New_Visitor,0,0.019168524,0,3,1,0.104687054,2034.321392443,0
New_Visitor,0,0.15496855,0,2,3,0.1,1511.180654196,0
New_Visitor,0,0.035667164,0,3,-8,0.063889181,1293.39181567,1
New_Visitor,0,0.01,0,14,-8,0,428.371539526,0
Returning_Visitor,0,0,0,1,-5,0.1,1005.383079457,0
New_Visitor,0,0.013477183,0,7,3,0.02,2395.941806171,1
Returning_Visitor,,0.1,0,2,-8,0.001252756,1885.150993585,0
Returning_Visitor,0,0.110659138,0,6,1,0.000059736,,0
Returning_Visitor,0,0.021597386,0,3,1,0.031862036,621.962587999,0
Returning_Visitor,0,0.003626748,0,2,1,0.011066644,638.467166096,0
Returning_Visitor,0.8,0.00076144,0,7,-6,0.000610417,1123.176496985,0
Other,0,0.043667793,0,4,3,0,798.583998974,0
New_Visitor,0,,44.88638552,1,1,0.01,1106.0554499,1
Returning_Visitor,0,0.01213418,3.775359506,4,-8,0.00117221,2039.578449281,0
Returning_Visitor,0,0.005153801,15.142971609,8,2,0.000006337,89.513610122,0
Returning_Visitor,0.8,0.004616267,0,5,1,0.000004701,635.804695525,0
New_Visitor,0,0.109139397,0,3,1,0.007491662,225.680421534,0
Returning_Visitor,0,0.018878678,0,2,3,0.000000458,215.535984067,0
New_Visitor,1,0.01042754,0,1,1,0,383.122130504,0
Returning_Visitor,0.2,0.15337696,6.34096486,2,1,0.003856649,534.45137767,0
Returning_Visitor,0,0.000000246,8.824315199,2,-6,0.000000017,1039.47309188,1
Returning_Visitor,0,0.00041982,49.778614585,14,3,0,2049.915767443,1
Returning_Visitor,0,0.108151781,7.907830383,1,-6,0.119437185,573.733872424,0
Returning_Visitor,0,0.01,0,3,4,0,1817.750347334,0
Returning_Visitor,0,,,3,-8,0.004388081,578.511984062,0
Returning_Visitor,0,0.008558061,0,2,1,0.008774706,797.329392866,0
Returning_Visitor,1,0.026651816,0,1,3,0.000120727,0.000006123,0
Returning_Visitor,0,0.12109174,0,2,-7,0.014251704,,0
Returning_Visitor,0,0.001446915,0,2,3,0,676.57936508,0
Returning_Visitor,0,0.046267839,0,4,1,0.02,546.309048052,0
Returning_Visitor,0,0.013709236,0,2,3,0.000010625,324.809644759,0
New_Visitor,0.2,0.010723077,0,3,-7,0.085211111,0.000006128,0
Returning_Visitor,0,0.002649203,0,4,3,1.214456169,218.606443207,0
Returning_Visitor,0.6,0.164170048,0,2,1,0.04412699,444.057018975,0
Returning_Visitor,0,0.069137821,0,4,1,0.000000402,813.032169069,0
New_Visitor,0,0.023171726,0,1,1,0,175.605954937,0
Returning_Visitor,0,0.000017877,17.914421604,1,1,0,2176.057343165,1
New_Visitor,0,0.012258797,,3,1,0,1190.560750892,1
Returning_Visitor,0.6,0.055983582,0,2,4,0.002435447,613.330058305,0
Returning_Visitor,0,0.0178772,0,2,2,0.2,795.347854116,0
New_Visitor,0,0.000025163,,5,1,0,,1
New_Visitor,0.2,0.015592204,0,3,1,0,0.000006138,0
Returning_Visitor,0,0.138522092,0,1,1,0.000092304,260.116454574,0
New_Visitor,0,,0,1,2,0,3711.225970587,1
Returning_Visitor,0,0.001486346,0,2,-7,0.012395351,0.000006141,0
Returning_Visitor,0,0.000995442,0,,3,0.008813927,725.788661116,0
Returning_Visitor,0.6,0.017964308,0,1,-6,1.261677241,238.962781491,0
Returning_Visitor,0,0.000009275,0,4,1,0.000000011,1576.028321388,0
Returning_Visitor,0,0.074037398,16.458520065,4,4,0,1222.786116905,1
Returning_Visitor,0,0.021600864,0,3,3,0.029054969,2161.943945346,0
New_Visitor,0,0.001255988,15.720336085,4,4,0.000000001,1103.096402302,1
New_Visitor,0,0.061337662,0,2,3,0.020237773,1809.133054832,0
Returning_Visitor,0,0.019596618,,2,1,0,668.872539998,0
Returning_Visitor,0,0.019623994,34.765935648,2,1,0,1486.347667239,1
Returning_Visitor,0,0.020285203,0,3,4,0.001753346,1562.164748052,0
Other,0,0.091122485,0,2,-6,0.02,329.860743143,0
New_Visitor,0,0.048365963,0,2,3,0.049440715,,0
Returning_Visitor,,0.01,0,3,4,0.006178106,353.208702981,0
Returning_Visitor,0,0.000426152,38.722551218,5,1,0,1043.463830163,1
,0,0.02,0,3,1,0.000096849,781.922573658,0
Returning_Visitor,0,0.07117687,17.602126593,5,1,0,1705.331494928,0
Returning_Visitor,0,0.169871093,0,3,-6,0.000004063,492.71255929,0
,0,0.035118496,8.591801719,2,3,0.00047688,7438.856671471,1
Returning_Visitor,0,0.026871042,0,2,1,0,420.976321914,0
Returning_Visitor,0,0.041698804,35.152135725,1,1,0,209.574083751,1
Returning_Visitor,0,0.002128128,0,6,1,0,2379.261427649,0
Returning_Visitor,0,0.000000002,17.466401673,5,-8,0.000421833,376.640845621,1
Returning_Visitor,0,0.249719763,,2,-6,0.02911801,4629.979454067,0
New_Visitor,0,0.000171519,21.387221185,6,3,0,2517.352536145,1
Returning_Visitor,0,0.042634075,0,1,4,0.014903895,0.000006166,0
Returning_Visitor,0,,0,9,3,0,1066.575016114,1
New_Visitor,0,0.015948704,0,1,1,0.013936141,538.458385698,1
Other,0,,0,19,1,0.021253104,0.000006169,0
Returning_Visitor,0,0.080485151,0,5,1,0.000044259,1834.084516142,0
Returning_Visitor,0,0.22121332,0,2,3,0.001729486,,0
Returning_Visitor,0,0.023072157,0,3,-6,0.008696659,1946.849387328,0
Returning_Visitor,,0,66.624517089,2,2,0,1764.085063506,1
Returning_Visitor,0,0.001152912,0,20,-5,0.362104696,995.473823535,0
New_Visitor,0,0.01,0,16,3,0.02,1373.51464948,0
New_Visitor,0,0.05,0,2,-8,0.003027746,132.985615635,0
Returning_Visitor,0,0.029076874,0,,-6,0.000013194,,0
Returning_Visitor,0,0.046363167,3.429257078,3,3,0.000892833,243.020033672,0
Other,0,0.1,0,7,1,0.040390301,292.051775472,0
Returning_Visitor,0,0.100917509,0,,3,0.028425026,46.601872031,0
New_Visitor,,0.018783577,0,3,3,0.05,868.432917474,0
Returning_Visitor,0,0.000030779,27.098907261,1,-7,0.000000041,624.354774202,1
Returning_Visitor,0,0.023277868,0,7,1,0.1,1442.925590527,0
Returning_Visitor,0,0.005159038,15.352714483,1,1,0,229.214097303,1
New_Visitor,,0.000906839,0,4,2,0.000000725,5365.988142332,1
Returning_Visitor,0.8,0.039470209,0,2,-8,0.00246014,361.714990368,0
Returning_Visitor,0,0.035600509,3.476812609,3,4,0.000000012,,0
Returning_Visitor,0,0.05,0,2,1,-0.111809229,2861.922637326,0
,0,0.013473255,5.26617667,,3,0,307.766822547,0
New_Visitor,0,0.038607991,0,2,3,0,694.938634696,0
Returning_Visitor,0.2,0.093902421,0,1,1,0.001263114,1060.641362385,0
New_Visitor,0.6,0.030579283,0,1,3,0.010748326,166.951691265,0
Returning_Visitor,0.8,0.116222271,0,13,2,0.00008382,2223.832752102,0
Returning_Visitor,0,0.000000161,0,5,1,0,1696.450150647,1
Returning_Visitor,0,0.043270513,0,2,-5,0.01,989.801479859,0
Returning_Visitor,0,0.000194021,0,1,1,0.010034545,,0
Returning_Visitor,0,,0,6,1,0.001211017,1248.596296627,0
Returning_Visitor,0,0.108545766,0,2,2,0.015851149,1433.047012219,0
Returning_Visitor,0,0.2,0,3,-7,0.077368567,2214.507830258,0
Returning_Visitor,0,0.026956925,1.396443589,7,-8,0.005803217,716.43961762,0
,0,0.007948675,5.286867106,5,-7,0.02,866.207646597,0
Returning_Visitor,,0.058696727,0,,3,0.000001314,475.065236824,0
Returning_Visitor,,0,0,5,4,0.000444279,2503.244383507,0
Returning_Visitor,0.4,0.054366121,7.030628491,6,4,0.1,30.901747442,0
Returning_Visitor,0,0.237270571,4.113683772,8,-8,0.000007369,240.258105183,0
Returning_Visitor,0,0.01120619,,2,1,0.000206519,0.000006206,0
New_Visitor,0,0.021420775,0,1,2,0.004726515,533.394789402,0
New_Visitor,,0.036812976,0,2,3,0.036427189,1568.814772679,0
New_Visitor,0,0.2,7.887366636,2,4,0.000010753,2536.499631899,1
Returning_Visitor,,0.000038477,0,2,1,0.084676953,1296.959149532,0
New_Visitor,0,0.006029461,0,2,-7,0.024451513,2512.16380182,0
Returning_Visitor,0,,0,1,1,0.000973429,2341.209218073,0
New_Visitor,,0.127738842,5.981111188,1,1,0.039675192,289.881438663,0
,0,0.011237364,0,1,3,0,,0
Returning_Visitor,0,0.046727415,0,4,1,0.1,1083.107794916,0
Returning_Visitor,0,0.01254001,0,2,4,0.049285536,281.286699576,0
Returning_Visitor,0,0.000006876,9.225471836,4,-7,0,,1
Returning_Visitor,0.2,0.043056215,0,1,-8,0.008373458,577.687002527,0
Returning_Visitor,0,0.1,0,2,1,0.014389719,0.000006219,0
Returning_Visitor,0,0.023309258,0,13,1,-0.201481514,287.73574062,0
Returning_Visitor,0,0.061880945,15.12080766,3,1,0.00662605,1513.750657962,0
Returning_Visitor,0.4,0.121461346,0,2,1,0.00095272,599.266602762,0
Returning_Visitor,0,0.029641324,0,,1,0.026386758,402.896315666,0
Returning_Visitor,0,0.000769572,0,5,3,0,1103.360966613,1
Returning_Visitor,0,0.001191678,34.738855491,4,4,0.000037109,1302.939235468,1
Returning_Visitor,0,0.17491941,0,2,1,0.000009154,346.031031932,0
New_Visitor,0,0.000007523,0,16,4,1.426577336,,1
Other,0,0.000447902,0,3,3,0.000001362,1028.304562491,0
Returning_Visitor,0,0.020363775,0,1,3,0.000000001,1090.193674276,0
Returning_Visitor,0,0.048599534,0,5,2,0.075072786,316.293119271,0
Returning_Visitor,0,0.05,,2,-6,0.024654733,2074.418941596,0
,0,0.014345769,0,8,-8,0.004145619,1546.910965704,0
Returning_Visitor,0,0.003707537,0,1,1,0.003472898,1990.454536957,0
Returning_Visitor,0,0.01,0,5,1,0.000002489,240.653179287,0
Returning_Visitor,,0.001330512,0,2,2,0.006130057,1038.775824196,0
Returning_Visitor,0,,0,1,3,0.01,261.372311258,0
Returning_Visitor,0,0.123207478,0,8,1,0.000382073,702.630735669,0
Returning_Visitor,0,0.00167937,0,3,1,0.000090243,2763.554358124,0
Returning_Visitor,0,0.002065555,0,10,-7,0.007304127,1305.468448347,0
Returning_Visitor,0,0.004359035,0,3,4,0.01,2087.013234151,0
,0.6,0.001190742,15.013863103,2,1,0.002159536,0.000006241,0
Returning_Visitor,0,0.12340569,0,7,4,0,,0
Returning_Visitor,0,0.000001018,44.727883749,4,3,0.01821937,2521.717143356,1
Returning_Visitor,0,0.007631125,0,3,-6,0.171370293,1131.307533539,0
,0,0.016847639,0,9,1,0.01,1305.388138594,0
Returning_Visitor,0,,3.173180999,3,-8,0.000284093,1682.505263627,0
Returning_Visitor,0,0.203715072,0,3,4,0.000229747,2490.992853063,0
Returning_Visitor,0,,0,3,1,0.004680423,,0
Returning_Visitor,0,0.00147093,0,,2,0.000067174,1878.694476257,0
New_Visitor,0,0.02,69.049275433,4,-5,0.01,1226.941995892,0
Returning_Visitor,0,0.000131994,0,1,1,0.307802582,,0
New_Visitor,0,0.016013987,0,2,1,0.002280989,1220.161362757,0
Returning_Visitor,0,0.003558094,0,6,-5,0.052610664,507.691721894,0
New_Visitor,0,0.006383884,0,17,-8,0.000770129,755.374506993,0
Returning_Visitor,0,0.01363736,0,2,-7,1.042260975,132.333563334,0
Returning_Visitor,0,0.000098473,0,6,1,0.13268926,1426.588114391,1
Returning_Visitor,0,0.001862141,0,1,-6,0.01,1758.509110351,0
Returning_Visitor,0.2,0.078991367,0,13,1,0,1966.216832969,1
New_Visitor,0,0.061806405,0,2,2,0.05,0.000006259,0
Returning_Visitor,0,0.004843731,0,6,1,0.000059229,0.00000626,0
Returning_Visitor,0,0.031842748,0,3,1,0.013076955,1687.7113143,0
Returning_Visitor,0,0.000588872,0,2,1,0.000999843,196.017063783,0
Returning_Visitor,0,0.000032042,77.308777955,1,-7,0.000001661,1648.796868195,1
Returning_Visitor,0,0.04055635,4.738344121,2,1,0.045889991,2240.458987081,0
Returning_Visitor,0,,0,4,1,0,708.191767105,0
Returning_Visitor,0,,0,2,1,0.000358886,567.633688962,0
Returning_Visitor,0,0.305137956,0,2,3,0.014918841,693.161451193,0
Returning_Visitor,0,0.1,0,3,4,0.000706637,1060.769148286,0
Returning_Visitor,0,0.067691047,0,16,-6,0,420.882782561,0
Returning_Visitor,0.8,0.011834354,0,5,1,0.02,1884.767622724,0
Returning_Visitor,0,0.05,0,7,-6,0.04033518,100.550835441,0
Returning_Visitor,0,0.045449762,11.947676373,3,4,0.023695734,1154.459967887,0
Returning_Visitor,,0.02,0,16,1,0,953.667390036,0
Returning_Visitor,0,0.031836284,36.261858574,1,3,0.000089145,2337.973580741,1
Returning_Visitor,0,0.032831262,0,5,3,0.019702744,,1
Returning_Visitor,0,0.118128451,0,1,3,0.001542222,2689.149062198,0
Returning_Visitor,0,0.003881612,25.366702341,2,1,0.2,2406.770245391,1
Returning_Visitor,0,0.043621737,0,1,3,0.048121207,509.48006794,0
Returning_Visitor,0,0.001687653,0,2,1,0.05,0.000006279,0
Returning_Visitor,0,0.032434109,0,,-7,0.069196425,700.806192028,0
Returning_Visitor,0.2,0.009731467,0,7,-7,0.025881145,154.086475174,0
Returning_Visitor,0,0.056009437,12.429531126,3,1,0.000032451,253.533077598,0
Returning_Visitor,0,0.001096481,0,5,1,0.008293485,1162.567919593,0
Returning_Visitor,0.8,0.013188998,17.947353788,1,1,0.01,1563.231229078,0
Returning_Visitor,0,0.278563231,0,7,1,0.01,435.856889428,0
Returning_Visitor,0,0.1,19.013109598,,-7,0.2,4089.724080667,1
Returning_Visitor,0,0.0884511,0,,-6,0,879.372783676,0
Returning_Visitor,0,0.033394628,0,10,1,0.037740645,1293.171800908,0
Returning_Visitor,0,0.000955081,,11,1,0.000062481,426.533646476,1
New_Visitor,0,0.007442614,4.60820759,4,1,0.000033742,,0
Returning_Visitor,0,0.05,0,3,4,0.005189695,212.576083965,0
,0,0.070973005,4.226367889,2,3,0.05,296.247303962,0
New_Visitor,0,0.000005905,0,1,-6,0.01,1949.920408951,1
Returning_Visitor,0,0.003837573,,3,-6,0,1230.816034696,0
Returning_Visitor,0,0.009189333,32.682020132,2,1,0.000004968,1511.84054388,1
New_Visitor,1,0.034966342,0,5,1,0,0.000006296,0
Returning_Visitor,0,0.000658468,14.406203025,5,1,0.001840505,534.002924194,1
Returning_Visitor,0,0.02,31.017036706,2,1,0.000000022,281.349390009,0
Returning_Visitor,0,0.07490178,0,2,1,0.007076356,2537.950219786,0
Returning_Visitor,0,0.003123966,0,3,-5,0.000602716,1542.394354766,0
Returning_Visitor,0.8,0.031890812,31.462145803,3,3,0.005122236,250.250087718,0
Returning_Visitor,0,0.129645209,0,2,3,0.000103901,1035.261445085,0
Returning_Visitor,0,0.127262718,0,2,1,0.253951132,803.366955054,0
Returning_Visitor,0,0.222563756,0,2,3,0.000000062,,0
Returning_Visitor,0,0.076928225,0,2,2,0.000334436,701.774279639,0
New_Visitor,0,0.049005066,14.258285127,1,3,0.088030006,1774.931434052,0
Returning_Visitor,0.2,0.00757803,6.650685802,6,-7,0.059532851,2099.012429458,0
,0,0.040278441,0,4,-7,0.007860592,1355.947220833,0
Returning_Visitor,0,0.000674926,8.130391355,1,3,0.134384036,492.713661165,0
Returning_Visitor,0,0.01,0,13,1,0.000829833,3135.655903851,0
Returning_Visitor,0,0.051314836,0,5,3,0.009178531,2609.965530854,0
New_Visitor,0,0.049053217,0,2,-6,0.030764057,1382.194492942,0
,0,0.033137154,0,4,1,0.00729294,0.000006313,0
New_Visitor,0,0.0025814,,1,1,0.033189147,425.654925605,0
Returning_Visitor,0.6,0.002706774,39.294005142,5,3,0.000000003,1866.070532474,1
Returning_Visitor,0.2,0.04611498,0,2,3,0.000318118,1343.322449539,0
Returning_Visitor,,0.002018541,,5,4,0.038827644,204.199060568,0
New_Visitor,0,0.042051053,0,1,1,0.02,274.277848267,0
Returning_Visitor,0,0.077095367,0,1,3,0.00120833,320.2638345,0
Returning_Visitor,0,0.080815648,11.337226592,11,3,0,1706.291685333,1
Returning_Visitor,0,0.113709162,0,2,3,0.000001478,96.152782929,0
Returning_Visitor,0,0,66.736996979,1,1,0,3126.511810419,1
Returning_Visitor,0,0.000000169,23.216254958,2,3,0.05,1162.130139126,1
Returning_Visitor,0,0.116769723,0,4,3,0,0.000006324,0
Returning_Visitor,0,0.000319061,0,2,1,0.023886774,117.76664253,0
,0,0.004348135,0,2,3,0.011834817,984.812659791,0
Returning_Visitor,0,0,0,1,3,0.007438406,,0
New_Visitor,0,0.019196404,8.553899164,3,1,0.08933358,2790.443621615,0
New_Visitor,0,0.002189012,0,2,1,0.000000009,561.823135338,1
Returning_Visitor,0,0.272742206,0,7,4,0.187853697,382.869192504,0
Returning_Visitor,0,0.05,0,2,1,0.005116856,2297.28857629,0
New_Visitor,0,0.023490718,0,1,-6,0.000147532,540.594630486,0
Returning_Visitor,0.2,0.03298095,7.720670958,1,-7,1.303534208,3295.576997988,0
Returning_Visitor,0,0.003692315,0,1,1,0.008141346,600.880825711,0
Returning_Visitor,0,0.074459407,0,2,1,0.006817943,259.145792774,0
Returning_Visitor,0,0.1,0,2,-5,0,11.562709904,0
Returning_Visitor,0.2,,10.117379277,2,1,0.102178458,640.011996558,0
Returning_Visitor,0,0.107371838,0,1,-7,0.1,442.010395002,0
Returning_Visitor,,0.011907115,0,1,-8,0.004416432,1126.308935919,0
New_Visitor,0,0.000479696,,,1,0.003062413,827.52651016,0
Returning_Visitor,0,,0,2,2,0.086573176,318.919607636,0
Returning_Visitor,,0.026788373,0,5,1,0,1386.746938637,0
Returning_Visitor,0,0.017565295,25.093133611,2,1,0,2001.111624503,1
Returning_Visitor,0.2,0.002539649,0,2,2,0.2,402.841231557,0
Returning_Visitor,0,0.002662007,0,4,-8,0.005896911,700.47160972,0
New_Visitor,0,0.01,0,1,-9,0.000000461,1644.616889144,0
Returning_Visitor,0,0.104193669,0,3,2,0.002799074,1325.208458126,0
New_Visitor,0,0.081090181,13.330809592,1,-6,0,3066.038609205,1
Returning_Visitor,0,0.01,0,2,1,0.024232652,1055.09983222,0
New_Visitor,0,0.000003347,0,2,4,0,1927.779312104,1
Returning_Visitor,0,0.009564648,55.121058002,2,2,0.019238825,1767.263191135,0
Returning_Visitor,0,,0,1,1,0.02,585.633754062,0
Returning_Visitor,0,0.000416913,,1,2,0.038964676,180.889958934,0
Returning_Visitor,0,0.003610055,17.032625287,5,-5,0.000000027,1534.211004244,0
New_Visitor,0,0.1,0,1,1,0.008357724,622.647124111,0
Returning_Visitor,0.8,0.050308989,0,1,-7,0.000000341,6582.687067102,0
New_Visitor,0.2,0.050204286,0,3,4,0.00006698,1128.985237179,0
Returning_Visitor,0,0.012064903,0,2,3,0.000418811,467.178785542,0
Returning_Visitor,0,0.018963608,0,5,3,0.02,2372.941729207,1
Returning_Visitor,0,0.042712544,0,6,1,0.001375374,625.231536901,0
Returning_Visitor,0,0.000024849,23.032817968,2,3,0,675.837564506,1
Returning_Visitor,1,0.03482539,0,2,1,0.000007139,255.879841342,0
Returning_Visitor,0,0.014840809,0,2,-6,0.001086707,53.969260045,0
Returning_Visitor,0,0.000194543,0,2,1,0.005095483,311.323640762,0
Returning_Visitor,0,0.072466471,0,5,-8,0.001692648,977.372178915,0
Returning_Visitor,0,0.000028427,0,2,4,0,285.86871995,0
Returning_Visitor,0,0.014899848,0,2,1,0.02,1857.458434076,0
Returning_Visitor,0,0.16878581,0,2,1,0,1259.089574076,0
New_Visitor,0,0.01067694,0,6,1,0.00209837,686.245264252,0
Returning_Visitor,0,0.008102665,0,1,1,0.00373792,1799.66964961,0
Returning_Visitor,0,0.000088311,0,2,4,0.006535745,0.000006371,0
Returning_Visitor,0,0.002393817,,2,1,0.012516006,2182.22203674,0
Returning_Visitor,0,0.02,0,5,2,0.001100833,270.724991298,0
Returning_Visitor,0,0.011144473,0,1,1,0.153920447,541.169170544,0
Returning_Visitor,0.2,0.000018263,16.103340403,,2,0,,1
Returning_Visitor,0,0.003913026,0,3,4,0.007978974,383.770994844,0
New_Visitor,0.6,0.005948703,0,5,1,0,1426.042951086,0
,,0.048735517,0,4,1,0,201.868208122,0
,0.4,0.014705257,0,1,1,0.01,0.000006379,0
Returning_Visitor,0.2,0.061267919,0,2,1,0.000000015,144.495001558,0
Returning_Visitor,0,0.000807449,0,2,2,0.01,1620.196231846,0
Returning_Visitor,0,0.017171297,0,3,3,0.000019395,1377.646897887,0
Returning_Visitor,,0.022185266,6.065640087,2,-7,0.012914662,,0
New_Visitor,0,0.014831223,14.497054007,7,1,0.092393331,3040.540032179,0
Returning_Visitor,,0.012722522,0,3,3,0.001865453,2729.928846567,0
Returning_Visitor,0,0.00615337,0,1,1,0.000257003,885.774977573,0
Returning_Visitor,0.2,0.105138762,0,3,-6,0.006165172,710.704227352,0
Returning_Visitor,0,0.022887023,9.222743296,2,3,0.000000238,941.236692899,1
Returning_Visitor,0,0.025442789,0,3,3,0.05,1254.764177033,0
New_Visitor,0,0.01,0,,1,0.002773586,337.287661989,0
Returning_Visitor,0,0.080402911,50.429725492,2,1,0.00000001,816.438965641,1
Returning_Visitor,0,0.042138903,0,2,-6,0.110793838,301.502440618,0
Returning_Visitor,0,0.114974859,1.387274227,2,-8,0.017653483,389.016046621,0
New_Visitor,0,0.053739395,0,2,2,0.080823964,443.540117244,0
New_Visitor,0,0.003752296,0,3,-7,0.02,331.608176354,0
Returning_Visitor,0,,,2,-6,0.000128866,551.446525985,0
New_Visitor,0,0.013166911,0,1,-6,0.000197593,952.796506363,0
Returning_Visitor,0,0.045178154,0,4,1,0.036031411,3443.673657429,0
Returning_Visitor,0,0.109944868,0,3,4,0,0.000006399,0
New_Visitor,0,0.05327565,0,8,1,0.000007595,2817.392995508,0
New_Visitor,0.2,0.000334597,0,2,4,-0.228075562,2419.67134319,0
Returning_Visitor,0.4,0.003117093,0,2,3,0.002639124,,0
Returning_Visitor,0,,0,12,1,0.0009443,741.929001679,0
Returning_Visitor,0,0.000009925,0,8,-8,0,185.015607974,1
Returning_Visitor,0,0.002529924,0,3,1,0.009293516,695.376483467,0
New_Visitor,0,0.009126678,0,,3,0.005124839,265.80814887,0
New_Visitor,0,0.051460216,0,1,-9,0.235199959,638.441509395,0
Returning_Visitor,0.2,0.026891012,0,2,3,0.000002708,162.242280156,0
Returning_Visitor,0,0.008255751,0,3,1,0.155637525,761.759623825,0
New_Visitor,0,0.02019723,0,10,1,0.15639888,0.00000641,0
Returning_Visitor,0.2,0,,11,4,1.49920958,1775.855476757,0
Returning_Visitor,0,0.1,30.048115422,3,3,0,3320.430248664,1
Returning_Visitor,0,0.02,0,4,1,0,2651.776434987,0
Returning_Visitor,0,0.000031332,11.705496098,1,3,0,1733.125224227,1
Returning_Visitor,0.2,0.000696249,0,8,1,-0.113670763,,1
Returning_Visitor,0,0.005786622,0,3,3,0.001535318,797.22619297,0
Other,0.8,0.008774747,0,1,3,0.008738208,1306.356941198,0
,,0.024181358,0,2,3,0.000437761,451.485245932,0
Returning_Visitor,0,0.000001164,13.065330696,4,4,0,1852.838290326,1
Returning_Visitor,0.2,0.051155571,0,3,1,0.001032799,2057.77799735,0
New_Visitor,0,0.222006746,0,7,1,0,1438.400812676,0
Returning_Visitor,0,0.003132786,,1,3,0.038018072,213.218612793,0
Returning_Visitor,0.6,0.00889082,0,3,1,0.022470178,0.000006423,0
Returning_Visitor,0,0.004136991,0,1,3,0.000782376,657.396253968,0
New_Visitor,0,0.01266756,0,1,1,0.005036981,814.348234622,0
Returning_Visitor,0,0.012155465,,2,1,0.02,1276.022289128,0
Returning_Visitor,0,0.003288602,0,1,-7,0.015918632,930.30027843,0
Returning_Visitor,0,0.017045845,0,1,3,0.040755242,496.018795544,0
New_Visitor,0,0.004067115,0,4,2,0.047713235,818.396584838,0
Returning_Visitor,0,,13.072363027,5,3,0.040008536,739.3113342,1
New_Visitor,0.8,0.022185262,0,2,1,0,226.425963651,0
Returning_Visitor,0,0.001031496,0,4,1,-0.226093239,1384.805923173,0
Returning_Visitor,0,0.074221874,0,2,4,0.037312838,1084.779057677,0
New_Visitor,0,0.066896209,0,2,-7,0.1,1979.936409901,0
New_Visitor,0,0.006073126,0,1,2,0.017902603,395.518942526,0
Returning_Visitor,0,0.000387683,0,3,-7,0.010484491,2400.571849309,0
Returning_Visitor,0,0.01290601,13.933546357,7,1,1.10201191,478.461937707,0
Returning_Visitor,0,0.051824158,0,1,3,0.01,372.349522714,0
Returning_Visitor,0,0,0,13,4,0.124425424,803.185952562,0
New_Visitor,,0.304951997,0,2,3,0.000151423,129.246779072,0
New_Visitor,0,0.010792177,0,,4,0.000534945,444.479307682,0
Returning_Visitor,0,0.002605441,0,2,1,0.002106766,490.509996694,0
Returning_Visitor,0,0.025119022,0,5,1,0.000163077,199.097567196,0
Returning_Visitor,0,0.010410867,0,5,1,0.00000005,2932.491168529,0
New_Visitor,0,0.081161738,0,1,2,0.000019258,244.565276991,0
New_Visitor,0,0.035575017,,2,1,0.05,533.851266031,0
Returning_Visitor,0,0.08223934,0,1,1,0.003397861,694.363832906,0
Returning_Visitor,,0.144436621,6.834222848,6,1,0,737.144551519,0
Returning_Visitor,0,0.014770774,0,1,1,0.00606075,525.523603558,0
Returning_Visitor,0.8,0.010043759,0,5,3,0.000147588,0.00000645,0
Returning_Visitor,0.6,0.000489771,0,2,-5,0.00012111,15.234084994,0
Returning_Visitor,0,0.142152399,,2,4,0,,0
New_Visitor,0,0.119096371,0,1,4,0.000170482,967.200810871,0
Returning_Visitor,0,0.009871486,0,19,3,0.000339985,1639.231827651,0
Returning_Visitor,1,0.009285958,13.508077204,1,4,0.000156236,193.109345709,0
Returning_Visitor,0,0.00000001,0,14,-7,0.000000165,3742.410059218,1
Returning_Visitor,0,0.072561841,0,,1,0.000031433,1403.439787028,0
,0,0.002686509,18.058558208,,-7,0.001718579,2633.050370651,1
Returning_Visitor,0,0.022207034,26.190224272,2,2,0.000000005,1588.125558033,1
Returning_Visitor,0,0.079877732,0,7,1,0.000506716,1667.988896785,0
Returning_Visitor,0,0.01896359,0,,-6,0.000197537,244.560359161,0
New_Visitor,0,,0,4,3,0.014704444,919.212213901,0
Returning_Visitor,0,0.091573056,0,2,-7,0.000000038,,0
New_Visitor,0,0.020771894,0,,4,0.000000101,1335.059091173,0
Returning_Visitor,0,0.001958599,0,3,4,0.000000351,2787.113653584,0
New_Visitor,0.2,0.010777578,0,4,3,0.05,634.818388038,0
Returning_Visitor,0,0.001644521,0,4,1,0.01,971.579399588,0
New_Visitor,0,,5.679028191,2,2,0.01342624,1551.968052842,0
Returning_Visitor,0,0.0073958,0,2,3,0.003571451,2727.601220894,0
Returning_Visitor,0,0.219234709,0,1,2,0,2067.015483373,0
Returning_Visitor,0.4,0.045235989,0,1,3,0,1007.747734823,0
Returning_Visitor,0,0,3.019539981,2,2,0.054838328,1384.549737021,0
New_Visitor,0,0.002431944,10.756090171,3,1,0,585.996669169,1
Returning_Visitor,1,0.006731603,0,2,4,0.036827802,436.896424482,0
New_Visitor,0,0.006150055,0,3,4,0,4047.861046914,1
Returning_Visitor,,0.020352275,0,3,3,0.01,0.000006476,0
Returning_Visitor,0,0.1,,1,3,0.000000029,2056.294598359,0
Returning_Visitor,0,0.00043024,0,2,4,0.000000022,2419.534037991,0
Returning_Visitor,,0.134139051,0,3,1,0.000000497,228.253203942,0
Returning_Visitor,0,0.009736178,55.205022872,2,2,0.240146776,619.939658906,0
Returning_Visitor,0,0.001633964,0,4,3,0,2002.262010845,0
New_Visitor,0,0.070517444,11.213031142,3,1,0.007863792,591.248886397,0
Returning_Visitor,0,0.099634103,0,2,1,0.006036495,1402.617272329,0
New_Visitor,0,0.002670102,4.077967489,2,3,0.000220075,2083.377032417,0
New_Visitor,0,0.048605166,0,1,1,0.001358959,966.118248781,0
New_Visitor,0,0.000423725,0,2,3,0,570.507054651,1
New_Visitor,0,0.032713982,0,3,-7,0.000004399,434.818853038,0
Returning_Visitor,0,0.302627102,0,,1,0.02,398.715503923,0
Returning_Visitor,0.2,0.01,0,10,3,0.003211022,2854.610378341,0
New_Visitor,0,0.185956317,0,3,1,0.044355874,604.537942251,0
Returning_Visitor,0,0.05988672,0,4,1,-0.24773277,0.000006491,0
New_Visitor,0,0.010653564,0,1,1,0.000141862,814.644218636,0
Returning_Visitor,0,0,20.114297459,9,4,0.001599361,712.173253687,1
Returning_Visitor,0.2,0.025498189,0,8,-8,0,3963.863338924,1
,0.2,0.015821643,0,3,3,0,1289.200143928,0
New_Visitor,0,0.000589774,0,1,1,0.024982952,2245.820632804,0
New_Visitor,0,0.0100257,0,,1,0.000002801,0.000006497,0
Returning_Visitor,0,0.2,25.198227043,3,-8,0.0035617,0.000006498,0
Returning_Visitor,0.4,0.104855559,0,2,-7,0.221070646,1414.777095701,0
Returning_Visitor,,0.063044851,0,1,1,0.02,944.689138163,0
Returning_Visitor,0,0.000126461,0,3,3,0.002835769,,0
Returning_Visitor,0,0.011531027,0,2,1,0.01,0.000006502,0
Returning_Visitor,0,0.000000099,123.085338931,1,2,0,783.623392469,1
Returning_Visitor,0,0.009978264,0,2,-6,0.001640598,939.779804264,0
New_Visitor,0,,0,1,1,0.001814361,4057.83513817,0
Returning_Visitor,0,0.005584108,98.661326281,1,3,0,1405.61330726,1
Returning_Visitor,,0.028019697,0,1,-6,0.01,275.997137903,0
Returning_Visitor,0,0.047908269,0,6,-6,0.047818568,622.572064489,0
Returning_Visitor,0,0.039465278,0,6,1,0,865.934101653,1
Returning_Visitor,0,0.03964414,0,1,4,0.016932469,2780.802610868,0
New_Visitor,0.2,0.2,0,1,1,0.000517009,876.564897223,0
,1,0.012381309,0,2,2,0,2599.615798733,0
Returning_Visitor,0,0.019814819,2.546909027,2,4,0.003801782,,0
Returning_Visitor,0.2,0.053174446,25.43652977,12,1,0.009812492,1760.090988315,1
Returning_Visitor,0.2,0.006453201,0,3,1,1.486601034,285.032271616,0
Returning_Visitor,0,0.010959855,0,2,4,0.1,3680.07635442,1
Returning_Visitor,0,,0,5,-8,0.000032427,1906.562180872,0
Returning_Visitor,0,0.012823358,0,3,3,0.000000168,1422.839609787,0
Returning_Visitor,0,0.05,15.433541828,2,-6,0,644.556827584,0
Returning_Visitor,0,0.018226648,0,2,3,0.10153401,516.110182003,0
Returning_Visitor,0,0.063876015,0,2,3,1.426070829,649.041453728,0
Returning_Visitor,0,0.001840237,0,6,4,0.01242173,1042.41610521,0
Returning_Visitor,0,0.000071423,0,12,4,0.00140946,1153.454800904,0
New_Visitor,0,0.028717811,8.246507569,3,4,0.000303221,1494.911575117,1
New_Visitor,0.4,0.175255611,0,4,-5,0.000585062,580.077474053,0
Returning_Visitor,0,0.2,9.334880122,3,1,0.05,,0
New_Visitor,0,0.059670146,1.872443901,4,1,0.005423209,1498.257475399,0
Returning_Visitor,0,0.010094508,0,1,1,0,325.565179741,0
Returning_Visitor,0,,0,6,1,0.00712078,0.000006529,0
Returning_Visitor,0,0.036139543,0,2,1,0.06707681,0.00000653,0
Returning_Visitor,0,0.101413747,0,3,-7,0.01,283.336967662,0
New_Visitor,,0.009540519,0,1,1,0.02,1172.557347887,0
Returning_Visitor,0,0.000006182,52.3602463,,1,0,660.432567373,1
Returning_Visitor,0,,24.039785976,1,3,0.02,1263.74867056,1
Returning_Visitor,0,0.110848307,0,,-7,0.021604036,831.01931628,0
New_Visitor,0,0.004636456,8.702672807,2,1,0.000000718,3162.505006118,1
Returning_Visitor,0,0.00197151,0,,1,0.000000046,613.567972926,1
Returning_Visitor,0,0.007213719,8.329891413,,3,0,,0
Returning_Visitor,0,0.04628696,0,2,1,0,,0
Returning_Visitor,0,0.015851024,0,1,4,0.05,,0
Returning_Visitor,0,0.017214651,,1,1,0.000000041,0.000006541,0
New_Visitor,0,0.026421369,0,6,3,0.065632527,2110.354570051,0
New_Visitor,0,0.00009298,9.084885578,4,1,0.000000374,867.754578954,1
Returning_Visitor,0.2,0.1,0,2,3,0.005250144,1795.891810655,0
Returning_Visitor,0,0.247407768,0,,1,0.004540678,358.965206917,0
New_Visitor,0,0.000000104,100.727320977,,4,0.011977358,1400.934785916,1
Returning_Visitor,0,0.000994653,0,3,1,0.005781586,793.049386884,0
New_Visitor,0,0.011795887,0,2,3,0.004595073,1714.385638693,0
Returning_Visitor,0,0.023813128,0,2,1,0.024959842,648.290886342,0
Returning_Visitor,0,0.104913875,0,11,2,0.012510574,1345.256966553,0
Returning_Visitor,0.4,0.036439928,0,2,2,0.000010856,427.8983475,0
Returning_Visitor,0,0.002966827,2.160387749,1,3,0.010969254,,0
New_Visitor,0,0.062713585,0,,-7,0.05,2113.604401363,0
Returning_Visitor,,0.016422828,0,1,3,0,696.690675101,0
Returning_Visitor,,0.01,0,3,4,0.027823627,926.786753015,0
Returning_Visitor,,0.06948201,21.344921548,,1,0,798.434092801,1
Returning_Visitor,1,0.000357346,0,6,4,0.000001099,1142.145821813,0
Returning_Visitor,0,0.05,0,2,1,0,0.000006558,0
Returning_Visitor,0.4,0.063119091,0,15,-7,0.008534742,3617.05823353,0
Returning_Visitor,0,0.012758299,0,5,1,0.000430214,2256.780049942,0
Returning_Visitor,0,0.00000307,0,2,4,0,802.46888923,1
Returning_Visitor,0,0.2,0,9,1,0,1893.131007559,0
Returning_Visitor,0,0.1,0,1,3,0.001558703,402.540628016,0
Returning_Visitor,,0.134285947,,3,1,0.000509439,1391.891988263,0
Returning_Visitor,0,0.041551534,0,1,1,0.000001436,778.303359449,0
Returning_Visitor,0,0.010491503,64.780997284,2,1,0.000981759,1602.495046825,0
Returning_Visitor,0,0.02079367,38.880976614,,-6,0.000000003,959.415631485,1
Returning_Visitor,0,0.039077488,0,8,3,1.312005187,1109.422432698,0
Returning_Visitor,0,0.01,0,5,2,0.003908012,966.00669819,0
New_Visitor,0,0,0,3,-7,0.02,1250.337357469,0
Returning_Visitor,0,0.047642694,0,1,-7,0.033446296,410.35628957,0
Returning_Visitor,0,0.005239981,3.946560759,10,1,0.000001798,1996.396595073,0
Returning_Visitor,0,0.010431818,0,1,-7,0.114341911,968.275772188,0
Returning_Visitor,,0.056433499,56.905011543,2,4,0,,1
New_Visitor,0,0.000425996,17.257657446,2,-6,0,1032.432400239,0
Returning_Visitor,,0.2,5.639635846,1,1,0.01192472,774.522452692,0
Returning_Visitor,0,0.068414149,0,3,3,0.003767919,745.231933381,0
New_Visitor,0,,0,16,1,0.025133283,1431.523536454,0
New_Visitor,0,0.0578339,0,1,4,0.000001042,459.998805373,0
Other,0,,82.110617037,2,-6,0.000000012,2937.610027547,1
Returning_Visitor,0,,,6,-8,0.000000005,2748.803615929,0
New_Visitor,0,0.001089072,0,2,-7,0,1488.101794712,1
Returning_Visitor,0,0.015526912,0,3,1,0,1705.088642747,0
Returning_Visitor,0,0.026323061,0,1,4,0.000666286,0.000006584,0
Returning_Visitor,0,0.039841744,0.834743419,3,1,0.015885868,393.778077096,0
Returning_Visitor,,0.030153729,0,2,1,0.004242335,193.690354448,0
Returning_Visitor,0.4,0.183126485,0,2,4,0,751.958176122,0
Returning_Visitor,0,0.038002064,0,2,1,0.002230804,0.000006588,0
New_Visitor,0,0.01,66.943557771,5,-6,0.000000022,0.000006589,1
Returning_Visitor,0.2,0.055031436,0,3,1,0.000024229,1101.5898381,0
New_Visitor,0,0.0972909,0,2,4,1.479232666,,0
Returning_Visitor,0,0.015614039,,1,1,0.017421623,210.315885698,0
New_Visitor,0.2,0.2,12.174509529,7,1,0,1826.927696346,1
New_Visitor,0.2,0.01982843,0,8,1,0.000034921,1480.822550806,0
Returning_Visitor,,0.241045145,0,2,1,0.000161831,829.834170122,0
Returning_Visitor,0,0.051345082,0,3,2,1.30172638,665.587526173,0
Returning_Visitor,0,0.178676742,0,15,3,0.033180783,806.662659671,0
Returning_Visitor,0,0.031722654,0,10,1,0.000007859,857.500094882,0
Returning_Visitor,0,0.034291283,0,2,3,0.052598444,1374.137854179,0
Returning_Visitor,0,0,0,10,1,0.000367532,274.338414356,0
Returning_Visitor,0,0.034702443,0,2,1,0.000432389,431.945010271,0
New_Visitor,0.6,0.055808576,0,1,-7,0.001107611,1157.81441275,0
,0,0.00001969,37.162275834,4,1,1.121696506,1575.969344535,1
Returning_Visitor,0,0.045855315,,5,2,0.000317604,,0
New_Visitor,0,0.037194076,0,3,3,0,434.260115376,0
New_Visitor,0,0.052585009,0,1,-6,0.00000398,,0
Returning_Visitor,0,0.02,0,2,1,0.000185489,422.697497889,0
Returning_Visitor,0,0.2,7.61168001,2,1,0.014909606,1313.405222871,0
Returning_Visitor,0,0.107959189,0,1,1,0,855.917969129,0
Returning_Visitor,0,0.002493741,0,3,1,0.000304602,1029.309239238,0
Returning_Visitor,0,0.014956084,0,4,1,0.181928412,1111.464043901,0
,0,0.116108937,13.7743876,3,3,0.1,1572.151107645,0
Returning_Visitor,0,0.000397869,0,1,4,0.00823074,2412.010759475,0
Returning_Visitor,0,0.000186743,0,11,3,0.003274527,1012.786943768,0
Returning_Visitor,0,0.102150016,0,12,1,0,784.865492339,0
Returning_Visitor,0,0.000732136,0,9,-8,0.000051485,818.45239251,0
Returning_Visitor,0,0.006239666,7.622743225,5,-5,0.210547879,,0
Returning_Visitor,0,0.2,0,8,-6,0.014797388,0.000006618,0
Returning_Visitor,0,0.1,0,5,-8,0,895.495052731,0
New_Visitor,0,0.001728341,12.047165257,1,1,0.058135456,616.384748592,0
,0,0.094623189,0,2,1,0,955.431027007,0
Returning_Visitor,0,0.004671832,0,8,-6,-0.180845996,721.317379472,0
Returning_Visitor,0,0.000007402,0,10,3,0.000679871,556.518987368,0
Returning_Visitor,0,0.2,18.965515334,1,4,0.004634863,804.756567332,0
Returning_Visitor,1,0.000434581,0,4,-6,0.006248601,1789.047634847,0
Returning_Visitor,0.4,0.000005222,41.703239,9,1,0,1822.381174038,1
Returning_Visitor,0,0.100879782,3.169941849,1,1,0.012244805,1482.025945788,0
Returning_Visitor,0,,0,9,4,0.02,52.163212972,0
Returning_Visitor,0,0.06302338,0,2,1,0,747.208260821,1
Returning_Visitor,0,0.017644006,0,7,3,0.000072462,0.00000663,0
New_Visitor,0,0.021004431,0,3,-8,0,94.233025003,0
,0,0.161804284,0,,1,0.030805586,516.477662054,0
New_Visitor,0.2,0.302410912,0,10,1,0.2,136.000389438,0
Returning_Visitor,0,0.061517541,,1,1,0.000084653,1606.187559434,0
Returning_Visitor,0,,0,2,-6,0,241.981806951,0
Returning_Visitor,,0.077039266,0,6,2,0.004295567,0.000006636,0
Returning_Visitor,0,0.03789046,0,8,1,0.000000001,777.63528196,0
Returning_Visitor,0,0.014745217,0,1,3,0.00000053,1618.58282384,0
Returning_Visitor,0,0.040938605,0,1,1,0.000609836,631.191469492,0
Returning_Visitor,0,0.000025475,0,1,1,0.1,605.562901257,0
Returning_Visitor,0,0,0,10,1,0.000000011,847.943932656,0
Returning_Visitor,0,0.071773952,0,6,1,0.01,1679.624159265,0
Returning_Visitor,0,0.032272666,0,8,-8,0,3063.550400185,1
Returning_Visitor,0,0.005930084,,5,1,0,953.822874764,0
Returning_Visitor,0,,39.377718015,4,1,0.000003398,1055.078878118,1
New_Visitor,0,0.000633391,1.658120582,2,1,0.01254438,983.614189025,0
New_Visitor,0,0.022622262,0,,1,0.05,1437.111953028,1
Returning_Visitor,0,0.000646024,0,2,4,0.02,0.000006648,0
Returning_Visitor,0,0.000692131,48.324653981,1,3,0.000000022,0.000006649,1
Returning_Visitor,0,0.000093484,0,6,-7,0,425.958534216,0
New_Visitor,0,0.049170324,0,5,-6,0.148143179,558.622283753,0
Returning_Visitor,0,,0,5,1,0.016474623,0.000006652,0
Returning_Visitor,0,0.002514487,33.542123747,5,-7,0,2115.120562169,1
Returning_Visitor,0,0.022709202,0,3,-6,0.115716348,1270.785813969,0
Returning_Visitor,0,0.016151873,18.544553961,2,3,0,401.875682403,1
New_Visitor,0,0.000251327,0,3,1,0.02,0.000006656,0
Returning_Visitor,0,0.046629631,0,11,4,0,1751.086105879,0
Returning_Visitor,0,0.099261458,0,4,3,0,441.439996398,0
Other,0,0.001577457,0,,-6,0.079911234,1114.334307958,0
Returning_Visitor,0,0.013882726,0,2,1,0,871.035558945,0
Returning_Visitor,0,0.023894907,0,6,2,0.02,455.505455663,0
Returning_Visitor,0,0.073031264,0,,3,0.000070865,904.251732033,0
Returning_Visitor,0,0.004578043,0,1,1,0,453.545089751,1
New_Visitor,0,0,0,,-7,0.017611248,1261.985678723,0
Returning_Visitor,0,0.000032485,21.031227116,1,4,0,2685.16593744,1
New_Visitor,0,0.00564032,0,3,3,0.055057963,2551.35371824,0
Returning_Visitor,0,0.187873344,0,5,3,0.000024832,405.799017663,0
Returning_Visitor,0,0.000023951,2.635481009,,1,0,1504.200331137,0
,0,0.00064934,0,11,-9,0.021299565,1319.247756944,0
Returning_Visitor,0,0.010833678,3.044447141,1,1,0.000327096,253.029981852,0
New_Visitor,0,0.000809544,0,8,4,0.004498326,2112.547283732,0
New_Visitor,0.2,0.079918915,0,10,1,0,448.436196748,0
Returning_Visitor,0,0.14568894,0,4,1,0.006966337,,0
New_Visitor,0,0.020102245,180.171421674,4,1,0,320.441615456,1
Returning_Visitor,0,0.000002815,25.607947428,3,-6,0,1856.675958654,1
Returning_Visitor,0,0.153600539,0,2,1,0.000372239,579.054564389,0
New_Visitor,0,0.2,0,3,1,0.150846516,407.295042815,0
Returning_Visitor,0,0.00167514,0,2,4,0.01,833.595396788,0
,0,0.060385415,0,8,-6,0,2043.68376543,0
Returning_Visitor,0,0.021693483,0,2,-7,-0.248866458,315.606506421,0
Returning_Visitor,0,0.015006979,0,3,1,0.038821808,1928.496470451,0
Returning_Visitor,0,0.003782426,0,3,1,0.000000008,178.822369388,0
Returning_Visitor,0,0.001281956,6.204236646,2,1,0.04235861,2061.004459892,0
Returning_Visitor,1,0.006860064,0,7,-6,0.1,98.033996976,0
Returning_Visitor,0,0.000557201,39.49767184,,3,0.000007029,940.824705253,0
New_Visitor,0,0.063978244,0,,1,0.0230359,1179.348357751,0
Returning_Visitor,0,0.092086242,0,1,1,0,286.141105801,0
,0,0.008422377,0,4,-7,0.006488709,0.000006688,0
New_Visitor,0,0.135454502,0,4,-7,0.000243135,2970.145930806,0
Returning_Visitor,0,0.017462377,0,2,1,0.000204145,672.144495108,0
Returning_Visitor,,0,0,4,1,0.2,2989.542349625,1
,0,0.016285723,0,12,-8,0.081428789,372.398935837,0
Returning_Visitor,0,0.118561023,0,2,3,0.00187152,974.002458253,0
New_Visitor,0,0.170997588,,5,3,0.185056219,1453.220357767,0
Returning_Visitor,0,0.01,0,2,2,0.000001331,0.000006695,0
New_Visitor,1,0.194143565,0,2,3,0,513.963503443,0
Returning_Visitor,0.2,0.1,0,2,3,0,2066.783752764,0
,0,0.018599224,5.813600627,,1,0,2072.071429251,0
Returning_Visitor,0,0.008435682,0,2,-6,0.02,1661.932928706,0
Returning_Visitor,0,0.181704772,4.061290474,2,2,0.000237449,712.503531787,0
New_Visitor,0,0.02523893,4.907154485,2,1,0.000000227,796.879170433,1
Returning_Visitor,0,0.03166876,0,5,4,0.000016644,450.036206305,0
Returning_Visitor,0,0.05,0,2,-6,0.004441432,0.000006703,0
Returning_Visitor,1,0.046165709,0,2,2,0,262.622037988,0
Returning_Visitor,0,0.078655173,0,1,1,0.030044161,586.694759122,0
Returning_Visitor,0,0.033628615,0,2,1,1.16022408,470.236439893,0
Returning_Visitor,0,0.000044888,0,7,-7,0.000016923,513.062575053,0
Returning_Visitor,0.6,0.002648799,,3,4,0.000392165,1510.329725206,0
Returning_Visitor,0.4,0.082143694,0,4,1,0.023914633,432.540526329,0
Returning_Visitor,0,0.082454125,0,2,1,0.018486866,856.876984332,0
Returning_Visitor,0.4,0.052491065,0,6,3,0.000173175,197.009549634,0
Returning_Visitor,0,0.015955123,9.936071634,9,-5,0.070393855,173.414207957,0
Returning_Visitor,0,0.028175604,0,3,-5,0.002955875,2833.070581287,0
Returning_Visitor,0,0.020248823,35.824356318,2,3,0.000002691,2837.4742215,1
Returning_Visitor,0,0.02,6.770682017,8,4,0.000000662,0.000006715,0
Returning_Visitor,0,0.012976741,0,2,-8,0.039664463,613.904554485,0
Returning_Visitor,0,0.005496935,0,14,3,0,,0
New_Visitor,0,0.001555796,0,4,-6,0.000619889,,0
Returning_Visitor,0.2,0.051422159,0,1,1,0.02,759.164474505,0
Returning_Visitor,0,0.006384753,3.082022908,3,3,1.020811281,1367.805711273,0
New_Visitor,0,0.000136843,0,6,-6,0.023285476,2549.771673584,0
Returning_Visitor,0,0.000045203,0,2,-6,0.077147669,2167.591955151,0
Returning_Visitor,0,0.137104305,3.124627231,16,1,0.007373431,1526.154419693,0
New_Visitor,0.4,0.001701459,0,4,1,0.014984539,344.747596531,0
Returning_Visitor,0,0.010297709,0,5,1,0.000000256,0.000006725,0
Returning_Visitor,0,0.009034701,,2,3,0,799.834358009,0
Returning_Visitor,0,0.188330856,10.881412774,6,1,0.013827414,2714.955138696,0
Returning_Visitor,0.4,0.002582973,0,5,1,0.000199166,341.133174668,0
Returning_Visitor,0,0.022456248,0,2,1,0.000046365,1794.058151482,0
Returning_Visitor,0.8,0.004770307,0,3,-6,0,892.928447242,0
Returning_Visitor,0,0.001597024,0,2,2,0.014392595,792.364987461,0
Returning_Visitor,0,0.002708383,0,2,3,0.019787187,2263.893964837,0
New_Visitor,0,0.085401744,0,2,1,0.000000034,931.320875593,0
Returning_Visitor,0,,0,1,2,0.000004599,533.946793055,0
New_Visitor,0,0.142935856,,6,2,0,1655.390999093,0
Returning_Visitor,0,0.09063165,0,1,-7,0.013018725,2064.458942955,0
New_Visitor,0,,0,2,1,0.000000373,907.062227394,0
Returning_Visitor,0,0.041983034,5.887989524,,4,0.028003466,865.958622112,0
Returning_Visitor,0,0.027110216,0,3,3,0.059388173,2137.214958445,0
Returning_Visitor,0.2,0.1,,2,1,0.067256029,831.164369288,0
Returning_Visitor,0,0.065855457,0,6,1,0.01121169,896.64720248,0
Returning_Visitor,0,0.000000449,28.247178754,3,-6,0.000716978,892.111507496,1
New_Visitor,0,0.038075419,0,6,1,0.128197376,1198.399418837,0
Returning_Visitor,0,0.009422109,0,1,2,0.1,1700.912856411,0
Returning_Visitor,0,0.134653196,0,2,1,0.000589575,3007.278675769,0
New_Visitor,0,0.004969332,14.05080039,4,2,0.02,1856.981035048,1
New_Visitor,0,0.001054449,0,,1,0,3551.727526898,1
Returning_Visitor,0,0.000077878,0,2,1,0,1774.167064246,1
Returning_Visitor,0,0.000058545,0,4,1,0.005169268,952.834787674,1
New_Visitor,0,0.092804346,0,1,1,0,677.882645459,0
Returning_Visitor,1,,0,9,3,0.017979256,1876.384952609,0
New_Visitor,0,0.094851488,0,2,-7,0,888.165403104,0
,0,0.088056623,,5,-7,0.05,1721.846844467,0
Returning_Visitor,0,0.081149797,0,2,3,0.000275298,,0
Returning_Visitor,0,0.015867683,0,2,2,0,514.241297762,1
Returning_Visitor,0.2,,0,,2,0.011758507,1026.942091411,0
Returning_Visitor,0,0.061548539,0,1,-7,0.05,343.950663031,0
Returning_Visitor,0,0.000246975,0,5,1,0.003898907,687.80738463,0
,0,,0,12,1,0,823.280026407,0
,0,0.01,126.440110464,3,2,0.02,341.186251287,1
New_Visitor,0,0.133603014,0,4,4,0.05,1090.216340331,0
Returning_Visitor,0,0.134213685,0,2,1,0.049498735,1107.631589424,0
New_Visitor,0,0.049652826,0,,1,0.085577734,2478.596712671,0
Returning_Visitor,0,0.002895775,0,1,2,1.383101767,523.859563354,0
,0,0.000227567,0,1,1,0.014632779,,0
Returning_Visitor,0,,,5,3,0.073418006,139.876500477,0
Returning_Visitor,0,0.139516358,0,17,1,0.001136293,1931.203202535,0
New_Visitor,0,0.018262699,0,1,3,0.007576706,1433.257792422,0
New_Visitor,0,,0,6,3,0.05,169.036973695,0
,0,0.230889853,0,4,1,0.003463896,461.011479928,0
Returning_Visitor,0,0.046166946,15.368026226,,1,0.000000094,180.809181454,0
Returning_Visitor,0,0.080173218,0,3,3,0.007696138,137.014036235,0
Returning_Visitor,0,0.012792664,16.527804431,11,-6,0.01,682.806632354,0
New_Visitor,0,0,0,3,1,0.04124853,293.482291467,0
Returning_Visitor,0,0.164283009,0,1,4,0.00080688,2484.841102779,0
Returning_Visitor,0,0.054187468,0,2,3,0.002918348,3794.507513164,0
Returning_Visitor,0,0.009876901,0,3,4,0.028101036,2065.039948183,0
Returning_Visitor,0,0.00068285,0,3,2,0,2370.008886166,0
New_Visitor,0,0.006954284,0,2,3,0.085978871,277.271811023,0
,0.4,0.057317023,0,5,-8,0.000389901,783.199253705,0
Returning_Visitor,0,0.00347596,,3,1,0,3747.628375946,0
Returning_Visitor,0,0.092921725,0,3,1,0.01,2708.922017289,1
Returning_Visitor,0,0.014941425,0,1,-7,0.005765101,446.31169193,0
Returning_Visitor,0,0.084693719,0,3,4,0.121446976,2563.476520009,0
Returning_Visitor,0,0.001388147,9.263456408,3,1,0.048538763,958.46193228,0
Returning_Visitor,0,0.026379679,,3,2,0.011451269,1349.102149141,0
New_Visitor,0,,0,1,1,0.000566107,468.632326775,0
New_Visitor,0,0.008338434,0,2,3,0.01,810.377266082,0
New_Visitor,0,0.106508595,0,3,3,0.000004753,395.57750993,0
Returning_Visitor,0,0.09315573,0,2,1,0,179.649371422,0
Returning_Visitor,0.8,0.13282918,0,4,1,0.094387837,70.602045186,0
Returning_Visitor,0,0.001534428,0,,2,0.02,267.040659503,0
Returning_Visitor,0,0.02956223,0,3,3,0.002752045,433.064824152,0
Returning_Visitor,0,0.015752421,0,4,1,0,1783.553898535,0
New_Visitor,0,0.040149561,0,4,-5,0.01107366,1973.511436865,0
Returning_Visitor,0,0.02,7.828994786,2,3,0.089201743,1437.399298226,0
Returning_Visitor,0,0.031676562,0,,4,0.000000358,1762.837046209,0
Returning_Visitor,0,,0,1,2,0,229.47501273,0
Returning_Visitor,0,0.101433758,2.663848839,9,3,0,0.000006799,0
Returning_Visitor,0,0.022748472,0,,-7,0,471.974515555,1
,0.8,0.048047337,0,,3,0.000000155,379.570043232,0
Returning_Visitor,0.8,,0,1,1,0.000017688,2405.362510176,0
Returning_Visitor,0,0.000937634,0,3,-8,0.000189147,723.878857065,0
New_Visitor,0,0.000239969,,2,1,0,743.404466519,1
Returning_Visitor,,0.086158751,4.545013636,7,3,0.02,0.000006805,0
Returning_Visitor,0,0.016295864,0,2,3,0.005011493,436.055375468,0
New_Visitor,0,0.00166916,8.261026368,2,3,0,1542.2547286,1
Returning_Visitor,0,0.10602965,0,3,1,0.001981765,1536.393039735,0
Returning_Visitor,0,0.011290049,0,,1,0.008627213,,0
Returning_Visitor,0,,0,1,-7,0.018937282,1781.796137688,0
Returning_Visitor,0,0.111852582,0,2,1,0.013044114,,0
New_Visitor,0,0.000457717,0,2,1,0.019657555,715.994531234,0
Returning_Visitor,0,0.032814142,33.397460852,16,-6,0,3332.565751772,1
Returning_Visitor,0,0.000541682,5.176338506,2,3,1.05171693,4080.903380941,1
Returning_Visitor,0,,0,2,-8,0.000048686,276.447238957,0
Returning_Visitor,0,0,0,2,3,0.1,379.20752156,0
Returning_Visitor,0,0.062924981,36.875600016,1,-6,0.01906429,1281.710816246,0
New_Visitor,0,0.000084095,0,,-7,0.01,313.668021395,0
Returning_Visitor,0,0.000419384,0,1,4,0.008311676,575.323432805,0
Returning_Visitor,0,0.05,0,3,-8,0.000794372,389.89647909,0
Returning_Visitor,0,0.02990299,3.665232957,1,1,0,358.336376022,0
Returning_Visitor,0,0.020000519,0,5,4,0.006116499,1779.607022572,0
Other,0,,0,2,2,1.417112059,531.922148885,0
Returning_Visitor,0,0.038458587,0,2,1,0.012832425,154.820841387,0
Returning_Visitor,0.4,0.1,0,1,4,0.012034521,1576.727884443,0
Returning_Visitor,0,0.02,13.035939884,11,1,0.000000001,1392.714418116,1
Other,0.2,0.092509472,1.180252276,19,4,0.000133279,,0
New_Visitor,0,,,2,1,0,4095.502230165,0
Returning_Visitor,0,0.007227909,0,2,2,0.112103504,1869.57918667,0
Returning_Visitor,0,0.212591376,0,2,-6,0.017623844,676.015299894,0
Returning_Visitor,,0.172985309,0,5,-8,0.00073202,0.000006831,0
Returning_Visitor,0,0.122145365,0,1,-9,0.009884188,1035.115442635,0
New_Visitor,0,0.140919151,,3,1,0,124.428408149,0
New_Visitor,0.2,0.123542162,0,4,-8,0.02279732,1518.35076849,0
Returning_Visitor,0,0.109709911,14.271974817,3,3,0.00498672,,0
New_Visitor,0,0.005371554,,11,-6,0.024215568,496.665621603,0
Returning_Visitor,1,0.025233224,0,1,3,0.007022655,466.786937065,0
Returning_Visitor,0,0.005929071,0,,1,0.00875149,1627.238251531,0
Returning_Visitor,0,0.002243434,7.410379871,1,-8,0.000000013,440.016125877,1
Returning_Visitor,0.2,0.12708996,0,3,1,0.002938052,203.242829769,0
Returning_Visitor,0,0.043820985,27.644472808,2,-8,0.000419792,1941.832310194,0
Returning_Visitor,0,0.011627491,17.247205135,1,4,0,1573.221597258,1
Returning_Visitor,0,0.05,0,4,-6,0.025492706,0.000006843,0
Returning_Visitor,0,0.000274482,0,2,1,0.02,0.000006844,0
Returning_Visitor,0,0.155829762,0,2,2,0.000049643,2147.412054867,0
Returning_Visitor,0,0.012526222,0,,-8,0.000156095,22.525089405,0
Returning_Visitor,0,0.006954096,0,1,3,0.000879483,892.500908411,0
New_Visitor,0,0.002251983,0,1,1,0.000294558,1444.452314094,0
New_Visitor,0,0.000086573,0,2,-7,0.001387504,767.110161112,0
Returning_Visitor,0,0.059771863,28.637315663,7,2,0.02,1050.104893622,0
Returning_Visitor,0,0,0,5,1,0.05,,0
Returning_Visitor,0.2,0.005457098,0,5,4,0.005952215,1502.063598671,0
Returning_Visitor,0,0.004284246,12.377983647,8,3,0.014578487,176.747216067,0
New_Visitor,0,0.000391803,0,3,1,0.0000024,,0
Returning_Visitor,0,0.00457605,,3,2,0.01,156.331703272,0
Returning_Visitor,0,0.058361379,0,2,1,0.030860702,178.209819111,0
,0,0.102208304,0,4,3,0.162190109,953.837660039,0
Returning_Visitor,0,0.135939152,0,1,4,0.000054573,0.000006858,0
New_Visitor,0,0.011171006,83.773088936,11,1,0.000005875,808.529642207,1
Returning_Visitor,0,0.052077675,0,2,1,0.000036649,432.895956111,0
Returning_Visitor,,0.085523014,102.644988369,7,-5,0,,1
Returning_Visitor,0,0.000395024,0,4,2,0,368.56854562,0
Returning_Visitor,0.8,0.000018339,,5,3,0,,1
New_Visitor,0,0.001210448,0,1,1,0,,0
New_Visitor,,0.297721878,0,,3,0.105242738,116.037227603,0
Returning_Visitor,0,0.05,0,7,1,0.02,1533.558819888,0
New_Visitor,0,0.009933112,0,2,1,0.006444637,0.000006867,0
New_Visitor,0,0.03089454,0,3,1,0.000036698,473.480223985,0
New_Visitor,0,0.021418044,0,2,-8,1.282715611,678.938066744,0
Returning_Visitor,0,0.021986047,0,2,-8,0.001334943,1468.162320909,0
Returning_Visitor,0,0.039899637,4.740433926,5,1,0.000567284,906.388567911,0
Returning_Visitor,0,0.000000085,26.513078645,2,-9,0,2799.207181543,1
New_Visitor,0,0.000000766,17.216231966,1,3,0,919.523313621,1
Returning_Visitor,0,0.023647306,0,4,3,0.02112784,390.133528003,0
Returning_Visitor,0,0.05171466,,2,1,0.000299785,187.833455423,0
Returning_Visitor,0.2,0.001977916,0,3,1,0.000000031,1892.26420205,1
New_Visitor,0,0.00343004,0,4,-7,0.05,2392.844732135,0
New_Visitor,0,0.010950703,0,6,1,0.000047878,3604.897010435,0
Returning_Visitor,0,0.016493655,0,5,3,0.176957419,394.876743969,0
Returning_Visitor,0,0.113647432,0,3,3,0.000001173,1383.334772577,0
Returning_Visitor,,0.05,0,6,4,0,1460.364328775,0
Returning_Visitor,0,0.2,0,8,4,0,1637.757264061,0
Returning_Visitor,0,0.021818513,0,3,1,0.000976583,,0
Returning_Visitor,0.6,0.001813235,0,1,1,0.00002535,,0
Returning_Visitor,0,0.001160272,41.790376606,3,3,0,0.000006885,1
Returning_Visitor,0,0.022111901,0,3,1,0,,0
Returning_Visitor,0,0.000557844,0,2,1,0.025500479,1123.040674947,0
Returning_Visitor,0,0.110222995,0,,1,0.000106194,698.368436149,0
Returning_Visitor,0,0.029342963,0,2,2,0.000034095,0.000006889,0
Returning_Visitor,0,0.111390813,0,,1,0.000008952,554.957773652,0
Returning_Visitor,0,,0,2,2,0.01,1543.082494313,0
Returning_Visitor,0,0.1,0,1,-5,0.00005965,385.924946509,0
Returning_Visitor,0,0.061827438,,1,4,0.130067268,787.008592626,0
Returning_Visitor,0,0.002365555,0,5,1,0.020576814,1427.61475127,0
Returning_Visitor,0,0.083836527,0,3,1,1.071530809,2665.777502704,0
Returning_Visitor,0,,0,1,4,0,1291.972276198,1
Returning_Visitor,0,0.014160836,187.053972479,8,4,0.000006937,1925.084237813,1
,0.4,0.085937554,0,2,1,0,515.751427885,0
Returning_Visitor,0,0.017929838,0,6,2,0.020325322,2018.219081535,0
Other,0.2,,0,1,1,0.01,687.986139136,0
New_Visitor,0,0.056801182,0,2,2,0.00547081,2028.46624857,0
Returning_Visitor,,0.066172087,18.158867082,1,1,0.01,1384.324949617,1
Returning_Visitor,0,0.024841306,0,3,1,0.1,939.77976864,0
New_Visitor,0,0.052120004,,2,1,0.004516431,828.940575204,0
Returning_Visitor,0,0.011251727,,2,2,0.010652451,225.84341149,0
New_Visitor,0,0.021608949,0,4,4,0.000002898,433.785699832,0
New_Visitor,0,0.015470873,58.909793862,20,1,0.031664135,744.799017025,0
Returning_Visitor,0,0.056591533,0,4,1,0.02,1867.311050206,0
New_Visitor,0,0.021239629,,4,1,0.004011815,1697.235396426,0
Returning_Visitor,0,0.001317968,0,2,-7,0.023773202,236.02084853,0
Returning_Visitor,0,0.001991588,0,3,1,0,1105.334610003,0
New_Visitor,0,0.060635124,0,2,1,0.003140376,860.216290457,0
Returning_Visitor,0,0.154971963,23.725926367,2,3,0.000219678,1806.232865178,0
New_Visitor,0,0.094495543,0,2,-6,0.000152159,1843.035664242,0
Returning_Visitor,0,0.002943524,0,1,3,0,0.000006915,1
Returning_Visitor,0,0.105426158,0,3,3,0.18898516,1305.447252324,0
Returning_Visitor,,0.069961698,0,2,-7,0.000002343,207.110973514,0
Returning_Visitor,0,0.02,2.414098738,2,1,0,2986.63383156,0
Returning_Visitor,0,0.043249925,11.257869136,2,-8,0.00000062,1432.453850392,0
,0,0.091352867,0,2,1,0.00070778,453.234484254,0
,0,0.033697986,0,4,-5,0,808.755271415,0
Returning_Visitor,0,0.179983658,,1,3,0.046648033,0.000006922,0
Returning_Visitor,,0.041414677,0,11,1,0,1613.850526515,0
Returning_Visitor,0.2,0.175608725,0,1,1,0.000494384,1224.723984668,0
Returning_Visitor,0,0.076460796,0,4,-6,0.003295856,2979.722148079,0
Returning_Visitor,0,0.018034063,0,2,-6,0,321.657464818,0
Returning_Visitor,0,0.000536353,0,2,1,0.000000055,711.025320478,1
Returning_Visitor,0.4,0.049008072,0,8,1,0.009908395,2060.729277465,0
Returning_Visitor,,0.134429066,0,3,-7,0.001074562,716.319777148,0
Returning_Visitor,,0.005297076,0,2,1,0.023011601,393.574654086,0
Returning_Visitor,0,,0,3,1,0.001351266,2483.475048317,0
Returning_Visitor,0,0.03239077,1.051887754,2,-6,0.013310764,867.103461223,0
Returning_Visitor,0.2,0.078588632,0,5,1,0.00466776,3084.768047035,0
Returning_Visitor,0.2,0.000805071,0,1,1,0.001302968,1331.570990405,0
Returning_Visitor,,0.067977258,0,4,1,0.000000001,2284.562644235,1
Returning_Visitor,0,0.133747306,0,3,2,0.000007886,865.837405004,0
Returning_Visitor,0,0.027194079,0,5,-6,0,817.193161423,1
Returning_Visitor,0.6,,0,2,3,0.000562282,1382.310219133,0
Returning_Visitor,0,0.011721539,0,2,3,0.006935174,815.405606996,0
New_Visitor,0,0.05,0,3,4,0.00168862,856.707201938,0
New_Visitor,,0.000905846,4.512688199,2,1,1.127388945,1312.127931544,1
New_Visitor,0,,0,1,1,0.000002092,0.000006942,0
Returning_Visitor,0.2,0.028706186,,2,1,0.05,3006.521755296,0
Returning_Visitor,,0.010177239,,2,2,0.167298129,275.695972955,0
New_Visitor,0,0.042067022,,8,2,0,954.132350307,1
New_Visitor,0,0.010075186,0,2,1,0.011202056,1420.372084576,0
Returning_Visitor,0,0.009120441,0,2,1,0,3002.411328234,1
Returning_Visitor,0,0,0,2,-7,0,1564.73479761,1
New_Visitor,0,0.003085663,0,2,4,0.001279173,564.531365752,0
Returning_Visitor,0,0.209304433,0,2,-5,0.000083628,2185.61936526,0
Returning_Visitor,0,0.22793731,0,2,1,0,282.290398477,0
New_Visitor,0,0.007475589,34.903511622,2,1,0.1,1467.039900403,1
Returning_Visitor,0.2,0.002169763,0,3,-6,0.2,533.379760599,0
New_Visitor,0.8,0.1,0,3,1,0.002318154,351.697658493,0
Returning_Visitor,0,0.008708472,8.366987882,3,4,0.001176192,618.057457114,0
Returning_Visitor,0,0.014489848,0,3,-8,0.000158095,1609.325295081,0
Returning_Visitor,0,0.009268005,0,2,2,0.000035728,,0
New_Visitor,0,,10.612897062,5,3,0.028399422,1531.149033021,0
Returning_Visitor,0,0.046969056,0,18,1,0.004375134,0.000006959,0
Returning_Visitor,0,0.014032557,0,9,3,0,184.760587313,0
Returning_Visitor,0,,0,2,1,0.02,0.000006961,0
Returning_Visitor,0,0.007004225,0,2,1,0.012597655,113.523493577,0
New_Visitor,0,0.058536181,0,1,1,0.000025286,2267.971535344,0
New_Visitor,0,0.023747889,0,1,3,0.000010855,1506.605528386,0
Returning_Visitor,0.4,,0,2,1,0.032413531,739.040376104,0
Returning_Visitor,0,0.03490698,0,2,1,0.00000465,1438.920401331,0
,0,0.023186621,0,2,4,0,2430.350833224,0
Returning_Visitor,0,0.01,0,3,-8,0.050305585,1534.942775748,0
Returning_Visitor,0,0.206013229,0,2,3,0.012681421,1118.462990803,0
Returning_Visitor,0,0.148777338,0,2,3,0.01,1025.869385344,0
Returning_Visitor,0,0,0,1,-6,0.016456129,1248.785439146,0
New_Visitor,0,0.063510814,0,4,1,0.002280911,537.395345698,0
Returning_Visitor,,0.000898116,0,2,3,0.121031287,379.770944919,0
Returning_Visitor,0,0.040443084,0,8,3,0,792.860249884,0
Returning_Visitor,0,0.072312816,4.017742383,4,1,1.270658212,188.016816761,0
Returning_Visitor,0,0.055980794,0,1,1,0,617.187709918,0
Returning_Visitor,0,0.053923486,0,2,-6,0.002530055,29.123713332,0
Returning_Visitor,0,0.017465622,0,4,2,0.002867974,414.991392597,0
Returning_Visitor,0.8,0.002675787,6.980824252,5,3,0,361.400516546,0
New_Visitor,0,0.004229231,0,9,-6,0.1,1047.259369035,0
Returning_Visitor,0,0.000023807,5.628804493,4,3,0.036385758,1545.378730914,0
,0,0.00104224,0,2,1,0.076168338,385.84019123,0
New_Visitor,0,0.000680498,52.286025915,4,1,0,4124.669627226,1
Returning_Visitor,0,0.000121253,0,8,3,0.000000007,870.666221203,1
Returning_Visitor,0,0.01506978,0,10,1,0,2272.782635876,0
Returning_Visitor,0,0.183030418,0,3,3,0.00257068,227.7926053,0
Returning_Visitor,,0.01381024,0,1,1,0.05,,0
New_Visitor,0,0.02970371,0,1,1,0.082728798,1164.540214328,0
Other,0,0.000117102,0,2,1,1.032354501,1246.488382952,0
New_Visitor,,0.035409504,0,1,4,0.094856174,341.029222585,0
Returning_Visitor,0,0.064516112,2.973169191,2,1,0.05,1127.712148661,1
Returning_Visitor,0,0.071878875,0,1,-7,0.000641546,840.948993812,0
Returning_Visitor,0,0.000548672,0,3,-7,0.051098816,0.000006993,0
Returning_Visitor,0,0.014910293,0,4,3,0.034357257,1480.065004697,0
New_Visitor,0,0.010951134,87.509879908,2,2,0.000367655,1066.877264305,0
New_Visitor,0,0.098919263,1.49485621,5,3,0.001625108,549.012671307,0
New_Visitor,0,0.049002217,0,10,1,0.013053768,469.671025673,0
Returning_Visitor,,0.01438705,0,9,1,0.000000002,1318.147972923,0
Returning_Visitor,0,0.05,0,,1,0.007201331,1002.198392618,0
Returning_Visitor,0,0.01,0,5,1,1.433881241,597.355455737,0
Returning_Visitor,0.4,0.04489003,0,4,1,0.000000206,166.877580534,0
Returning_Visitor,0,0.068501092,0,3,1,0.016523901,1519.364654895,0
Returning_Visitor,0,0.008170273,0,2,3,0.000004128,1015.586417035,0
Returning_Visitor,0.4,0.023363892,0,2,1,0.041213479,680.607226744,0
New_Visitor,0.2,0.083207011,0,5,1,0.000062672,524.36353884,0
Returning_Visitor,0,,0,2,1,0.01,0.000007006,0
Returning_Visitor,0,0.2,4.341248976,3,3,1.497034143,414.544218739,0
Returning_Visitor,0,0,18.401654522,3,4,0.000089189,1027.865681407,0
Returning_Visitor,0.6,0.078190703,0,13,1,0.009598711,1098.355871399,0
Returning_Visitor,0,0.00658274,0,4,3,0.000021715,1839.233214475,0
,0,0.004750734,1.830083927,3,1,0.000006443,781.876600438,0
New_Visitor,0,0.000139283,2.364473959,3,1,0.007435159,1201.061647587,0
Returning_Visitor,0.2,0.001386893,0,1,3,0.098056905,662.138424946,0
Returning_Visitor,0,0.003385907,0,4,4,0,2135.423922879,1
Returning_Visitor,0,0.00237299,0,2,4,0.03736463,708.915318072,0
Returning_Visitor,0,0.001115985,0,1,1,0.000269779,1965.047401245,0
Returning_Visitor,0,0,7.931982502,2,1,0,3594.175835068,1
New_Visitor,0,,110.660547106,5,3,0,2672.105232439,1
Returning_Visitor,0,0.1,0,20,-6,0.000649962,988.566825314,0
New_Visitor,0,0.002938953,0,8,2,0,2316.361094359,1
Returning_Visitor,0,0.118188109,0,2,3,0.154471919,1333.197518046,0
Returning_Visitor,0,0.000868408,0,13,1,0.05,0.000007022,0
Returning_Visitor,0,0.003911159,0,3,2,0.000478295,72.876066287,0
Returning_Visitor,,0.2,0,1,2,-0.162132119,1840.119397107,0
Returning_Visitor,0,0.037158168,0,6,4,0.033667711,689.187992168,0
Returning_Visitor,0.8,0.05,0,2,3,0.000062269,2247.087106601,0
New_Visitor,0.4,0.02,69.619692333,2,1,0,1101.687397621,0
Returning_Visitor,0,0.2,0,5,3,0.007595956,1596.75244077,0
New_Visitor,0,0.101722664,0,14,4,0.019395111,17.46600335,0
Returning_Visitor,0,0.001771958,0,12,3,0.000208213,1471.557065366,1
Returning_Visitor,0.4,0.017443528,0,1,3,0.003144894,185.609659557,0
Returning_Visitor,0,0.005006197,0,6,3,0.000618192,287.145817019,0
Returning_Visitor,0,0.091735364,8.256061935,1,-6,0.000420484,751.274032271,0
Returning_Visitor,0,0.000457589,7.784396067,4,-6,0.000001621,1726.625465123,1
Returning_Visitor,0.2,0.2,0,2,1,0.014111467,0.000007035,0
Returning_Visitor,0,0.000712164,28.387142966,,-7,0,3058.069816633,1
New_Visitor,0,0.032070561,0,2,1,1.070527985,153.01823917,0
Returning_Visitor,0,0.070403676,0,1,1,0.131409657,772.04505506,0
New_Visitor,0,0.03196801,0,2,-7,0,460.487606246,0
Returning_Visitor,0.2,0,0,2,3,0.086950421,3831.517841941,0
Returning_Visitor,0,0.060063922,0,4,2,0.115288531,1420.300561878,0
New_Visitor,0,0.011737974,1.664830373,3,-5,0.025042856,1676.915070936,0
Returning_Visitor,0,0.000303201,0,3,-7,0.028923733,954.384292202,0
Returning_Visitor,0,0.039337099,0,2,-6,0.023080748,1110.832105609,0
New_Visitor,0,0.000317951,0,1,1,0.000000395,989.831868321,0
New_Visitor,0,0.000000004,3.108355385,5,3,0.000206286,1611.512390485,0
Returning_Visitor,0,0.014019901,0,2,1,0.00000291,368.663692521,0
,0,0.052371088,0,7,1,0.048568111,389.637554243,0
New_Visitor,0,0.093933469,0,6,1,0.001042203,649.237978832,0
New_Visitor,0,0.01046825,0,1,-6,0.000002091,2653.259583214,0
New_Visitor,0,0.023136058,0,4,3,0.000027248,1673.307543533,0
Returning_Visitor,1,0.004788567,0,1,1,0.000008853,1352.259992897,0
Other,0,0.000346204,0,6,-9,0.000327778,273.440808901,0
Returning_Visitor,0,0.128284128,0,3,1,0.02,1102.205499684,0
New_Visitor,0,0.003086671,0,1,4,0.000290751,0.000007055,0
Returning_Visitor,,0.000536314,0,1,1,0.0550689,0.000007056,0
Returning_Visitor,0,,,4,3,0,63.609459308,0
New_Visitor,0,0.001200221,0,9,3,0,2487.69239934,1
Returning_Visitor,0,0.037918163,0,2,-8,0.012791051,224.966013342,0
New_Visitor,0,0.021298465,4.479882699,13,4,0.0006563,866.730864171,0
Returning_Visitor,0.2,0.000265963,0,4,1,0,4172.669719799,1
Returning_Visitor,0.4,0.159675232,0,2,-8,0,27.698592171,0
Returning_Visitor,0.2,0.025018285,0,1,1,0.311945309,1488.903619836,0
Returning_Visitor,0,0.021222728,7.957197376,1,-7,0.001959314,1418.409486631,0
Returning_Visitor,0,0.002699568,0,3,-6,0.181689342,2831.175076091,0
Returning_Visitor,0,0.000268278,0,2,-7,0.018281542,2577.326826913,0
Returning_Visitor,0,0.000889715,4.498544331,2,3,0.000000004,1331.12260158,1
New_Visitor,0.2,0.029194769,10.998992588,3,2,0.1,711.211124851,0
,0,0.003798674,0,1,-8,0.004362698,538.561168703,0
Returning_Visitor,0,0.0018525,2.116316034,4,1,0.000000007,5922.891747781,1
Returning_Visitor,0,0.017120247,0,1,-7,0.006081986,626.155377924,0
Returning_Visitor,0,0.000108091,7.120492509,2,1,0.003866578,,1
Returning_Visitor,0,0.023152506,57.283085942,14,4,0,3030.776818239,1
New_Visitor,0,0.000000377,0,3,-9,0,2414.159758945,1
Returning_Visitor,0.4,0.000240045,0,1,1,0.138731345,2750.258540883,0
New_Visitor,0,0.05,0,7,1,0.1,1662.740927301,0
Other,0,,0,1,1,0.004056921,2519.571778225,0
Returning_Visitor,0,0.018818145,56.060934631,1,1,0,871.923251003,1
,0,0.001939234,0,2,1,0.001016106,57.20860236,0
Returning_Visitor,0.2,0.000013926,0,5,3,0.000000002,648.01077171,0
Returning_Visitor,0,0.065928518,0,1,1,0,1078.084175083,0
Returning_Visitor,0,0.011195067,0,1,-7,0.083446333,2754.84374051,0
Returning_Visitor,0,0.000277732,0,5,2,0.035418771,96.822996396,0
,0.6,0.02,0,2,-6,0.000777859,2528.220607055,0
Returning_Visitor,0,0,0,,1,0.000000022,1293.854375879,1
Returning_Visitor,0,0.09710902,0,7,3,0.000295954,1795.42395653,0
New_Visitor,0,0.083803152,77.527286624,1,3,0,1552.812208906,1
Returning_Visitor,0,0.061423662,0,1,4,0.2,1364.801384484,0
Returning_Visitor,,0.049883656,0,2,1,0.000577613,1944.390136343,0
Returning_Visitor,0.4,0.2,,2,1,0.011171761,567.891957554,0
Returning_Visitor,0,0.123827331,0,4,1,0.001303667,0.000007091,0
Returning_Visitor,0,0.01,0,3,1,0,434.378292187,1
Returning_Visitor,0.8,0.119251174,7.606563136,4,3,0.02,81.670505295,0
Returning_Visitor,0.4,,0,4,1,0.01,,0
,0.2,0.000384748,0,1,1,0.041622012,163.111594907,0
New_Visitor,0,0.128457091,62.204527298,3,1,0,2470.050043415,1
Returning_Visitor,,0.049339249,2.711952055,5,1,0.14720092,569.768458605,0
Returning_Visitor,0.8,0.005797365,0,1,1,0.000000014,,0
New_Visitor,0,0.014956469,0,7,1,0.01,762.580911928,0
New_Visitor,0,,0,6,3,0.024215882,1041.644859313,0
Returning_Visitor,0,0.053121858,0,2,4,0.014638561,0.000007101,0
Returning_Visitor,0,0.108713425,0,5,1,0.00355404,776.416347484,0
Returning_Visitor,0,0.072440083,0,1,3,0.00024155,467.040614551,0
New_Visitor,0,0.013241572,0,3,-7,0,,0
Returning_Visitor,0.2,0.006264683,5.028046931,1,2,0.028484379,0.000007105,0
Returning_Visitor,0,0,0,2,4,0.000347635,1928.672713913,0
New_Visitor,0,0.005463071,0,2,1,0.031306421,1020.292788532,0
Returning_Visitor,0,0.00028816,0,2,1,0.002686661,2163.208064859,1
Returning_Visitor,0,0.039278455,0,1,-8,0.026022806,1600.288126702,0
Returning_Visitor,0,0.354848488,0,13,-6,0.000001305,121.742852272,0
Returning_Visitor,0.2,,0,5,-7,0.0789739,2108.066817165,0
Returning_Visitor,0.2,0.085810818,0,,-5,0.2,0.000007112,0
Returning_Visitor,0,0.000338473,0,,1,0.000673483,1130.233222538,0
New_Visitor,0,0.220101866,0,,1,0.000004294,40.720426399,0
Returning_Visitor,0,0.004152031,0,5,-8,0.00002106,329.778357491,0
Returning_Visitor,0,0.00622542,0,3,1,0.067891624,2490.455103095,0
New_Visitor,0.6,0.000005168,11.351996675,3,1,0.000000118,165.084516939,0
Returning_Visitor,0.4,0.001126173,0,5,1,0,1751.408163654,1
Returning_Visitor,0,0.025699573,0,3,2,0.01,3754.016652633,0
Returning_Visitor,0,0.093748867,0,16,-7,0,1976.18426946,0
Returning_Visitor,0,0.1,0,4,1,0.053013741,227.238223082,0
Returning_Visitor,0,0.137386692,10.89306593,2,4,0,887.244152567,0
,0,0.121533254,0,2,1,0.000153067,2104.95035434,0
Returning_Visitor,0,0.000042476,0,2,-7,0,775.817216813,1
New_Visitor,0,0.02,15.688405381,2,1,0,1911.138586056,0
Returning_Visitor,0,0.176422656,0,14,-6,0.014831672,332.530639717,0
Returning_Visitor,,0.059513949,0,2,4,0.095146639,1196.989813101,0
New_Visitor,0,0.084163899,0,2,1,0,86.84244981,0
New_Visitor,0,0.001217593,0,1,-5,0.000602995,1601.556080466,0
Returning_Visitor,0,0.068651424,0,3,-8,0.029680655,373.829391474,0
Returning_Visitor,0,0.214549792,0,4,3,0.014889008,1043.348186571,0
Returning_Visitor,,0.146863017,0,1,1,0,1649.032853445,0
Returning_Visitor,0,0.148589766,14.229338993,2,-8,0,2801.977170888,0
,0.2,0.025274082,0,1,1,0,572.229499731,0
New_Visitor,0,0.001042351,36.19720901,3,3,0.01,0.000007135,0
,0,0.019059252,0,4,1,0.063346518,3090.928205595,0
Other,0,0.000620564,1.74929903,2,3,0.000145941,391.306980486,0
New_Visitor,0.6,0.031787829,0,8,3,0.02,929.933793525,0
Returning_Visitor,0,0.078275589,0,2,2,0.000695055,2272.78846896,0
Returning_Visitor,0,0.014220731,0,6,1,0.018087916,5329.696240408,0
New_Visitor,1,0.073315543,0,2,3,0.00019275,1818.455615255,0
New_Visitor,,0.000769596,0,1,-6,0.087554044,151.327136231,0
Returning_Visitor,0,0.044765827,3.088621709,2,3,0.0000095,244.490495812,0
Returning_Visitor,0,0.00052698,24.340786118,3,2,0,1083.545812136,0
New_Visitor,0,,0,2,2,0,232.968319431,0
Returning_Visitor,0.2,0.016416191,0,2,1,0.053941597,572.719440175,0
New_Visitor,,0.003034377,0,5,-8,0.122336619,686.3264593,0
Returning_Visitor,0,0.02,0.946663481,4,-8,0.02,641.258066871,0
Returning_Visitor,0,0.008525675,0,1,-6,0.023168511,0.000007149,0
Returning_Visitor,0,0,0,2,2,0.012861353,,0
New_Visitor,0,0.001361791,15.620486263,14,1,0,1099.951093693,1
Returning_Visitor,0,0.018756519,0,2,-8,0.000078254,2184.078466652,1
New_Visitor,,0.005330114,33.298815646,4,-6,0,813.993004117,1
Returning_Visitor,0,0.017460612,0,2,1,0.000996073,1020.088500014,0
Returning_Visitor,0.8,0,0,3,-6,0.069481557,788.462959657,0
Returning_Visitor,0,0.01,0,7,1,0.001925135,3208.580914127,0
New_Visitor,0,0.022036052,0,2,3,1.302249115,235.047118666,0
Returning_Visitor,0,0.034279658,0,19,1,-0.184704084,1728.64135404,0
Returning_Visitor,0.2,0.007541093,6.2128529,2,1,0,1124.46811763,0
Returning_Visitor,0,0.05160678,32.554103424,1,4,0.00401302,1682.378284695,1
New_Visitor,0.4,0.200209463,0,2,1,0.001755058,678.336290218,0
Returning_Visitor,0,0.00000009,,5,-8,0,1404.8315661,1
New_Visitor,0,0.023259817,0,4,1,0.047335053,3428.832567398,0
Returning_Visitor,0,0.008566123,38.822541474,6,-5,0.009359916,5645.983746279,1
New_Visitor,,0,0,5,4,0,2238.160112542,0
Returning_Visitor,0,0.053634691,0,4,1,0,1556.687680853,0
Returning_Visitor,0,0.004249973,11.242816309,2,2,0,561.224633766,1
Returning_Visitor,0,0.007661598,37.999112442,1,-6,0.004186361,1096.320214986,0
Returning_Visitor,0,0.001547855,,2,1,0.000026376,1454.702719311,0
Returning_Visitor,0,0.01,9.870916933,5,1,0.015648658,674.946322182,0
Returning_Visitor,0,0.052442932,0,12,3,0.00026229,1766.006141251,0
Returning_Visitor,0,0.03441616,0,1,1,0.011196126,,0
Returning_Visitor,0.2,0.110442143,,,4,0.000023719,506.825536286,0
Returning_Visitor,0,0.051163505,4.87885191,6,1,0.016826007,0.000007174,0
New_Visitor,0,0.031035348,9.448836654,3,2,0.000001894,591.030084146,0
Returning_Visitor,0,,0,2,3,0.042882778,2556.403187207,0
Returning_Visitor,0,0.020774869,0,2,-8,0.000002053,1428.264447928,0
New_Visitor,0,0.1,0,1,1,0.000065987,415.566031429,0
Returning_Visitor,0,0.002735765,0,1,3,0.00419644,26.328633134,0
New_Visitor,0,0.021266739,0,4,1,0,1498.752473735,1
New_Visitor,0,0.246880486,0,11,1,0.000000119,4127.555543935,0
Returning_Visitor,0,0.114594439,0,4,2,0.017920042,249.414624274,0
Returning_Visitor,0,0.091405173,13.176896795,2,1,0.000009626,222.42010028,0
Returning_Visitor,0,0.060139732,13.681114358,4,4,0.000000113,1789.805230573,1
New_Visitor,0,0.000129185,0,2,1,0.220402685,82.348963433,0
New_Visitor,0,0.000030249,42.780749591,2,-8,0,3856.655138556,1
Returning_Visitor,0,0.05,0,18,1,0,622.900260171,0
Returning_Visitor,0,0.05,0,2,1,0.004447727,2101.520141502,0
Returning_Visitor,0,0.142306273,0,5,-8,0.08052563,881.7194791,0
Returning_Visitor,0.6,0.020315083,0,7,1,0.000056136,520.327279277,0
Returning_Visitor,0,0.000730018,0,1,-7,0,0.000007191,0
Returning_Visitor,0,0.01008905,0,,1,0.002253814,1030.841632577,0
Returning_Visitor,0,0.001010451,0,2,1,0.000124276,1065.517154283,0
Returning_Visitor,0,0.086084315,0,2,-7,0.000188626,2779.826993441,0
Returning_Visitor,0,0.084805887,0,1,-6,0.1,1027.386452463,0
,0.6,0.053611016,18.406998568,,2,0,2301.773360784,1
Returning_Visitor,0,0.025439013,47.524926845,,-6,0.000001304,1674.794287382,1
,0,0.052304216,0,11,1,0.000581535,1666.61100452,0
New_Visitor,0.2,0.014606161,0,4,-6,0.000006952,124.167068199,0
,0.6,0.042649393,0,3,4,1.49847264,1320.094816857,0
,0,0.00326187,3.709223205,8,1,0.000205869,934.795706222,0
Returning_Visitor,0,0.027166595,,3,-7,0.127167334,636.142216886,0
Returning_Visitor,0,0.002327887,42.186814125,3,4,0,1067.555049077,1
Returning_Visitor,0,0.074246052,,12,3,0.006166035,0.000007204,0
Returning_Visitor,0,0.012835821,0,3,1,0.000000011,875.594152299,0
New_Visitor,0,0.000383135,0,2,3,0.016374885,380.221225057,0
Returning_Visitor,0,0.01,0,2,3,0.087437708,1143.562093471,0
Returning_Visitor,0,0.008777896,1.284015821,1,4,0,1719.958829326,0
New_Visitor,0.2,0.000050631,49.657612953,4,-6,0.01461409,,1
Returning_Visitor,0,0.027014226,0,1,3,0.005759431,0.00000721,0
,0,,0,3,1,0.007403838,356.581756853,0
Returning_Visitor,0,0.000305635,39.758710543,8,-7,0.001226859,6079.636450493,1
Returning_Visitor,0,,20.075865744,2,3,0.333542906,357.059560074,1
Returning_Visitor,0,0.02678353,0,1,-6,0.019789904,666.766075309,0
Returning_Visitor,0,0.017190323,40.235046357,1,1,0,1440.977402264,0
Returning_Visitor,0.2,0.005233612,27.652114145,1,-6,0,397.523796309,0
Returning_Visitor,0,0.040289244,0,2,4,0.002754741,240.739175105,0
Returning_Visitor,0,,0,1,1,0,3048.293324096,1
Returning_Visitor,0,0.03736727,0,14,1,0.002899305,72.405663366,0
Returning_Visitor,0,0.034556106,0,,1,0,1771.162315883,0
Returning_Visitor,0,0.086272755,0,3,1,0,0.000007221,0
,0,0.004617259,0,2,3,0.00863766,3000.61473551,0
Returning_Visitor,,0.220574637,0,6,4,0.01,390.807576958,0
Returning_Visitor,0.2,0.000399167,0,,1,0.026607603,1577.815027047,0
Returning_Visitor,0,0.001023814,0,2,1,0,1204.443606213,1
,0,0.068983274,15.957352004,2,1,0.008337197,930.475936972,0
Returning_Visitor,0,0.027531203,0,12,2,0.000001127,502.665642991,0
Returning_Visitor,0,0.008123504,0,,-7,0.003492402,426.675541494,0
Returning_Visitor,0,0.123466498,87.664669447,2,1,0.054422004,3194.89087117,0
New_Visitor,,0.072872249,32.167519376,3,4,0.000613242,3894.639867525,1
Returning_Visitor,0,0.039364148,0,2,3,1.405775577,4358.208996422,0
Returning_Visitor,0,0.056775319,0.781743053,2,2,0.108818259,2244.544519845,0
Returning_Visitor,,0.041613495,0,3,-6,0,307.574992878,0
Returning_Visitor,0.2,0.005531853,0,1,3,0.01,0.000007234,0
Returning_Visitor,0,0.030244768,7.669258282,4,1,0,1098.474562316,1
Returning_Visitor,0.6,0.010269606,0,,1,0.085399433,0.000007236,0
New_Visitor,0,0.084215465,0,,3,0.000165319,2500.732119733,0
Returning_Visitor,0,0.000909344,0,1,2,0,320.330725165,0
Returning_Visitor,0,0.04260222,0,1,2,0.003448473,1715.471132394,0
New_Visitor,0,0.015540167,0,3,1,0.004214442,1388.264060898,0
New_Visitor,0.6,0.05,2.710110471,11,-8,0.000004522,,0
Returning_Visitor,0.8,0.00121551,0,2,1,0.009792836,1786.382448954,0
New_Visitor,0,,0,2,2,0.000359021,1956.648637872,0
New_Visitor,0,0.00000711,12.75697184,5,4,0,1433.705665707,1
Returning_Visitor,0,0.037836221,0,3,3,0.05,,0
Returning_Visitor,0,0.057420323,63.447389416,2,-6,0,4723.840657476,1
Returning_Visitor,0,0.000086958,0,1,4,0.000016424,917.84891973,0
Returning_Visitor,0.2,0.039191762,0,7,1,0.000954841,1276.435308467,0
Returning_Visitor,0,0.063598768,2.013955955,2,2,0.000000311,2121.518995778,0
Other,0,0.020333382,0,5,4,0,393.375330319,0
New_Visitor,0,0.055586742,0,9,1,0.008810732,366.432842937,0
Returning_Visitor,0,0.015910568,0,2,-5,0.019934519,0.000007252,0
Returning_Visitor,0,0.010996103,0,1,4,0.024982014,561.610844131,0
Returning_Visitor,0,0.03198536,4.18053926,2,4,0.03302002,2604.680529564,0
Returning_Visitor,0,0.141765852,,1,2,0.036116946,1553.297672754,0
Returning_Visitor,0,0.000966855,0,3,2,0.004092567,527.694401162,0
New_Visitor,1,0,0,1,1,0.02,490.293839621,0
Returning_Visitor,0,0.000061591,0,5,1,0,2694.935302457,0
Returning_Visitor,0,0.042128965,0,3,1,0.018110119,1199.640915419,0
Returning_Visitor,0,0.01,0,1,-6,0.040594058,338.098125717,0
Returning_Visitor,0,0.01,0,3,3,0,249.749431932,0
Returning_Visitor,0,0.000568446,0,2,-5,0.015584492,147.025062838,0
Returning_Visitor,0,0.054901046,1.690858399,4,3,0.134445566,51.916958134,0
,0,0.047468475,0,2,-7,0.015916097,1552.703470005,0
Returning_Visitor,0,0.00214909,2.2961499,2,-8,0.093409689,1015.637713692,0
New_Visitor,0,0.046617317,0,2,1,0.000000054,488.611800635,0
Returning_Visitor,0,0.1279934,11.550433746,10,1,0.000062607,812.301390157,0
,0,0.02,0,1,1,0.2,1094.191010396,0
Returning_Visitor,0,0.04787806,2.947694744,2,1,0.008747894,2318.658129533,0
Returning_Visitor,0,0.004307845,0,2,4,0.007709429,450.447336799,0
Returning_Visitor,0.6,0.010882397,12.99567096,3,4,0.047644885,4237.74478842,0
New_Visitor,0,0.005221201,1.03809649,5,1,0,1675.776904113,0
Returning_Visitor,0,0.168494193,0,5,4,0.1,911.293970424,0
Returning_Visitor,0,0.024614394,0,3,2,0.0118326,2431.416907756,0
Returning_Visitor,0,0.000565783,0,,-7,0.012779561,2004.555399439,0
Returning_Visitor,0,0.000207364,0,3,1,0,748.816190011,0
Returning_Visitor,0.6,0.084307618,0,2,-7,0.05,678.767180986,0
Returning_Visitor,0,0.04361174,228.874639721,2,3,0,1561.807900953,1
Returning_Visitor,0,0.009293507,,2,1,0,869.594860318,1
Returning_Visitor,0.2,0.033098048,0,3,-8,0.000001277,601.547544098,0
,0,,30.819877129,1,1,0.00472121,418.946013715,0
New_Visitor,0,0.01331005,0,1,1,0.000222861,400.902867568,0
Returning_Visitor,0,0.045062372,0,2,2,0.05,3657.96335702,0
Returning_Visitor,0,0.1,,4,-8,0.000593025,1913.160512691,0
Returning_Visitor,0,0.127571036,0,18,-6,0.010487829,1269.00243797,0
Returning_Visitor,0,0.05,0,,1,0.00158794,634.491195537,0
Returning_Visitor,0,0.012875747,8.172095833,1,1,0.000318915,263.399078926,0
New_Visitor,0,0.032040765,0,4,2,0.005677932,311.575642733,0
New_Visitor,0,0.125178288,0,2,1,0,379.673301884,0
New_Visitor,0.8,,0,4,-9,0.006191996,974.72051673,0
Returning_Visitor,0,0.00443258,15.414484362,16,1,0,2584.973472687,0
Returning_Visitor,0.2,0.030880509,0,2,-6,0.008917051,0.000007292,0
Returning_Visitor,0,0.029571968,0,2,-5,0.000210724,810.670572042,0
Returning_Visitor,0,0.05843233,0,2,3,0.00015511,570.096530123,0
Returning_Visitor,0,0.003902568,0,4,1,0.05,1970.789471255,0
New_Visitor,0,0.003556942,0,2,-6,0,752.782233431,0
Returning_Visitor,0,0.004749987,11.849447216,,1,0.023033217,0.000007297,0
,0,0.02,10.821587397,6,-6,0.002824546,3691.229410427,0
New_Visitor,0.2,0.061904758,144.672682679,4,1,0,4200.860389121,1
New_Visitor,0,0.083482495,0,19,3,0,5419.682484021,1
Returning_Visitor,0,0.01986607,0,2,3,0,601.0676473,0
Returning_Visitor,0,0.1,0,2,1,0.002491966,218.587279145,0
Returning_Visitor,0,0,0,14,4,0.009601394,484.984887364,0
New_Visitor,0,0.00159378,,3,4,0,,1
,0,0.13912657,0,2,1,0.05,102.005807643,0
Returning_Visitor,0,0.023779206,28.95234304,10,4,0.000001656,878.671788882,1
Returning_Visitor,0,,0,2,-6,0.000490321,339.135660921,0
New_Visitor,0,0.01,0,1,4,0,1725.69021703,0
New_Visitor,0,0.008620024,80.216117242,8,1,0.000000003,2166.879444164,1
Returning_Visitor,0,0.016508765,0,2,-5,0.000000317,1352.490730884,0
New_Visitor,0,0.022449949,0,1,1,0.000811578,2529.461607576,0
New_Visitor,,,0,5,1,0.014427659,570.759026691,0
Returning_Visitor,0.6,0.028250537,0,2,4,0.000216049,2843.840245656,0
Returning_Visitor,0,0.2,10.024356827,7,3,0.000000014,786.35743442,1
Returning_Visitor,0.4,0.054562145,0,3,1,0.000000011,780.354630079,0
Returning_Visitor,0,,58.190499485,,1,0,1046.7514073,1
Returning_Visitor,0,0.013188444,0,,3,0.001537196,324.256267135,0
,0,0.115403341,0,5,3,0.000038154,794.304206738,0
Returning_Visitor,0,0.001021944,0,3,1,0.001305443,251.381634671,0
Returning_Visitor,0,0.000342477,13.774473134,2,-6,0.005903646,5322.034155209,0
Returning_Visitor,0.2,0.1,0,4,4,0,2252.5891827,0
Returning_Visitor,0,0.043419968,,3,2,-0.212781239,842.438383074,0
Returning_Visitor,0,0.000000019,14.161011653,5,1,0,266.029898004,1
Returning_Visitor,0,0.003610139,0,,1,0,609.288272698,0
Returning_Visitor,0,0.071405043,0,2,-7,0.012343695,210.770023557,0
Returning_Visitor,0.6,0.000021356,118.353758198,3,-6,0.01,1271.961319713,1
Returning_Visitor,0,0.040339132,0,2,3,0.000000008,1313.65345287,0
Returning_Visitor,0,0.000001329,45.294238566,7,1,0.02,2000.450742611,1
New_Visitor,0,,0,4,3,0.011760642,1426.385802259,0
Other,0,0.055666551,0,3,1,0,,0
Returning_Visitor,0,0.012369611,0,3,1,0.011221187,562.508990246,0
Returning_Visitor,0,0.02875839,0,1,-6,0.058705183,339.147309583,0
Returning_Visitor,0.2,,5.990957557,1,4,0.00000088,975.799797059,1
New_Visitor,0,0.013141793,0,,2,0.01,553.828965285,0
Returning_Visitor,0,0.005182879,0,6,1,0,1479.928859841,0
New_Visitor,,0.003626991,0,2,1,0,1544.834717887,1
Returning_Visitor,0.2,0.016084847,0,7,1,0.013259989,,0
New_Visitor,1,,0,6,4,0.009690371,2639.180170101,0
Returning_Visitor,0,0.080550582,11.929160954,2,1,0.002947817,652.942170542,0
Returning_Visitor,0,0.00815424,0,2,4,0.107598602,2402.596269558,0
Returning_Visitor,0,0.03494782,0,3,1,0.01,449.629386177,0
Returning_Visitor,0,0.000093275,10.89114103,2,-7,0,769.437896951,1
New_Visitor,0,0.081197272,91.042538018,2,4,0.000007507,1341.271913499,1
Returning_Visitor,0,0.005105091,0,4,1,0.000492073,916.886678084,0
New_Visitor,0,0.002615817,,2,2,0.000002167,620.215218149,0
Returning_Visitor,0,0.002225498,4.416095026,3,1,0,3048.983423488,0
Returning_Visitor,0.4,0.033279394,7.807502074,,-6,0.043899359,581.134243387,0
Returning_Visitor,0,,0,9,3,0.002722235,1725.26180999,0
Returning_Visitor,0,0.0447765,0,1,-7,0.00000086,839.158158829,0
Returning_Visitor,0.2,0.1,0,3,3,0.026409144,2080.869834388,0
New_Visitor,0,0.019489135,0,1,4,0.148190361,1043.018144611,0
New_Visitor,0.6,0.058730949,22.061034921,5,4,0.002698706,1061.010240768,0
Returning_Visitor,0,0.028605127,6.658898448,2,1,0.177379683,868.705654963,0
Returning_Visitor,0.2,0.168371021,59.39391009,4,-8,0,904.28370397,1
New_Visitor,0,0.150411932,,7,4,0,1530.974350377,1
Returning_Visitor,0,0.001243169,35.479184586,2,-7,0,1984.414892307,1
Returning_Visitor,0,0.011004387,0,2,2,0.05,6114.311840193,1
Returning_Visitor,0,0.169904462,0,3,1,0.002729118,304.371392536,0
New_Visitor,0,0.05,0,1,4,0.000553816,653.74474854,0
Returning_Visitor,0,0.006032614,0,11,1,0.000013837,376.048552771,0
New_Visitor,0,0.018770267,0,5,1,0.142427522,0.000007361,0
New_Visitor,0,0.10567426,0,10,1,0,835.485870547,0
New_Visitor,0,0.094426344,0,3,-7,0.000062586,486.446256849,0
Returning_Visitor,0,0,0,2,1,0.009624844,38.768472435,0
Returning_Visitor,1,0.003433711,0,3,1,0.000945526,1355.72095592,0
Returning_Visitor,0.8,0.053796522,0,4,1,0.004157895,0.000007366,0
Returning_Visitor,,0.000073812,8.448355831,7,3,0.00981644,2264.407686369,1
Returning_Visitor,0,0.001600362,0,1,2,0.004786096,988.282340945,0
Returning_Visitor,0,0.133707303,0,5,1,0.017944691,489.535427989,0
Returning_Visitor,0,0.112659563,0,12,1,0.002631807,0.00000737,0
Returning_Visitor,0,0.010198774,3.122857927,2,1,0.092367168,2433.23933773,0
Returning_Visitor,0.8,0.00933161,0,2,1,0.007405439,3657.018521571,0
Returning_Visitor,0,0.011815335,18.373732018,5,1,0.000000021,110.470332986,1
Returning_Visitor,0,0.002996501,0,3,3,0.000003654,0.000007374,0
New_Visitor,0,0.011393218,0,1,3,0.000085287,1296.328671728,0
New_Visitor,0,0.028759056,7.722795059,1,1,0.002495917,536.778215157,0
Returning_Visitor,0,0.007250544,0,,1,0.000000349,996.092220625,0
Returning_Visitor,0,0.2,0,5,-5,0.00001472,370.706203003,0
Returning_Visitor,0,0.045176102,15.28191018,16,-8,0.021938258,38.067087496,0
,0,0.105594911,0,1,1,0,3476.249429929,0
,0,0.00452902,0,4,2,0,883.799163769,0
Returning_Visitor,0.2,0.105223312,0,1,3,0.006930134,899.943299925,0
New_Visitor,0,0.016195735,0,2,4,0.077302607,3386.684972622,0
Returning_Visitor,0,0.067944604,0,6,3,0.001188079,764.236907184,0
Returning_Visitor,0.2,0.142542431,0,4,-8,0.008866808,2871.580293712,0
Returning_Visitor,0,0.00000302,0,2,-8,0.05,3238.365537509,1
New_Visitor,0,0.036404319,0,2,-5,0.027939328,1195.359502243,0
Returning_Visitor,0.2,0.002428358,0,7,3,0.02,749.568826561,0
New_Visitor,0,0.168677432,0,,1,0.100603964,51.224036634,0
Returning_Visitor,0,0.00001026,0,3,2,0.14014871,1782.513212346,0
Returning_Visitor,0,0,0,3,1,0.000043706,150.618447059,0
Returning_Visitor,0,0.000668659,30.205138398,10,1,0,2013.182134819,1
Returning_Visitor,0,0.006257415,0,6,1,0,,0
Returning_Visitor,0,,0,4,1,0.253473325,1800.762426874,0
Returning_Visitor,0.2,0.011309141,4.057844663,4,1,0.001453954,1515.440048789,0
Returning_Visitor,0,0.000097746,0,,1,0.000064951,1331.375648543,0
New_Visitor,0,0.001135681,0,,-7,0,1258.8913895,0
Returning_Visitor,0,0.03290943,0,2,3,0.02,1813.237846214,0
Returning_Visitor,0,0.027123892,0,1,-7,0,2130.333507165,0
Returning_Visitor,0,0.003657499,0,4,3,0.000000005,202.334778627,0
Returning_Visitor,0,0.05,0,2,1,0.007589241,1968.680126258,0
Returning_Visitor,0,0.007084753,0,3,-6,0,165.015150032,0
Returning_Visitor,0,0.136201883,0,3,-6,0.001253094,701.448221075,0
,0,0.03233691,0,18,1,0.047620685,0.000007404,0
Returning_Visitor,0,0.184079941,0,2,1,0.000146415,1294.140247321,0
New_Visitor,0,0.002870411,0,14,1,0.05,201.452204842,0
Returning_Visitor,0,0.036082331,14.236083186,1,3,0.000009876,783.06440947,0
Other,0,0.010151061,0,1,1,0,1241.853774551,0
Returning_Visitor,0,0.04034133,0,5,1,0.013065335,1619.719760831,0
Returning_Visitor,0,0.039592867,0,3,2,0.038639628,735.174600106,0
Returning_Visitor,0,0.033231287,0,1,1,0.021996594,568.443229994,0
Returning_Visitor,0,0.016543839,18.625660624,2,1,0.015173835,0.000007412,0
Returning_Visitor,0,0.05,0,3,1,0.000181954,3395.573462198,0
Returning_Visitor,0,0.000243947,0,9,1,0.156343125,589.592755643,0
Returning_Visitor,0,0.035889169,0,2,4,0.000668715,1057.733637493,0
Returning_Visitor,0,0.058974492,0,2,4,0.000226368,990.216959831,0
Returning_Visitor,0,0.019169575,0,5,2,0.006251768,0.000007417,0
Returning_Visitor,0,0.010454647,0,4,1,-0.228299235,2302.810331233,0
Returning_Visitor,0,0.002077431,0,2,1,0.000050923,1146.111302035,0
Returning_Visitor,0,0.05,0,6,1,0.003424127,718.46669419,0
Returning_Visitor,0,0.001688032,0,4,1,0.05,418.333985024,0
Returning_Visitor,,0.005138364,6.304353567,3,1,0.023414361,1445.077286874,0
New_Visitor,0,0.006002793,0,1,1,0.005243072,749.808978926,0
Returning_Visitor,,0.052086061,0,4,3,0.000066124,2163.454998007,0
Returning_Visitor,0,0.02,0,2,3,0.05,1116.065663472,0
Returning_Visitor,0,0.021210542,0,8,1,0.000000001,1544.850035397,0
Returning_Visitor,,0.000295257,39.784013876,1,3,0.005276624,915.599506081,0
Returning_Visitor,0,0.02,0,2,1,0.00431849,1105.848375749,0
Returning_Visitor,0,0.01212183,0,2,2,0.085763976,1310.310212706,0
Returning_Visitor,0,0.07457943,0,1,3,0.00057498,,0
Returning_Visitor,0,0.022276271,0,5,1,0.01,174.07080969,0
Returning_Visitor,0,0.007024884,0,4,4,0.075271534,628.08457902,0
Returning_Visitor,0,0.006395534,0,,3,0.016361638,,0
Returning_Visitor,0,0.071894758,0,5,3,0.030829517,0.000007434,0
Returning_Visitor,0,0.010787063,15.195752388,9,1,0.000016734,4463.210464851,1
Returning_Visitor,0,0.018396564,0,2,3,0.023313597,1972.674176645,0
Returning_Visitor,0,0.00661742,4.247295896,3,1,0.000001108,635.89015815,0
Other,0.4,0.000250075,,6,1,0.0024728,907.479853427,0
Returning_Visitor,0,0.004941688,0,,2,0,914.705277606,1
,0,0.05,0,6,3,0.000041008,1977.618723247,0
Returning_Visitor,,0.137066995,,4,3,0.000000092,,0
Returning_Visitor,0,0.003743468,0,2,4,0.054253238,1275.506595683,0
Returning_Visitor,,,0,6,1,0.000042412,955.116061032,0
New_Visitor,0,0.019924352,15.339273048,2,1,0.033675907,344.469885428,0
Returning_Visitor,0,0.028157422,0,2,2,0.000050067,2246.631942281,0
Returning_Visitor,0,0.008258559,0,1,1,0,1880.250415418,0
Returning_Visitor,0,0.104200194,0,1,4,0.000001722,1154.693991901,0
Returning_Visitor,0,,0,,1,0.2,0.000007448,0
Returning_Visitor,0,0.031336134,0,5,3,0.001190576,2259.252196414,0
Returning_Visitor,0,0.000141276,39.825378989,2,-8,0,404.826381138,1
New_Visitor,0,0.002925616,0,,2,0.035576061,1815.830919694,0
Returning_Visitor,,0.1,0,3,4,0.002221544,2253.910299694,0
Returning_Visitor,0,0.05,0,3,-7,0.100098942,1344.483761069,0
Returning_Visitor,0,0,2.468926295,15,1,0.016390598,1137.878083404,0
Returning_Visitor,0.4,0.037655357,0,8,1,0.000002503,,0
Returning_Visitor,0,0.021536478,0,2,3,0,1491.784306467,0
Returning_Visitor,0,0.003366614,8.027231258,2,1,0.2,,0
Returning_Visitor,0,0.2,7.243940901,1,3,0.00367488,3115.128868993,0
Returning_Visitor,0,0.035781043,0,2,3,0,2949.151257162,0
New_Visitor,0,0.002806192,0,5,1,0.105862013,2137.320982644,0
New_Visitor,0,0.048016992,0,4,1,0.000860935,63.201637799,0
Returning_Visitor,0,0.101744023,0,4,3,0,3286.349524164,1
Returning_Visitor,0,0.000018457,39.960183877,2,3,0,931.159187682,1
Returning_Visitor,0,0.011677456,0,5,-7,1.2684258,1158.109019089,0
Returning_Visitor,0,0.004155981,0,9,1,0.026072296,46.929161202,0
Returning_Visitor,0.2,0.016197085,0,5,1,0.024312072,0.000007466,0
Returning_Visitor,0.8,0.029413338,0,5,-7,0.01,201.591396441,0
Returning_Visitor,0,0.04038712,0,12,1,0.05,465.997256493,0
Returning_Visitor,0,0.003197782,1.417868458,3,1,0.00050494,1098.798065352,0
Returning_Visitor,0,0.00015796,18.412811925,2,3,0.000030847,322.286228161,0
Returning_Visitor,0,0.03029393,10.841179921,3,-5,0.000000657,34.679067929,0
Returning_Visitor,0,0.013685783,0,5,2,0.00049494,,0
Returning_Visitor,0,0.06123955,30.157997011,1,-7,0.005115115,449.897379816,0
Returning_Visitor,0,0.094618019,0,2,-6,0,1131.789868709,0
Returning_Visitor,0,0.189186785,19.369010485,9,2,0,832.812868139,1
New_Visitor,0,0.03420332,15.845056524,8,4,0.024373776,3124.326460859,0
Returning_Visitor,0,0.043301594,0,3,-6,0.034180563,237.377692053,0
New_Visitor,0,0.056652898,7.643829074,2,-5,0,447.218708834,0
Returning_Visitor,0,0.06276706,0,3,3,0.029069463,1411.915565128,0
Returning_Visitor,0,0.003699614,0,3,2,0.002544095,1489.162420405,0
Returning_Visitor,,0.408288354,0,1,2,0.000456199,0.000007481,0
Returning_Visitor,0,0.000963725,0,3,1,0.002308313,1875.692141601,0
Returning_Visitor,0,0.007638431,0,3,1,0.082278953,664.763453443,0
Returning_Visitor,0,0.002717723,7.29607661,,1,0,3001.999279107,1
Returning_Visitor,0,0.094143585,0,,-6,0.020776722,1730.896018044,0
New_Visitor,0.6,0.01,0,3,-5,0.055148001,1615.073994386,0
Returning_Visitor,0,0.128788999,0,2,3,0.000249337,1136.843707366,0
Returning_Visitor,0,0.004716287,0,2,-6,0.036516668,,0
Returning_Visitor,0,0.000255181,0,10,3,0.001616113,0.000007489,0
New_Visitor,1,0.001900097,0,3,-8,0,2297.844818522,1
Returning_Visitor,0,0.00839058,0,2,-7,0.004062611,1262.752944935,0
New_Visitor,0,0.1,0,4,3,0.048239294,1703.242886393,0
New_Visitor,0,0.2,0,8,1,0.033168304,54.385311601,0
Returning_Visitor,0.4,0.00569606,0,4,3,0,901.219658317,0
Returning_Visitor,0,0.000000373,88.457725509,2,1,0.000002893,3153.130240871,1
Returning_Visitor,0,0.008912455,22.384469667,2,4,0,1184.862240142,1
Returning_Visitor,0,0.1,0,2,3,0.005930237,1103.99102971,0
Returning_Visitor,0,0.175231478,0,1,1,0.000063528,2107.494474651,0
Returning_Visitor,0,0.060808973,0,7,-6,0.001224821,1267.337675588,0
Returning_Visitor,0,0.030743122,0,2,1,0.005969692,663.427127502,0
Returning_Visitor,0,0.106009167,0,11,-7,0,714.199368634,0
Returning_Visitor,0,0.001682157,,8,4,0.000037763,357.136962289,0
Other,0,0.013707483,0.501687341,3,2,0.042159302,317.330663961,0
Returning_Visitor,0,0.063477668,0,10,2,0,222.900028111,0
Returning_Visitor,1,,0,8,-7,0.01,83.838115633,0
Returning_Visitor,0,0.008603756,0,12,3,0.000000442,0.000007506,0
Returning_Visitor,0,0.040955893,29.619612262,4,1,0.000001211,0.000007507,0
Returning_Visitor,0,0.033355534,0,2,1,0.001209315,,0
Returning_Visitor,0,0.123462538,0,1,4,0.005962953,,0
Returning_Visitor,0,0.167195154,0,1,3,0.000022339,863.027655814,0
Returning_Visitor,0,0.005391906,0,11,3,0.000000199,,0
Returning_Visitor,0.2,0.000780165,0,5,2,0.188345494,1182.669172472,0
Returning_Visitor,0,0.080730079,0,2,1,0.003275151,2290.250724851,0
Returning_Visitor,0,0.321973879,0,2,-7,0.00194106,1242.188513535,0
Returning_Visitor,0,0.000434537,0,2,2,0.061768966,1235.970402735,0
New_Visitor,,0.035161869,0,3,3,0.004990077,1432.117287139,0
,0,0.056006838,0,2,1,0.000341661,1766.720921127,0
Returning_Visitor,0,0.009096523,0,2,1,0.014179096,2344.494723723,0
Returning_Visitor,0,0.05,0,4,1,0.000050102,444.976592401,0
New_Visitor,0,0.042135732,0,3,1,0.012898398,851.061051512,0
Returning_Visitor,0.4,0.139422616,0,3,1,0.00048224,401.565038324,0
New_Visitor,0,0.098930226,0,2,1,0.018329684,404.159141195,0
New_Visitor,0.2,0.058100277,0,3,1,0.045353141,525.864343189,0
Returning_Visitor,0,0.220564067,0,2,-6,0.02,590.628613311,0
New_Visitor,0,0.001026849,33.69329873,11,2,0,871.933100555,1
Returning_Visitor,0,0.165023076,0,1,-7,0.03201059,1490.461350534,0
Returning_Visitor,0,0.031819896,0,6,1,0.000008729,,0
Returning_Visitor,0,0.013403953,0,2,1,0.2,14.646791065,0
Returning_Visitor,0.6,0.000026622,0,2,2,0.004469754,611.833811598,0
New_Visitor,0.2,0.033469549,0,18,3,0.000005261,3885.017570354,0
New_Visitor,0,0.004531931,0,2,2,0,498.55730368,0
Returning_Visitor,0,0.04197228,0,2,1,0.060835437,493.671291172,0
New_Visitor,0.6,0.01,49.228941495,15,1,0,721.281084201,0
Returning_Visitor,0.6,0.017255875,0,5,3,0.000000036,1431.690797535,0
Returning_Visitor,0,0.001487677,0,4,1,0.028053748,,0
New_Visitor,0,0.075229178,0,5,2,0.04721801,1157.968358617,0
Returning_Visitor,0,0.006738234,0,2,1,0.000600939,563.456539294,0
Other,0,0.09770567,0,7,4,0.071467056,0.000007538,0
Returning_Visitor,0,,26.347885452,2,2,0,994.021760095,0
Returning_Visitor,0,0.138273558,0,2,3,0.001635247,2504.182226733,0
Returning_Visitor,0,0.029822369,95.920005716,2,3,0,1534.924711293,0
Returning_Visitor,0,0.030326485,0,1,1,0.002164548,136.43552175,0
Returning_Visitor,0,0.2,15.218219686,2,1,0.000005242,1234.640758287,0
Returning_Visitor,0,0.012215907,,3,4,0.001360326,1269.734145325,0
Returning_Visitor,0,0.009188669,2.034000475,4,-8,0.02,101.190443655,0
Returning_Visitor,0.2,,0,3,1,0.002094834,1759.794003923,0
Returning_Visitor,0,0.117781625,5.991177621,,1,0.000019353,,0
Returning_Visitor,0,,34.445300263,,-8,0.121655361,1726.089687195,0
Returning_Visitor,0.6,0.049379858,0,1,1,0.00751136,390.410072918,0
New_Visitor,0,0.014082292,0,3,1,0.003261384,1044.921925491,0
Returning_Visitor,0,0.000040949,0,3,4,0.129553197,1304.585542763,0
Returning_Visitor,0,0.2,0,2,3,0.005187011,1396.891551094,0
Returning_Visitor,0,0.039015162,0,12,3,0.01,1128.032577026,0
Returning_Visitor,0.4,0.085551509,7.120053015,,1,0.1,698.246832667,0
Returning_Visitor,0,0.092227399,,3,-8,0,568.099032832,0
Returning_Visitor,0.2,0.000159578,0,2,2,0,1047.155568764,0
Returning_Visitor,0,0.084840254,0,3,4,0.000012161,643.335962371,0
Returning_Visitor,0,0.000035327,0,1,4,0,1026.689796619,0
Returning_Visitor,0,0.034013537,0,5,3,0.006351891,3390.129833022,0
,0,0.056083154,0,2,3,0.00000221,649.379778538,0
,0,0.005631154,0,3,3,0.001596367,173.310630528,0
Returning_Visitor,0,0.043981353,4.188711477,8,1,0,370.069729575,0
Returning_Visitor,0,0.001486739,0,4,3,0.001477861,351.269037918,0
,0,0.077611068,0,2,3,0.001883923,0.000007564,0
Returning_Visitor,,0.000000308,0,1,3,0,5797.374002861,1
New_Visitor,0.2,0.028893086,0,2,1,0.000165861,,0
Returning_Visitor,0,0.082130464,0,1,4,0,1518.009218163,0
Returning_Visitor,0,0.039228984,0,4,2,0.000000003,6521.091719138,0
Returning_Visitor,0,,4.777692965,8,1,0.01,590.704856265,0
Returning_Visitor,0,0.002256755,0,18,3,0.000006316,313.996253029,0
Returning_Visitor,0,0.092473932,0,2,2,0,2287.993300367,1
Returning_Visitor,0,0.074642756,0,1,3,0.024170927,1189.406127048,0
Returning_Visitor,0,0.037654365,0,1,1,0.088973619,821.083936089,0
Returning_Visitor,0,0.020439804,14.053432064,1,3,0.058156927,747.636966064,0
Returning_Visitor,0,0.003565718,0,2,1,0.2,3390.054835183,0
Other,0,0.059990245,0,7,1,0.000381801,,0
Returning_Visitor,0,0.037388574,12.688626075,1,-5,0.01,,0
Returning_Visitor,0,0.031079918,0,3,2,0.056942683,1076.535403781,0
Returning_Visitor,0,0.009224362,0,3,-7,0.000966419,1541.938223751,0
Returning_Visitor,0,0.012227084,0,1,2,0.045270016,568.151858158,0
Returning_Visitor,0,0.000454334,0,7,-5,0.000000096,1103.70758011,1
Returning_Visitor,0,0.000002311,0,3,4,0.000000068,4068.139671264,1
Returning_Visitor,0,0.001908023,0,5,3,0.1,143.791785403,0
Returning_Visitor,0,0.019934565,0,3,3,0.05,1274.323618966,0
Returning_Visitor,0,0.015940408,0,6,3,0.029406262,299.731452619,0
Returning_Visitor,0,0.000809765,39.240618483,5,-8,0,850.358514105,1
Returning_Visitor,0,0.012752916,0,2,2,0,521.420741668,1
Returning_Visitor,0,0,0,8,3,0.1,27.124947595,0
Returning_Visitor,0,0.062039045,8.864614755,2,4,0.047063337,1589.002113416,0
New_Visitor,0,0.144147674,0,,1,0.029203135,1376.812253478,0
Returning_Visitor,0.2,0.007875245,0,2,1,0,1045.368360844,0
Returning_Visitor,0.4,,0,4,3,0.000165202,0.000007592,0
Returning_Visitor,0,0.1,,1,3,0,1105.149846761,0
New_Visitor,0,0.01,,2,-6,0.001700848,2850.978026012,0
Returning_Visitor,0.2,0.003528877,0,7,-7,0.19771342,1354.240667425,0
Returning_Visitor,0,0.004254331,0,2,1,0.004406362,3814.198737766,0
Returning_Visitor,0.8,0.009609911,0,3,-6,0.005482001,323.993027985,0
New_Visitor,0,0.011332444,0,3,-6,0.002621906,294.931402807,0
New_Visitor,0,0.020231618,0,,1,0.000020404,868.901156005,0
Returning_Visitor,,0,,4,2,0.000673545,719.761301154,0
New_Visitor,0,0.009578157,136.983643587,3,3,0,3213.678134351,1
Returning_Visitor,0,0.021584143,0,3,1,0.000044991,,0
Returning_Visitor,0,0.016066774,0,3,3,0.1,846.433047222,0
Returning_Visitor,0,0.006794791,0,,1,0,2447.987759349,0
Returning_Visitor,0,0.05777839,0,1,4,1.105435402,0.000007605,0
Returning_Visitor,0,0.032052626,0,2,1,0.041498975,1794.041936759,0
Returning_Visitor,0,0.1,0,1,1,0,598.263989367,0
Returning_Visitor,0,0.113641288,,17,-7,0.001147267,969.297959297,0
Returning_Visitor,0,0.031509341,11.427497324,5,4,0,2265.257835346,1
New_Visitor,0,0.2,0,3,4,0,479.341489658,0
Returning_Visitor,0,0.048216074,0,2,1,0.059260357,462.879867293,0
New_Visitor,0.4,0.014290997,0,1,3,0.001073685,1256.922325783,0
New_Visitor,0,0.006572583,0,2,2,0.01,0.000007613,0
Returning_Visitor,0,0.020438252,21.166130029,2,1,0,4568.7277918,1
Returning_Visitor,0,0.051383474,0,4,1,0.1,1386.483751661,0
New_Visitor,0,0.02,15.350243834,2,1,0,1187.784206065,1
Returning_Visitor,0,0.02,0,3,4,0.012011123,1573.389602146,0
Returning_Visitor,0,0.007535042,0,1,1,0,233.865098545,0
New_Visitor,0,0.000375288,0,15,-8,0.000387065,330.253663945,0
Returning_Visitor,0,0.019237192,0,1,-6,0.001792649,167.358108746,0
Returning_Visitor,0,0.010176362,33.050572104,4,3,0,1815.965547406,1
Returning_Visitor,0,0.004791825,2.89345694,6,2,0.000411718,406.326694677,0
Returning_Visitor,0,0.091967426,0,7,3,0.316478784,2467.394229684,0
New_Visitor,0,0.056669863,0,2,3,0,540.971844466,0
Returning_Visitor,0,0.027844367,0,2,-6,0.02,593.304146919,0
Returning_Visitor,0,0.000170861,24.424437406,2,1,0,2186.657777241,1
Returning_Visitor,0,0.05,12.416347548,3,4,0.000000072,330.002188966,0
Returning_Visitor,0,0.027067132,0,3,1,0.000131853,535.097909776,0
Returning_Visitor,0,0.005977487,7.216575617,2,1,0.029323181,2187.996510919,0
Returning_Visitor,0,0.000010865,0,2,1,0.01,0.00000763,0
New_Visitor,0,0.029733364,,8,1,0.086157829,671.721439784,0
New_Visitor,0,0.010219379,0,2,1,0.052071543,1947.461968527,0
Other,0,0,0,1,-8,0.021231382,288.969311124,0
Returning_Visitor,1,0,2.329500227,3,3,0.047349418,1329.320827598,0
Returning_Visitor,0,0.02,0,2,4,0.02,193.873884351,0
New_Visitor,0.6,0.000000228,29.664550011,,1,0,1073.830927361,1
Returning_Visitor,0,0.041020478,0,,1,0.014632066,1267.899880493,0
Returning_Visitor,0,0.0006535,0,2,1,0.000982566,1441.152880169,0
Returning_Visitor,0,0.142809158,0,1,1,0.001577167,810.927462949,0
New_Visitor,0,0.03906129,0,2,-7,0,146.065557777,0
New_Visitor,0,0.074709523,2.964577896,2,-6,0.040869387,2036.46395393,0
Returning_Visitor,0,0.062264809,11.640299614,2,-8,0.1,2062.891715629,0
Returning_Visitor,0,0.004007357,0,16,-7,0.000000819,178.162557446,0
Returning_Visitor,0,0.046041126,0,2,1,0,2168.523581825,0
New_Visitor,0,0.205004796,23.66281154,2,2,0,2954.810605344,1
Returning_Visitor,0,0.000865117,0,2,2,0.03046031,314.194777662,0
,0,0.113431888,0,6,2,0,2730.600928071,0
Returning_Visitor,0,0.00220942,0,2,2,0.042465571,363.941143462,0
Returning_Visitor,0.8,0.005003723,,2,-6,0.004064897,1311.239259874,1
,0,0.01,0,1,-7,0.001205835,0.00000765,0
,0,0.2,0,6,1,0.012887249,1760.362618684,0
Returning_Visitor,0,0.198914207,48.896661308,3,3,0,1164.712230177,1
New_Visitor,0.4,0.094926739,0,3,-7,0,330.540321632,0
Returning_Visitor,0,0.023814332,0,3,1,0.00029489,0.000007654,0
Returning_Visitor,0,0.07521945,0,2,-8,0.2,266.519086199,0
New_Visitor,0,0.011368118,0,3,3,0.002836093,542.688195119,0
,0,0.134081335,4.134125439,2,-8,0.090065552,402.81987554,0
Returning_Visitor,,0.02,0,2,-6,0,609.118562451,0
,0,,46.059436346,6,3,0,549.060582871,1
Returning_Visitor,0,0.019787195,0,2,2,0,0.00000766,0
Other,0,0.006292679,35.113236171,4,1,0,160.988216649,1
Returning_Visitor,0.2,0.075990439,0,2,-7,0.002569541,1291.106797651,0
Returning_Visitor,0,0,0,3,1,0.000348244,671.981562196,0
Returning_Visitor,0,0,22.98727815,4,2,0,813.0585065,1
Returning_Visitor,0,0.012717043,0,3,-6,0.046954823,483.495263416,0
Returning_Visitor,0,0.011114951,0,3,-5,0.07652836,340.070021498,0
,0,0.024169201,0,2,-6,0.1,631.335362486,0
Returning_Visitor,0.2,0,0,4,3,0.21051088,0.000007668,0
Returning_Visitor,0,0.08671512,54.952557534,,4,0.000000002,2819.086567042,1
Returning_Visitor,0,0.037858418,,5,1,0,370.622330122,0
New_Visitor,0,0.065746342,10.770053618,3,1,0.000000002,2308.680998072,0
New_Visitor,0,0.05,0,4,2,0.0038393,1613.182274285,0
New_Visitor,0,0.000043409,8.587399485,4,-5,0.000001774,1084.156340412,0
Returning_Visitor,0,0.045622478,0,2,2,0.000010434,1443.944703151,0
Returning_Visitor,0,0.05035426,2.893407422,1,-7,0.1,977.658240777,0
Returning_Visitor,0,0.049516012,0,2,1,0,199.447580155,0
Returning_Visitor,0,0.099841739,0,1,1,0.05,2157.457072199,0
Returning_Visitor,0.2,0.004031235,0,4,1,0.05976584,2153.08314181,0
Returning_Visitor,0,0.018281528,0,2,1,0.070077106,735.75584491,0
Returning_Visitor,0,0.004689101,0,2,-7,0.000774292,1095.73086473,0
Returning_Visitor,0,0.02798303,0,,1,0.000008053,1438.107375496,0
Returning_Visitor,0,0.048051089,0,9,3,0.00002944,186.807961248,0
Returning_Visitor,0.8,,0,2,4,0.05,1220.222732306,0
Returning_Visitor,0,0.001357399,80.89009936,6,-8,0.2,438.668034765,1
Returning_Visitor,0,0.006820319,43.622752403,2,1,0.003536901,226.471612932,0
New_Visitor,0,0.014628651,0,9,-7,0.000341028,743.450023892,0
Returning_Visitor,0,0.01,90.986751145,2,3,0.001190735,673.318381255,1
Returning_Visitor,0,0.00361719,0,7,4,0.000000003,3409.193745553,0
Returning_Visitor,0,0.165115058,0,1,1,0.000417272,100.05851187,0
Returning_Visitor,0,0.000767563,0,,1,0.2,1578.912106363,0
Returning_Visitor,0,0.126919014,,2,1,1.080213629,622.161981617,0
New_Visitor,0,0.073960327,0,1,1,0.00134518,324.81666636,0
New_Visitor,0,0.003076612,0,,3,0.000001695,554.528205874,0
New_Visitor,0,0.054807787,0,1,3,0.01,0.000007694,0
Returning_Visitor,0,0.015267272,0,5,1,0,786.762335587,0
New_Visitor,0,0.016215251,0,2,3,0.002002907,1088.080480798,0
New_Visitor,0.2,,0,3,1,0.002056723,0.000007697,0
New_Visitor,0,0.05,39.137909191,,-6,0,700.339793878,1
Returning_Visitor,0,0.019563025,0,2,3,0.002645607,1926.034222057,0
Returning_Visitor,0,0.130356222,49.556063855,,1,1.213331438,175.198019182,0
New_Visitor,0,0.00683775,0,3,-5,0.011909198,2060.53889704,0
Returning_Visitor,0,0.001099301,0,2,3,0.001330554,0.000007702,1
Returning_Visitor,0,0.025058593,0,2,1,0.000000223,1242.05861159,0
Returning_Visitor,0,0.01,17.035707647,1,3,0,1007.751657244,1
Returning_Visitor,0,0.020105873,0,,1,0.000186162,720.396242081,0
New_Visitor,0,0.031271117,0,1,3,0,2145.949832112,0
Returning_Visitor,0,0.000000879,0,1,-6,0.000030819,1140.536551058,0
Returning_Visitor,0,0.003063617,0,2,2,0,1588.993725777,0
Returning_Visitor,0,0.008434266,0,2,1,0,7520.915555081,1
Other,0,0.000445381,9.765155975,1,-7,0.000132771,632.409681077,0
Returning_Visitor,0,0.093710929,,2,4,0.000104021,1157.058383382,0
New_Visitor,0,0.001338677,0,1,1,0.003163548,337.507388622,0
Returning_Visitor,0,0.000000079,0,9,-7,0,2216.706452897,1
Other,0.2,0.010084574,,2,-8,-0.223683137,,0
Returning_Visitor,0,0.102998838,,2,1,0.010775153,83.354818065,0
Returning_Visitor,,0.002184381,0,3,1,0.010520822,379.973872307,0
Returning_Visitor,0,0.022703929,1.101523502,1,1,0.2,6956.985579914,0
Returning_Visitor,0,0.029927644,0,1,3,0.00001056,477.618429253,0
Returning_Visitor,0,0.002468349,0,1,4,0.01,417.631861685,0
Returning_Visitor,0,0.01447478,36.538081623,4,3,0.036627922,2176.739224117,1
New_Visitor,0.4,0.033412234,,2,1,0.000106533,1374.588029273,0
Returning_Visitor,,0.105175591,0,5,1,0.00570242,862.541073363,0
Returning_Visitor,,0.327440309,0,,-8,0.000617844,1597.434784145,0
Returning_Visitor,0,0.2,,1,4,0.025430452,0.000007724,0
Returning_Visitor,0,0.071751765,0,1,-7,0.041084144,1541.101175306,0
Returning_Visitor,0,0.00000321,16.19999524,4,3,0,2199.147408256,1
Returning_Visitor,0,0.1,0,,-8,0.000000647,1528.092437275,0
Returning_Visitor,0,0.081766134,0,4,2,0.05,1053.196615854,0
Returning_Visitor,0,0.103609024,0,1,-6,0.016211721,1579.695066102,0
Returning_Visitor,0,0.046258048,0,4,3,0,2377.434485981,0
Returning_Visitor,0.6,0.008434353,0,3,1,0.206780196,1215.634510518,0
Returning_Visitor,0,0.014051543,0,2,3,0.008215367,3468.240781793,0
,0,0.030195059,0,8,3,0.019916832,1632.344394293,0
Returning_Visitor,0,0.000677841,0,8,4,0,1945.030270064,0
Returning_Visitor,0,0.052701109,0,2,3,0.000189461,562.742916495,0
Returning_Visitor,0,0.000070351,21.794251803,,3,0.000000146,1309.373771072,1
Returning_Visitor,0,0.002771931,0,5,1,0.008504681,2658.631640579,0
New_Visitor,0,0.008108667,,6,-8,0.180018296,1197.742324575,0
Returning_Visitor,0,0.2,6.620580563,1,1,0.171527632,2054.994605553,0
New_Visitor,0,0.000000005,26.160356162,7,3,0,3569.022309945,1
Returning_Visitor,0,0.015446394,0,7,-6,0.001772246,4175.795500106,0
Returning_Visitor,0,0.188444407,0,1,-8,0.000718028,1338.159360776,0
New_Visitor,0,0.000237506,0,13,1,1.471589208,2145.190630097,1
New_Visitor,0,,14.7493012,6,-7,0,1211.046424234,1
Returning_Visitor,0,0.02,0,3,2,0.000608186,0.000007745,0
Returning_Visitor,0.2,0.007508932,0,2,-6,0.000016932,0.000007746,0
Returning_Visitor,0,,0,1,4,0.032852125,697.841456508,0
Returning_Visitor,,0.01726999,0,3,1,0.02,2050.126167957,0
New_Visitor,0,0.049391572,0,17,1,0.000147812,801.105643023,0
New_Visitor,0.4,0.106470148,0,2,-6,0.000932362,706.10838137,0
Returning_Visitor,0,0.05,0,3,3,0.01,1911.41620219,0
Returning_Visitor,0,0.000218593,5.033400318,2,3,0,248.347186026,1
Returning_Visitor,0,0.05,68.408407885,2,3,0.028560617,559.018154817,0
Returning_Visitor,0,0.000117526,80.792902856,9,1,0.195972441,1415.186301277,0
Returning_Visitor,0.2,0,2.829360057,2,1,0.011835932,2090.712138961,0
Returning_Visitor,,0.06490782,2.54450273,3,1,0,0.000007756,0
Returning_Visitor,1,0.016210771,10.027420806,2,2,0.000132492,196.946938006,0
,0,0.000170711,0,3,1,0.000000462,1595.64406961,0
Returning_Visitor,0.2,0.069973084,4.692982256,3,1,0,861.704455662,0
Returning_Visitor,0,0.056096605,0,2,-7,0.0034753,927.140641031,0
Other,1,0,0,2,1,0.000000003,2561.520785121,0
New_Visitor,0,0.08258263,0,1,3,0.00601133,3427.021951393,0
Returning_Visitor,0,0.000747123,0,2,-6,0,,0
New_Visitor,0,0.001202186,0,1,3,0,1978.887640695,1
Returning_Visitor,0,0.026412,0,1,1,-0.233801819,0.000007765,0
Returning_Visitor,0,0.057933828,8.212302915,8,2,0.011801597,450.994379038,0
,0,0.021812831,0,3,2,0.000119177,5538.785478075,0
New_Visitor,0.2,0.05,0,1,1,0.05,2890.287152314,0
Returning_Visitor,0,0.064854368,0,1,1,0.00007701,1002.242331905,0
Returning_Visitor,0,0.000000208,0,4,3,-0.228160755,124.574175803,1
Returning_Visitor,,,0,3,1,0.043388009,337.048454816,0
Other,0,0.141774485,0,2,1,0.031175021,1046.181483469,0
Returning_Visitor,0,0.119224094,0,2,1,0.004386442,1990.995215676,0
Returning_Visitor,0,0.068782333,0,1,4,0.000674106,1130.962686067,0
Returning_Visitor,0,0.001906471,0,7,1,0.000000019,1217.776655119,1
Returning_Visitor,0,0.029376128,0,5,-7,0,0.000007776,0
Returning_Visitor,0,0.02,0,1,1,0,0.000007777,0
Returning_Visitor,,0.001507705,12.923571651,1,-5,0,1841.67215827,0
Returning_Visitor,0,0.131824573,0,,3,0.01,1030.64225462,0
Returning_Visitor,0,0.028582861,0,4,1,0.008943956,742.9868667,0
Returning_Visitor,0,0.008675454,6.074160147,3,1,0.011035282,891.343343337,0
Returning_Visitor,0,0.060046691,7.369087116,9,1,0.000002765,307.122488004,0
Returning_Visitor,0.6,0.000183358,0,2,1,0,946.911507171,0
New_Visitor,0,0.000772323,0,2,1,0,558.631974087,0
Returning_Visitor,0.8,0.014287478,0,1,1,0.0243097,0.000007785,0
New_Visitor,0,0.047624405,16.021264892,2,3,0.006795949,1770.690654651,0
New_Visitor,0,0.054406804,3.804423291,3,-8,0.002429748,88.36326785,0
Returning_Visitor,,0.005868806,0,,2,0.026119462,58.429710412,0
Returning_Visitor,0,0.009401719,0,1,1,0.001163428,2687.071280702,0
Returning_Visitor,0.4,0.027356509,0,2,1,0,620.871446886,0
Returning_Visitor,0,0.00707182,15.547771465,,1,0.000002103,1908.553999516,0
Returning_Visitor,0,0.003607495,0,2,1,0.003250569,563.619655989,0
Returning_Visitor,0,0.00051925,0,4,3,0.000000046,,0
Returning_Visitor,0,0.026967467,0,1,-6,0,791.794205271,0
New_Visitor,0,0.004861527,17.420860574,4,4,0.02,928.256661498,1
Returning_Visitor,0,0.005205618,0,3,2,0.000000034,346.605420358,0
Returning_Visitor,0,0.000988801,2.737153816,1,-6,0.002724928,87.979339923,0
New_Visitor,0,0.022953914,0,10,3,0.25625903,434.398525546,0
Returning_Visitor,0,0.008742883,7.49534403,3,1,0.016498304,1002.993337297,0
Returning_Visitor,0,0.005722698,0,1,-6,0.001299767,633.167576299,0
Returning_Visitor,,0.15216039,0,1,1,0.000100328,375.348853199,0
New_Visitor,0,0.000655841,0,1,2,0.02253261,2698.689919583,0
Returning_Visitor,0,0.060723196,0,5,3,0.136873761,872.453708558,0
Returning_Visitor,0,0.131148071,0,5,3,0,249.616470535,0
Returning_Visitor,0,,0,3,-6,0.000510681,1221.43563746,0
Returning_Visitor,0,0.007581333,0,2,4,0.002648775,1245.712778128,0
Returning_Visitor,0,0.000181133,,1,-8,0,2100.507847117,1
New_Visitor,0,0.084721038,0,1,3,0,,0
Returning_Visitor,0.2,0.05,0,17,1,0.010180147,1789.191219656,0
New_Visitor,0,0.000742212,0,1,1,0.000256677,1365.319709838,0
Returning_Visitor,0,0.004625479,0,9,2,0.001484487,1018.344055334,0
Returning_Visitor,0,0.010292026,0,2,3,0.000262439,825.218793388,0
New_Visitor,0,0.011269582,0,4,2,0.000888012,2423.751972932,0
Returning_Visitor,0,0.007035038,0,2,1,0.000605458,461.836135185,0
,0,0.093080716,0,4,2,0.000966327,638.854520923,0
New_Visitor,,0.011667843,0,7,3,0.000002423,644.408174841,0
Returning_Visitor,0,0.000652127,,8,-6,0.000648923,90.820709788,0
New_Visitor,,0.011707885,0,1,1,1.167349983,1531.803284651,0
Returning_Visitor,0,0.197689167,0,4,-7,0.000001541,1292.465878242,0
Other,0,0.024370466,0,1,3,0.05,1871.039336565,0
Returning_Visitor,0,0.02,2.135211418,4,3,0.000311455,1193.926174157,0
Returning_Visitor,0,0.090044348,0,3,-8,0.009918369,501.386683527,0
Returning_Visitor,0,0.118633812,0,1,1,-0.070454737,0.000007823,0
New_Visitor,0,0.043767236,0,3,1,0.000221507,1822.816997935,0
Returning_Visitor,0,0.082122647,0,5,2,0.003492218,4600.433094197,0
,0,0.069122633,0,3,1,0,3733.476612263,1
Returning_Visitor,0,0.054983682,,2,1,0.1,0.000007827,0
Returning_Visitor,0,0.068293748,0,2,3,0,659.723320657,0
New_Visitor,0,0.005552959,0,3,2,0.00981591,173.137882791,0
Returning_Visitor,0,,0,13,2,0.000134565,1850.428446906,0
New_Visitor,0,0.002223646,0,3,-6,0,727.015972283,1
New_Visitor,0,,0,2,1,0.000862414,715.180386654,0
Returning_Visitor,0.6,0.044778977,0,2,-5,0.002838542,2107.47405056,0
New_Visitor,0,0.002413243,0,9,-5,0.075252299,717.765727238,0
Returning_Visitor,0,0.2,0,2,1,0.023678212,1176.57163184,0
Returning_Visitor,0,0,0,4,-6,0.055177682,3266.932768349,0
Returning_Visitor,0.8,0.060747703,0,2,3,0.002651793,1654.460239376,0
Returning_Visitor,0,0.081256163,0,5,1,0.007498519,4021.822578059,0
Returning_Visitor,0,0.053992703,,4,1,0.005868681,127.992595196,0
Returning_Visitor,0,0.000033197,35.732690518,2,4,0.000000232,0.00000784,1
New_Visitor,0.2,0.307371508,0,1,1,0.002513899,419.927787743,0
Returning_Visitor,0.4,0.072740371,6.562085351,19,1,0.000000423,1048.558366722,0
Returning_Visitor,0,0.009553079,0,1,1,0.001274907,264.624569201,0
New_Visitor,0,0.043587483,0,4,2,0,2309.059283802,1
Returning_Visitor,0,0.000001185,0,,1,1.499972437,498.916666499,0
Returning_Visitor,0,0.00973632,0,3,-7,0.000301149,0.000007846,0
Returning_Visitor,0.2,0.05,7.502016494,2,1,0.000444668,1001.761976428,1
Returning_Visitor,0,0.000134452,26.367648874,4,2,0.003764988,538.584990825,1
Returning_Visitor,0.2,0.046826859,0,2,1,0.021055848,1455.310047553,0
Returning_Visitor,0,0.210126639,34.882818437,2,1,0.05,278.842672105,0
Returning_Visitor,0,0.2,0,2,1,0,,0
New_Visitor,0,0.063372392,38.067871948,3,-6,0.000396889,3078.309491758,1
New_Visitor,0,0.070270503,,11,4,0.012682268,1514.170706022,0
Returning_Visitor,0,0.1,0,2,2,0.018868986,249.836933309,0
Returning_Visitor,0,0.022151573,0,6,-8,0.042262695,2167.021253523,1
Returning_Visitor,0,0.000000385,,4,3,-0.142372198,2332.622887224,1
Returning_Visitor,0,0.011188516,0,1,3,0.000018054,972.574549771,0
Returning_Visitor,,0.05,0,2,1,0.003299505,356.818192724,0
Returning_Visitor,0,,9.341458995,11,4,0.01,1955.944724719,0
Returning_Visitor,0,0.014092663,0,1,3,0.301609835,577.163291913,0
Returning_Visitor,0.6,0.020489387,0,2,-7,0.000000002,301.446597004,0
Returning_Visitor,0,0.2,0,3,1,0.092842625,1027.666913152,0
Returning_Visitor,0.2,0.041064139,0,3,2,0.000000002,2517.151512076,0
Returning_Visitor,0,0.03070925,0,3,1,0.1,5489.85801681,0
Returning_Visitor,0,0.019460265,0,2,1,0,,1
Returning_Visitor,0,,0,3,1,0,565.822986455,0
Returning_Visitor,0,0.175729446,0,1,1,0.000000001,1497.110246966,1
Returning_Visitor,0,0.01295176,0,2,2,1.320036698,1292.980937834,0
New_Visitor,0,0,0,3,2,0.000015953,642.525723275,0
Returning_Visitor,0,0.199308441,0,1,-6,0.02799175,203.966204822,0
Returning_Visitor,0,0.007533196,0,1,1,0.000353295,311.5727617,0
Returning_Visitor,,0.046541803,0,6,2,0.001544181,3527.623377163,0
Returning_Visitor,,0.015175037,8.08912576,4,-6,0.010620917,180.123228672,0
Returning_Visitor,0.8,0.118379948,0,4,2,0.000081448,257.69335088,0
Returning_Visitor,0,0.001130522,25.674000816,4,3,0,,1
Returning_Visitor,0,0.001696804,0,8,2,0,486.633954577,0
Returning_Visitor,0,0.000368744,16.819867473,3,-7,0,2912.623333978,1
Returning_Visitor,0,,0,2,-8,0.000000149,2044.859183875,0
,0,0.050510914,0,,3,0.042375364,179.489440367,0
Returning_Visitor,0,0.007202845,,3,1,0,2020.966821546,1
Returning_Visitor,0,0.168484776,0,3,-8,0.005121407,440.20672534,0
Returning_Visitor,0,0.043430637,,2,1,0.132364763,820.597741996,0
Returning_Visitor,0,0.030513355,0,1,3,0.000260342,4274.535214725,1
,0.6,0.005142021,,4,4,0.000014236,1751.650706519,0
Returning_Visitor,0,0.013823169,12.162384498,6,-5,0,483.687368504,1
New_Visitor,0,0.036190666,0,2,1,0.000010824,610.924008141,0
New_Visitor,0,0.045067973,0,5,1,0.000000107,554.352871729,0
Returning_Visitor,0,,1.323843021,3,1,0.000472098,1772.87659495,0
Returning_Visitor,0,0.078623116,0,8,1,0.021860705,2428.146076184,0
Returning_Visitor,0.4,0.000000493,0,7,3,0,1374.112530456,1
Returning_Visitor,0.8,0.014999536,0,6,-7,0,891.36715652,0
Returning_Visitor,0,0.004131635,16.772474762,2,2,0,2410.493126487,1
Returning_Visitor,0,0.039871083,0,3,1,0.000103512,399.267390375,0
New_Visitor,0,0.091754282,0,8,3,0,604.876280296,0
Returning_Visitor,0,0.013993762,0,1,1,0.000480331,1004.393871129,0
Returning_Visitor,0.4,0,0,3,-8,0,2424.889267406,0
New_Visitor,0,0.031529684,0,1,-9,0.00223905,0.000007897,0
New_Visitor,0,0.001120826,0,1,1,0.000039435,4662.495257398,0
Returning_Visitor,0,0.000104244,0,8,1,0.006623604,364.95142037,0
Returning_Visitor,0,0,0,2,3,0.000062927,835.248814259,0
New_Visitor,0,0.009152854,0,4,1,0.006195089,2639.839135912,0
Returning_Visitor,0,0.001168406,0,4,2,0.039948442,910.390453202,0
Returning_Visitor,0,0.05,0,5,2,0.000362888,1520.065655014,1
New_Visitor,0.4,0.06368743,3.373044052,1,1,0.000899059,144.347675863,0
Returning_Visitor,0,0.040054975,0,2,4,0.2,643.407942817,0
Returning_Visitor,0,0.00346267,0,4,1,0.000045132,1145.459437338,0
Returning_Visitor,0,0.000202762,0,2,2,0.012114667,1344.837162764,0
Returning_Visitor,0,0.010042828,70.322587071,3,1,0.004325767,1544.499302109,0
Returning_Visitor,0,0.010132433,0,1,1,0.001222773,1411.632334168,0
Returning_Visitor,0,0.304788554,31.772680703,4,3,0,532.701414135,0
Returning_Visitor,0,0.128984992,2.336727265,3,2,0,,1
Returning_Visitor,0,0.154299073,15.09836298,1,3,0,0.000007912,0
Returning_Visitor,0.2,0.003778373,1.363238543,1,2,0.01,294.349368997,0
Returning_Visitor,0,0.018501056,89.620474466,2,1,0.103032626,1504.542789964,0
New_Visitor,0,0.017442523,0,12,-6,0,1840.244259856,0
Returning_Visitor,0.6,0.015899252,94.234869674,7,3,0,1336.76421454,1
Returning_Visitor,0,0,13.82185622,4,-6,0.00031617,2013.316992424,1
Returning_Visitor,0,0.04742546,0,1,-8,0,1835.318982789,0
Returning_Visitor,1,0.037648206,0,13,1,0.000713569,809.899281223,0
New_Visitor,0,0.449551386,0,4,3,0,450.106642124,0
Returning_Visitor,0,0.154136972,0,2,1,1.037409288,340.705206023,0
New_Visitor,0,0.010862007,0,1,1,0.000474427,1378.822153298,0
Returning_Visitor,0,0.1,0,3,1,0,480.301037954,0
New_Visitor,0,0.024309196,0,10,1,0.01425278,1658.710110192,0
Returning_Visitor,0,0,0,10,-8,0,559.53786137,0
New_Visitor,0,0.077234859,0,7,1,0.002473656,993.37360423,0
Returning_Visitor,0,0.05,1.753649731,6,-6,0.1,1411.011197383,0
New_Visitor,0.8,0.034241198,0,2,4,0,3110.832957205,0
,0.2,0.028338933,0,2,1,0.00000022,1964.486326489,0
New_Visitor,0,0.001584943,0,1,1,0.02,2375.873665221,0
Returning_Visitor,0,0.022358913,0,4,1,0.01616026,,0
Returning_Visitor,0.6,0.199761197,38.752581263,3,1,0.000031998,163.925226216,0
New_Visitor,0,0.020175157,0,4,-8,0.000000008,1832.127990846,0
New_Visitor,0,0.131205491,0,3,2,0.000007038,1455.574130126,0
Returning_Visitor,0,0.004014754,0,1,2,0,1529.367807041,0
New_Visitor,0,0.173879276,0,4,1,0.000000169,258.982601366,0
Returning_Visitor,0.2,0.085354501,0,10,1,0.000004074,550.403310727,0
New_Visitor,0,0.007436594,0,4,1,0.009676583,,0
Returning_Visitor,,0.001709256,0,2,1,0.010013419,1020.633280958,0
New_Visitor,0,0.000588003,0,3,-6,0.178789232,921.425784588,0
Returning_Visitor,0,0.061430895,0,2,-6,0.000000208,1060.334709262,0
Returning_Visitor,0,0.002649218,0,3,-8,0.020160415,862.835497247,0
Returning_Visitor,0,0,0,7,3,0,1887.613093095,1
Returning_Visitor,,0.001116679,0,5,4,0.040393154,626.771662936,0
Returning_Visitor,0,0.007863427,0,3,2,0.011461285,396.050759893,0
New_Visitor,0,0.01360199,10.475873002,4,1,0,1010.922932295,0
New_Visitor,0.4,0.002554029,0,11,4,0.000045599,1129.313676468,0
Returning_Visitor,0,0.02674304,0,5,1,0,0.000007948,0
Returning_Visitor,0,0.006005619,0,9,4,0.000026575,412.935729097,0
Other,0,0.088061807,0,1,1,0.010623867,2089.527903335,0
Returning_Visitor,0,0.139103691,0,2,2,0.000000349,1595.397951936,0
,0.2,0.00585941,0,5,1,0.028736844,3038.791625791,0
Returning_Visitor,0,0.000553954,0,19,1,1.487331123,355.304663235,0
New_Visitor,0,0.000226174,0,5,-7,-0.186942218,1271.805546934,1
New_Visitor,0,0.065036805,24.958871004,1,-5,0,345.748423758,0
New_Visitor,0,0.012095902,0,,-5,0.012322146,0.000007956,0
Returning_Visitor,0.4,0.051422729,0,1,2,0.040696731,1298.213693119,0
Returning_Visitor,1,0.010508933,0,4,3,0.2250045,0.000007958,0
New_Visitor,0,0.189708676,0,5,1,0.043509542,918.503232058,0
New_Visitor,0,0.097045515,0,1,1,0,0.00000796,0
Returning_Visitor,0.6,0.006745475,0,,-6,0.000047742,1303.393403744,0
Returning_Visitor,0,0.191926712,0,3,3,0.02882044,861.534872225,0
New_Visitor,0,0.118690606,,5,3,0,831.6307235,0
New_Visitor,0,0.017387801,0,9,-8,0,908.985250067,0
Returning_Visitor,0,0.008530546,0,3,3,0.001402241,1781.264199033,0
Returning_Visitor,0,0.074735852,100.138750647,1,1,0.000019022,1429.324134169,1
Returning_Visitor,0,0.119188425,0,2,1,0,392.081345592,0
New_Visitor,0,0.02562163,49.751720319,3,3,0,2063.408654056,1
Returning_Visitor,0,0.000772114,0,1,-7,1.168596219,,0
Returning_Visitor,0,0.008000255,48.479543004,1,-7,0,4521.704398412,1
Returning_Visitor,0,0.025029415,0,3,1,0.005048499,622.503732372,0
,0.4,0.0007768,0,15,2,0.028767295,151.75479262,0
New_Visitor,0.2,0.035346222,0,2,1,0.007316076,2218.834703424,0
Returning_Visitor,0,0.02270207,6.666294855,2,-8,0,652.833805167,1
New_Visitor,0,0.050624479,0,3,1,0,575.160343854,0
Returning_Visitor,0,0.02,0,2,-7,0.026958609,1026.481292762,0
Returning_Visitor,,0.029585876,0,2,-5,0.00099469,24.374622815,0
New_Visitor,0,0.081619576,0,2,1,0.000011727,1389.464728073,0
New_Visitor,0,0.001032974,0,1,1,0.02,1160.831684835,0
Returning_Visitor,0,0.01,9.004919438,2,2,0.000002694,666.499627619,0
Returning_Visitor,0,0.001086319,0,4,1,0,,0
Returning_Visitor,,0.000040368,20.300049689,1,1,0.2,654.679984656,0
Returning_Visitor,0,0.078692665,0,2,-6,0,370.071713754,0
Returning_Visitor,0,0.042491384,0,4,1,0.1,1167.848062478,0
Returning_Visitor,0,0.002433033,,6,4,0.02,812.055059508,1
Returning_Visitor,0,0.070263227,0,,1,0.01,36.405726512,0
Returning_Visitor,0,0.158890822,0,1,1,0.000006557,149.303474267,0
New_Visitor,0,0.007386537,0,1,1,0.014233237,1181.641392105,0
Returning_Visitor,0,0.05,0,2,3,0.02,270.958073115,0
Returning_Visitor,0,0.251837588,0,4,1,0.083657173,1782.302464251,0
Returning_Visitor,0,0,0,7,1,0,3644.180912162,1
Returning_Visitor,0,0.002939295,0,1,1,0.007357915,585.234493687,0
New_Visitor,0,0.017332242,0,4,3,0,631.460159214,0
Returning_Visitor,0,0.012447031,15.026715404,3,1,0.00038803,247.74951814,0
Returning_Visitor,0,0.000000002,13.58780682,4,-6,0,2127.069223245,1
Returning_Visitor,0,0.00033544,0,,3,0.109110519,1765.928733449,1
Returning_Visitor,0,0.2,0,4,1,0.068398923,398.904975899,0
Returning_Visitor,0,0.153925589,0,2,1,0.011328506,2638.836072262,0
Returning_Visitor,0,0.077673195,0,14,-5,0.012259485,0.000007999,0
Returning_Visitor,0,,0,1,1,0.001826031,328.024992932,0
New_Visitor,0,,21.288403507,4,-7,0.018817937,1964.970194498,1
Returning_Visitor,0,0.18302023,0,2,3,0.004972121,744.782034258,0
Returning_Visitor,0,0.047753916,0,2,1,0.1,474.801293193,0
Returning_Visitor,0,0.006216088,0,6,1,0.030227502,0.000008004,0
Returning_Visitor,0,,0,1,1,0,634.566039758,0
Returning_Visitor,0.2,0.016612246,0,1,1,0.005784901,1162.630124691,0
Returning_Visitor,0.6,0.000331654,28.381428954,2,-6,0.01,1789.604119965,1
Returning_Visitor,0,0.039577403,0,3,2,0.001654298,784.910774303,0
Returning_Visitor,0,0.03510429,0,3,1,0.000059398,645.562503387,0
New_Visitor,0,0.003041899,0,2,1,0,563.714046257,0
Returning_Visitor,0.6,0.2,0,3,-6,0.000084529,2275.836393854,0
Returning_Visitor,0,0.00015093,0,6,3,0.039763418,2658.182168214,0
Returning_Visitor,0,0.026703361,0,3,-8,0.000386653,1079.994913261,0
Returning_Visitor,0,0.042906126,,2,2,0.009456671,459.015284042,0
Returning_Visitor,0.2,0.00961944,0,2,1,0,0.000008015,0
Returning_Visitor,0,0.15211841,0,2,-7,0.000216748,1137.032118648,0
New_Visitor,0,0.1,0,5,-6,0.018962449,234.675295332,0
New_Visitor,0,0.01499281,0,11,3,0.000437202,0.000008018,0
Returning_Visitor,0.2,0.010584746,0,10,1,0.05,1487.510993836,0
Other,0,0.001664353,,5,3,0,414.861492797,0
New_Visitor,0,0.035821476,,9,2,0.1,0.000008021,1
Returning_Visitor,0,0.052063737,0,1,4,0.000010931,0.000008022,0
Returning_Visitor,0,,0,1,-8,0.003551032,487.691625397,0
Returning_Visitor,0.2,0.097726953,0,12,3,0.000813627,577.148106367,0
New_Visitor,0,0.063439156,0,1,3,0.000009421,733.526172973,0
New_Visitor,0,0.070020344,0,1,1,0.1,996.55921921,0
Returning_Visitor,1,0.035438385,13.800572702,2,3,0.000055437,244.584851311,0
Returning_Visitor,0,0.33510472,2.015675791,16,4,0,923.225301456,0
New_Visitor,0,0.091358404,2.761250666,,1,0,1719.585362576,0
Returning_Visitor,,0.000763446,,2,2,0.000069146,1696.143268647,0
New_Visitor,0,0.002935573,0,3,1,0.000299347,524.766069661,0
Returning_Visitor,0.4,,0,4,1,0.168634767,0.000008032,0
Returning_Visitor,0,0.053757765,0,1,1,0.05,519.259557763,0
New_Visitor,0,0.01,0,2,1,0.00010419,1986.716060908,0
Returning_Visitor,0,0.063222903,26.982154603,2,3,0.02,,0
Returning_Visitor,0,0.2,0,3,4,0.029814739,1749.652961252,0
Returning_Visitor,0,0.1,0,3,1,0.020693676,1142.420051011,0
New_Visitor,0,0.019137791,24.775711159,3,3,0.11607025,1359.465171505,1
Returning_Visitor,0,0.009951366,80.914328858,3,-8,0,1463.768870191,1
Returning_Visitor,0,0.019118505,0,5,-5,0.000214339,0.00000804,0
Returning_Visitor,0.4,0.017558281,0,2,4,0,0.000008041,0
New_Visitor,0,0.006425584,0,2,1,0.02,144.319901332,0
Returning_Visitor,0,0.037202992,0,10,3,0.000139075,,0
Returning_Visitor,0,0.2,0,5,3,0.000101674,1163.303505995,0
Returning_Visitor,0,0.001044393,12.237418294,2,2,0.004772731,0.000008045,0
Returning_Visitor,0,0.020387032,0,9,-6,0.000021446,0.000008046,0
Returning_Visitor,0,0.02,0,8,1,0.010617739,,0
New_Visitor,0,0.05,0,11,3,0,1485.928770455,0
Returning_Visitor,0,0.003551174,4.206067001,6,1,0.115592568,197.649682411,0
Returning_Visitor,0,0.002685892,0,2,3,0.012556052,2785.371865402,0
New_Visitor,0.4,0.008227701,0,5,2,0.043767201,507.537137004,0
Returning_Visitor,0,0.102660762,0,2,3,0.000509759,2685.856066107,0
Returning_Visitor,0.8,0.240484556,0,1,1,0.004885411,628.130088828,0
Returning_Visitor,0,0.035349233,0,2,3,0.188900221,2185.084155626,0
Returning_Visitor,0,0.006723567,0,1,4,0.02,4424.030297321,0
Returning_Visitor,0.2,0.119952123,0,3,-7,0.000004009,910.360526368,1
Returning_Visitor,0.2,0.012147627,0,3,1,0.001242059,4348.2467956,0
Returning_Visitor,0,0.031319154,2.60982388,2,3,0.000916067,1397.018713507,0
New_Visitor,0.2,,0,2,1,0.006994808,749.151524115,0
Returning_Visitor,0,0.030237193,0,3,1,0.019956583,832.107725811,0
Returning_Visitor,0,0,0,8,4,0,,0
Returning_Visitor,,0.013375714,0,2,-7,0,2343.108123051,0
Returning_Visitor,0.2,0.058924429,0,2,1,1.204620874,78.17516294,0
Returning_Visitor,0,0.014290754,0,2,3,0.000149854,596.376289308,0
Returning_Visitor,,0.02,0,2,1,0,0.000008065,0
,0,0.000096859,0,2,4,0.012498979,487.921762799,0
Returning_Visitor,0.2,0.152691271,0,2,1,0.000390159,2137.844198702,0
Returning_Visitor,0.2,0.014708258,0,3,3,0,1765.420602421,0
Returning_Visitor,0.6,0.02295083,0,1,1,0.000076736,339.112514011,0
New_Visitor,0,0.000763322,0,8,-7,0.006040325,465.365162219,0
New_Visitor,0,0.203794512,0,5,1,0.000046292,644.65778783,0
New_Visitor,0,0.022738326,7.155343449,1,1,0.005331439,492.598794906,0
Returning_Visitor,0,0.086534546,0,14,-8,0.000705986,3008.578251919,0
Returning_Visitor,0,0.006790966,0,2,1,0.02,3281.058765011,0
New_Visitor,0,0.182682208,0,2,1,0.099424103,1928.975624892,0
Returning_Visitor,0,0.045140812,0,6,2,0.005204724,518.542948487,0
Returning_Visitor,0,0.040515378,,3,1,0.019792533,1260.937333111,0
,0,0.072678526,0,2,1,0.002533645,1342.073782946,0
New_Visitor,0.4,0.003113647,0,1,4,0.001955052,3422.315998137,0
Returning_Visitor,0.2,0.109067259,0,9,1,0.000360533,1218.420260924,0
Returning_Visitor,0,0.005973017,0,2,3,0.000145018,0.000008081,0
Returning_Visitor,0,0.010935432,10.703165072,12,1,0,485.409278851,1
New_Visitor,0,0.018083387,1.558264267,1,1,0.05,233.779212174,0
Returning_Visitor,0,0.005014292,0,3,-7,0.000254874,3520.803580969,0
Returning_Visitor,0,0.244117994,0,,-9,0.05,272.755959671,0
New_Visitor,0,0.021831516,,2,3,0.000000934,481.263876222,0
Returning_Visitor,0,0.095343554,0,13,-7,0.000759658,3542.729426593,0
Returning_Visitor,0.6,0.077360359,0,2,1,0.000060613,1774.395208236,0
Returning_Visitor,0,0.089408792,25.034362827,2,1,0.000226212,623.978011023,0
Returning_Visitor,0,0.130902693,0,6,2,0.05,448.047264124,0
Returning_Visitor,0,0.024520596,0,2,1,0.01,1682.572094208,0
Returning_Visitor,0,0.00324292,0,3,3,0.016871623,557.802992179,0
Returning_Visitor,0,0.006040777,0,1,3,-0.0696007,773.701632995,0
Returning_Visitor,0,0.001182459,,2,1,0.001827157,809.749489699,0
Returning_Visitor,0,,17.4625445,5,3,0,1992.06161984,1
Returning_Visitor,0,0.000738541,0,10,2,0,3402.383048335,1
Returning_Visitor,,0.000011019,0,2,4,0,6194.83299515,1
Returning_Visitor,0,0.000393088,2.478504166,5,1,0.060474738,332.814060825,0
Returning_Visitor,0,0.05,0,1,2,0.000129839,2303.885365545,0
Returning_Visitor,0,0.021414374,0,2,1,0.005572869,1155.044469014,0
Returning_Visitor,0,,3.702022115,4,1,0.013533842,697.36361561,0
Returning_Visitor,0,0.059545572,0,1,-5,0.019533922,1811.885031511,0
Returning_Visitor,0,0.020789722,0,4,4,0.008141389,1962.189027049,0
Returning_Visitor,0,0.089338498,0,3,1,0.000002209,222.22545504,0
Returning_Visitor,0,0.103666609,0,2,3,0.011819303,0.000008105,0
,0,0.025591968,39.432607263,1,1,0,2274.932011012,1
Returning_Visitor,0,0.014070911,124.597731007,2,3,0,3283.030575739,1
,0,0.112325974,0,4,1,0,562.696979912,0
Returning_Visitor,0,0.000278987,,2,1,0.02,539.279782026,0
Returning_Visitor,0,0,0,2,4,0,658.881280136,0
Other,0,0.088398298,10.22866875,12,2,0.000071197,2097.369976882,0
,0,0.000491259,0,4,3,0.04430273,,0
Returning_Visitor,0,0.000263661,0,2,2,0.01,79.257276631,0
Returning_Visitor,0.4,0.001398399,0,2,1,0.004061398,2915.620789893,0
Returning_Visitor,0,0.2,0,3,1,0.000031005,298.668293044,0
Returning_Visitor,0,0.01,0,5,1,0.009352864,2302.96411408,0
Returning_Visitor,0,0.001007921,0,,3,0,0.000008117,0
Returning_Visitor,,,0,2,1,-0.184513103,397.266757219,0
Returning_Visitor,0,0.061287519,0,3,4,0.000016415,0.000008119,0
Returning_Visitor,0,0.063742617,9.798410977,2,-6,0.019522939,2564.10790502,0
New_Visitor,0.2,0.002284705,0,4,-6,0.027132954,515.253656036,0
Returning_Visitor,0,0.02,0,2,3,0.019377721,1048.217675417,0
New_Visitor,0,0.039699164,7.901904109,2,-6,0.01,1087.50041058,0
Returning_Visitor,0,0.000002225,107.29595266,7,4,0,2931.802145822,1
Returning_Visitor,0,,0,3,1,0.2,266.38356033,0
Returning_Visitor,0.4,0.028603266,0,3,2,0,1227.830678672,0
Returning_Visitor,0,0.030479928,,3,-7,0.131989348,224.316151941,0
,0,0.021892655,,2,3,0.01,993.397034443,0
Returning_Visitor,0.2,0.110339678,2.105833297,2,1,0.017982526,553.181895478,0
Returning_Visitor,0.2,0.045507664,0,4,2,0,0.00000813,0
Returning_Visitor,0.4,0.15182589,0,3,1,0.030522603,1414.32737319,0
New_Visitor,0.4,0.05,12.241432863,5,2,0.000000186,2258.716138923,1
Returning_Visitor,0,0.002744288,0,2,-9,0.003309265,436.509052976,0
Returning_Visitor,0,0.011684613,0,1,2,0,1248.018703344,0
Returning_Visitor,0,0.000073476,84.618183925,3,2,0.02,1097.462865022,1
Returning_Visitor,0,,0,1,1,0.158554611,,0
New_Visitor,0,0.000025073,51.491986025,6,-6,0,644.619581419,1
Returning_Visitor,0,0.014630608,0,1,3,0.000017035,51.479118652,0
Returning_Visitor,0,0.004958915,0,2,1,0.058590589,452.77444428,0
Returning_Visitor,0,,,4,1,0.074233017,351.995753454,0
Returning_Visitor,0,,0,1,1,0.000021426,,0
New_Visitor,0,0.045764596,0,10,1,1.26086216,2049.756522675,0
Returning_Visitor,0,0.1645482,,2,1,0.02,696.532704153,0
Returning_Visitor,0,0.02,0,3,3,0,468.859062738,0
Returning_Visitor,0,0.002305191,0,2,3,0.01,1715.577560019,0
Returning_Visitor,,0.045981564,0,4,-8,0.001010483,1012.166226514,0
New_Visitor,0,0.091238301,0,8,-7,0.019862671,651.842903742,0
New_Visitor,0,0.018414061,0,1,3,0,1837.827233476,0
Returning_Visitor,1,0.112275862,,2,3,0.002673599,409.796620292,0
,0,0.010718004,6.138717669,2,3,0.003162715,,0
Returning_Visitor,0,0.0450991,0,2,-6,0.01,670.82192002,0
Returning_Visitor,0,,0,3,1,0.116188256,716.144452378,0
Returning_Visitor,0,0.1,0,3,3,0.053369017,823.290274895,0
New_Visitor,0,0.003624416,15.264670745,3,-6,0,938.221044621,0
Returning_Visitor,0,0.007812614,0,2,3,0,534.218523389,0
New_Visitor,0,,30.493280137,2,1,0.000119676,674.695496528,1
Returning_Visitor,0,0.1,0,2,-5,0.059613606,1069.891917296,0
New_Visitor,0,0.081165534,0,2,2,0.004520927,461.227058001,0
,0,0.006938123,0,3,-5,0.05,1009.519791524,0
Returning_Visitor,0.8,0.010041684,0,1,-5,0.000006529,0.00000816,0
Returning_Visitor,0,0.007875315,0,1,3,1.473625538,4279.384511704,0
New_Visitor,0,0.2,0,12,1,0.003874095,1146.994771843,0
Returning_Visitor,0,0.000325403,,1,-7,0,,1
New_Visitor,0.2,,0,10,-6,0.000265199,2255.472772018,0
Returning_Visitor,0,0.043024516,0,2,2,0.010112663,2016.228014581,0
Returning_Visitor,,0.008110032,6.365896909,2,1,1.190077886,1288.926710986,0
Returning_Visitor,0,0.000045809,109.532771776,3,3,0.00028275,2635.900737083,1
Returning_Visitor,0.4,0.035484773,0,2,-6,-0.215745003,514.052177553,0
,0,0.01144279,0,3,3,0.000072631,300.965734177,0
Returning_Visitor,0,0.06617573,0,5,-9,0.017207248,287.746367783,0
New_Visitor,0,0.021223153,5.616182004,2,1,0.000891876,579.759958701,0
Returning_Visitor,0,0.000176239,0,4,1,0,2426.640724368,0
New_Visitor,0,0.203621159,0,2,-6,0.007563292,633.729537704,0
New_Visitor,0,0.000000153,20.719634023,2,1,0,4153.765294507,1
New_Visitor,0,0.097073685,0,2,3,0.05,547.95321423,0
Returning_Visitor,0,0.019791396,0,2,-8,0.000000125,895.629144986,0
Returning_Visitor,0,0.041649343,0,3,1,0.000015428,116.871522669,0
New_Visitor,0,0.0048506,0,2,1,0.024758528,580.477326237,0
Returning_Visitor,,0.02496972,0,8,4,0.000905456,274.868511566,0
New_Visitor,0,0.057013917,19.896320245,8,-6,0,1160.344970013,1
New_Visitor,0,0.004680152,0,2,3,0.010913382,631.982935456,0
New_Visitor,0,0.03733185,9.549953845,1,1,0.000580187,1305.808090179,0
Returning_Visitor,0,0.2,3.565991865,1,1,0,563.397087515,0
Returning_Visitor,0,0.021543001,0,2,-6,0,275.698489128,0
Returning_Visitor,0,0.038201681,0,15,1,0,663.471893928,0
Other,0,0.028521158,0,4,1,0.003365599,945.331109582,0
Returning_Visitor,0,0.04734054,0,2,-6,0.014642731,588.843612362,0
New_Visitor,0.2,0.02,0,16,-7,0.000000006,1088.527227191,0
Returning_Visitor,0.2,,0,5,1,0.045725674,534.711515491,0
Returning_Visitor,0,0.03205176,0,,3,0.000925847,1823.61217103,0
Returning_Visitor,0,0.014133849,0,2,2,0.073404096,278.057159685,0
New_Visitor,0.4,0.02,0,2,1,0.000173445,0.000008192,0
Returning_Visitor,0,0.030820915,0,5,1,0.05,25.981064413,0
New_Visitor,0,0.03905005,0,9,-7,0.000042588,170.659152382,0
Returning_Visitor,0,0.004008641,,6,2,0.015133237,1588.594549756,0
Other,0.6,0.022159217,0,5,3,0.01739901,795.635782422,0
New_Visitor,,0.028187224,26.414298931,2,-7,0.00003474,1863.513512652,0
Returning_Visitor,0,0.10056081,0,1,2,0.024761728,1080.766219332,0
Returning_Visitor,0.2,0.1,0,2,3,0,,1
Returning_Visitor,0,0.0719529,0,3,2,0.2,735.061759214,0
Returning_Visitor,0,0.000552693,0,11,2,0.000000012,557.652489686,0
Returning_Visitor,0,0.022645117,0,7,3,0.000005093,835.364184718,0
Returning_Visitor,0.8,0.000099734,0,1,1,0.002673955,676.897664975,0
Returning_Visitor,0,0.019214366,0,11,1,0,0.000008204,0
New_Visitor,0,0.027537126,,,2,0.011363077,1369.377323427,0
New_Visitor,0,,0,3,1,0.001719144,1962.536308772,0
Returning_Visitor,0,0.033281726,8.990644654,3,3,0.030362574,669.432276097,0
Returning_Visitor,0,0,0,3,3,0.062353293,1167.174959711,0
Returning_Visitor,0.4,0.032287488,0,2,-8,0.000536159,363.744989915,0
Returning_Visitor,0,,4.084626509,3,-8,0.019692151,640.195826204,0
Returning_Visitor,0,0.012303849,0,3,1,1.177571722,1143.929531381,0
Returning_Visitor,0.2,0.018866593,,8,1,1.432543385,624.162758838,0
Returning_Visitor,0,0.000357339,0,1,1,0.00018724,617.253641086,0
Returning_Visitor,0,0.006153345,0,,1,0.000000725,397.644854619,0
Returning_Visitor,0,,0,2,1,0.020390369,546.92501755,0
Returning_Visitor,0,0.002360016,0,4,4,0,0.000008216,0
,0,0.054509797,0,1,2,0.02867604,660.044890143,0
Other,0,0.036146401,0,6,1,0.104735079,1731.191066092,0
,0,,26.379029955,2,2,0.000014369,2988.681689254,1
Returning_Visitor,0,0.05,0,5,-8,0.036176143,2317.330045342,0
Returning_Visitor,,0.016846255,5.290825294,9,1,0.05,1502.022663342,0
Returning_Visitor,0.8,0.076769408,0,,3,0.008915315,1654.528599891,0
New_Visitor,0,0.021708548,0,2,3,0.216155032,4815.646609339,0
Returning_Visitor,0.4,0.009204705,0,2,2,0,1143.958204461,0
New_Visitor,0,0.029781125,0,7,3,0,1144.215011638,0
Returning_Visitor,0,0.008214442,0,2,3,0.029337315,,0
Returning_Visitor,0,0.056427536,0,7,1,0.007703144,1410.224820676,0
Returning_Visitor,0,0.014944965,0,1,1,0.080303725,3625.139084054,0
Returning_Visitor,0,0.076256575,0,9,-6,0.005625634,1203.365124139,0
Returning_Visitor,0,0.015786598,11.595454586,4,3,0.001265751,248.210067005,0
Other,0,0.005404204,0,4,-8,0.016420966,182.635524029,0
New_Visitor,0,0.127243017,0,1,1,0.001143598,538.559446413,0
New_Visitor,0,0.043929022,0,15,-7,0.003405497,167.979747349,0
Returning_Visitor,0.2,0.01,11.677303736,1,3,0.064400959,1023.345265891,0
Returning_Visitor,0,0.096898251,0,1,4,0.000000003,446.44695589,0
Returning_Visitor,0,0.000078436,0,2,4,0.008682004,1487.13265436,0
Returning_Visitor,0,0.004191047,0,2,1,0,526.053020779,0
Returning_Visitor,0,0.010909392,0,2,1,0.315306277,,0
New_Visitor,0,0.2,0,8,3,0.015967235,2352.3061026,0
Returning_Visitor,,0.121928546,0,11,4,0.2,772.313654672,0
New_Visitor,0,0.000468173,88.084564626,1,1,0,1865.43358089,1
Returning_Visitor,0,0.00000001,0,1,1,0,3742.013594437,1
Returning_Visitor,0.2,0.193410286,0,5,1,0.008098387,1945.04659795,0
Returning_Visitor,0,0.029807049,0,4,-7,0,582.806280124,0
Returning_Visitor,,0.000056829,0,2,3,0.014198224,1992.7941875,0
Returning_Visitor,,0.000957364,0,2,1,0.02,1562.127960844,0
Returning_Visitor,0,0.000715279,49.352886269,6,4,0.000717681,1236.280853898,1
New_Visitor,0,0.000352944,0,2,4,0,0.000008248,0
Returning_Visitor,0,0.004452595,0,1,1,0.05,1781.934917596,0
Returning_Visitor,0,0.007458854,0,2,-8,0.005073608,322.96335624,0
Returning_Visitor,0,0.040161813,5.162495191,6,3,0.000007065,1188.389513124,0
Returning_Visitor,0,0.003546513,0,,3,0.024105738,,0
Returning_Visitor,0,0.039228473,53.333045048,4,-6,0.000163139,925.037869405,0
Returning_Visitor,0,0.061004188,0,2,3,0.002625687,1861.702270679,0
Returning_Visitor,0,0.004156801,0,6,1,0,1969.832330968,0
New_Visitor,,0.2,0,5,4,0.001553974,3631.246554705,0
New_Visitor,0,0.01638183,0,1,-8,0.000282758,1818.139512711,0
Returning_Visitor,0,0.03356105,,3,-6,0.001342599,153.524849266,0
Returning_Visitor,0,0.00577902,,2,1,0.020576129,,0
Returning_Visitor,0,0.013676569,6.865825602,5,-7,0.02332803,530.540491935,0
Returning_Visitor,0,0.046432153,0,4,2,0.0069381,1545.981821547,0
Returning_Visitor,0,0.000000064,14.751206208,1,-7,0.000625469,2416.882942399,1
Returning_Visitor,0,0.05,,13,3,0.000015434,,1
Returning_Visitor,0,0.0172941,8.614207984,2,3,0,681.492312558,0
Returning_Visitor,0.8,0.01276562,0,1,1,0.000000526,643.820531106,0
Returning_Visitor,0,0.000000048,0,17,1,0.000032146,198.327630594,0
Returning_Visitor,0,0.0006372,0,2,1,0.000023242,669.309939198,0
New_Visitor,0,0.000482133,31.150433618,2,1,0.000168919,776.415905808,1
Returning_Visitor,0,0.029100493,0,4,2,0.2,1618.179725128,0
Returning_Visitor,0,0.032201512,0,1,-6,0,682.897828884,0
New_Visitor,0,0.004232884,77.096779194,2,1,0.000000016,594.31428504,1
Returning_Visitor,0,0.032865983,0,1,1,0.099128053,596.131007945,0
Returning_Visitor,0,0.000343309,0,4,-7,0.018035256,3135.217549484,0
Returning_Visitor,0,0,0,3,1,0,0.000008274,0
Returning_Visitor,0,0.036405271,0,14,3,0.000132656,1210.160979962,0
Returning_Visitor,0,0.018547839,0,,1,0.004634185,1958.184188107,0
Returning_Visitor,0,0.056276328,0,1,3,0.00499649,1444.72744764,0
Returning_Visitor,0.2,0.042906479,0,3,1,0.000147257,1008.277055137,0
,0,0.032639799,0,19,1,0.073393412,1408.165435946,0
Other,0,0.076064812,0,3,3,0.001236667,1122.817613993,0
Returning_Visitor,0,0.000138693,154.120742682,7,1,0.00000013,694.664801581,1
Returning_Visitor,0,0.045978163,0,2,1,-0.0723681,811.175670743,0
Returning_Visitor,0,0.15132383,0,2,-7,0.000000359,1111.377968507,0
Returning_Visitor,0,0.037958399,0,6,-6,0,559.399359788,0
Returning_Visitor,0.2,0.007588736,0,2,3,0.010433819,560.290695741,0
Returning_Visitor,0,0.025409864,0,4,3,0.05,544.501888064,0
,0,0.05,0,3,3,0.001908405,1078.485901361,0
Returning_Visitor,0,0.011271956,0,3,1,0.00030402,1338.804085546,0
Returning_Visitor,0,0.000189628,0,4,1,0.05,279.647844869,0
Returning_Visitor,0,0,0,6,1,0.001845617,861.774465469,0
Returning_Visitor,0,0.005693603,0,3,1,0.000034699,0.000008291,0
Returning_Visitor,0,0.034109251,10.26000999,3,1,0.028158315,1219.772864452,0
New_Visitor,0,0.125931912,0,3,2,0.000014821,650.435574636,0
Returning_Visitor,0,0.050179572,9.609391009,1,1,0.003286986,579.584462527,0
Returning_Visitor,0,0.060199998,0,3,4,0,1395.781139475,0
New_Visitor,0,0.16007434,0,1,1,0.00001284,1424.522123291,0
Returning_Visitor,0,0,0,4,3,0.176748846,,0
Returning_Visitor,0,0.00171909,0,4,1,0.003217372,0.000008298,0
New_Visitor,0,0.022463722,0,2,1,0.042602462,0.000008299,0
New_Visitor,0,0.006302425,0,18,1,0.000561684,1266.708378731,0
Returning_Visitor,0,0.059106885,15.711277,13,2,0,2815.63507344,1
Returning_Visitor,0,0.026673547,0,2,3,0,0.000008302,0
Returning_Visitor,0,0.000000839,0,12,1,0.000000026,1108.296747285,0
Returning_Visitor,0,0.009311281,0,1,3,0.01162911,0.000008304,0
New_Visitor,0,0.000986656,0,1,4,0.000000028,3056.467152824,0
Returning_Visitor,0.2,0.105220656,0,1,2,0.000436864,673.881310786,0
Returning_Visitor,0.2,0.05,17.313335583,2,2,0,873.541669755,1
Returning_Visitor,0,0.146919352,0,2,-5,0.026351387,692.406231839,0
Returning_Visitor,0,0.100744075,0,3,4,1.190728929,346.653345372,0
Returning_Visitor,0,0.000112461,27.387340789,6,3,0.1,472.545073428,1
New_Visitor,,0.025478354,0.893487573,12,1,0.001921524,1256.115411904,0
Returning_Visitor,0,0.009739653,,5,1,0,1553.806281067,0
Returning_Visitor,0,0.01899362,,2,1,0,262.079418956,0
Returning_Visitor,0,0.078233356,0,3,4,0,0.000008314,0
New_Visitor,0,0.043839635,0,1,1,0.12839877,1981.961965862,0
Returning_Visitor,0,0.027259689,0,3,3,0.008555554,1266.762320349,0
Returning_Visitor,0,0.097234589,0,1,-5,-0.189541612,2092.237404716,0
Returning_Visitor,0,0.085237038,0,2,-5,0,1562.18188015,0
Returning_Visitor,0,0.124020685,0,1,-7,0.037065666,262.961046695,0
Returning_Visitor,0,0.010066987,0,2,1,0.000238899,177.196173963,0
Returning_Visitor,0,0.05,0,4,3,0.021038544,2985.45310857,0
Returning_Visitor,0,0.024186591,0,3,3,0.051632872,331.640954297,0
Returning_Visitor,0.2,0.000000487,20.212502878,13,1,1.19502701,0.000008323,1
New_Visitor,0,0.000005975,32.592378898,3,-7,0,,1
Returning_Visitor,0,0.096243343,0,11,-6,0.021778062,308.425335683,0
Returning_Visitor,0,0.140052348,120.047350237,2,1,0.000035095,1675.206603988,0
New_Visitor,0,0.054669036,0,3,3,0.003727818,570.961435687,0
New_Visitor,0.8,0.05,0,1,3,0,766.002286789,0
New_Visitor,0,0.000000347,27.959999423,2,4,0.1,4871.53650183,1
New_Visitor,0,,0,1,1,0.017911032,2773.96145689,0
Returning_Visitor,0,0.2,0,1,-7,0.000100104,946.743405964,0
Returning_Visitor,0,0.069790787,0,2,3,0.001998301,653.782709322,0
Returning_Visitor,0,0.034118227,0,6,-5,0.02,805.280266673,0
Returning_Visitor,0,0.033705806,0,1,2,0,655.769163041,0
Returning_Visitor,0,0.078682465,0,,3,0.000770555,0.000008335,0
New_Visitor,0,0.001303201,0,1,4,0.061765637,381.935410958,0
Returning_Visitor,0,0.055766109,12.046789444,2,-8,0.000000443,3156.209665046,0
Returning_Visitor,0,0.063008508,0,3,-7,0.01275578,406.249978659,0
Returning_Visitor,0.2,0.001728701,0,10,1,0,1019.074156645,0
Returning_Visitor,0.2,0.000261746,0,4,3,0,1364.901897097,0
Returning_Visitor,0.4,0,0,2,1,0.022078074,1338.098904651,0
Returning_Visitor,0,0.090832432,0,1,1,0.000276903,167.061677368,0
Returning_Visitor,0.4,0.005931363,0,2,1,0,1583.324732122,0
Returning_Visitor,0,0.101945535,0,1,3,0.02163381,781.59152695,0
Other,0,0.000195675,0,2,4,0.013557679,699.868894116,0
,0.2,0.050781847,9.419415142,12,3,0.004198321,,0
Returning_Visitor,0,,0,1,4,0,2238.210623302,0
,0,0.055367027,17.045276399,3,2,0.050697316,0.000008348,0
New_Visitor,0,0.063762133,0,1,-6,0.008893977,809.657621041,0
Returning_Visitor,0,0.009297662,0,6,1,0.02,1767.226245452,0
Returning_Visitor,0,0.052387815,0,1,1,0.01,235.979525382,0
Returning_Visitor,0,0.023569684,0,2,1,0.115078516,280.398110236,0
Returning_Visitor,0,0.032206605,0,2,3,0.039108325,,0
Returning_Visitor,0.4,,0,,1,0.012692604,648.206511814,0
Returning_Visitor,0,0.000409058,0,8,1,0,796.149684631,1
Returning_Visitor,0,0.000412799,0,6,3,0.02,269.312816567,0
Returning_Visitor,0,0.011796372,0,2,-6,0.01,2734.58368425,1
Returning_Visitor,0,0.139503089,0,3,1,0,,0
Returning_Visitor,0,0.011972929,0,1,3,0.012640585,1310.680409455,0
Returning_Visitor,0,0.118086923,0,2,3,0,2228.145442269,0
New_Visitor,0.2,0.04404074,0,2,1,0,1232.399563082,0
Returning_Visitor,0,0.006873559,0,3,4,0.00830969,2070.861226643,0
Returning_Visitor,0,,0,5,-8,1.192692716,367.568505561,0
Returning_Visitor,0,0.222099405,0,1,2,0.003249451,1829.950150134,0
New_Visitor,0,0.018407762,0,18,1,0,616.210249383,0
Returning_Visitor,0,0,0,,1,0.044234482,1540.819578514,0
Returning_Visitor,0,0.011149424,0,16,3,0.000524082,1999.498855763,1
Returning_Visitor,0,0.132003303,0,1,1,0,299.741330163,0
Returning_Visitor,0,0.034344319,8.16472216,4,-6,0.163406764,,0
Returning_Visitor,0.4,0.116100821,0,6,4,0.05,1504.388488657,0
Returning_Visitor,0.2,0.000392547,0,,-7,0.05,587.710873774,0
Returning_Visitor,0,0.016567632,0,10,1,0.023221937,782.150482878,0
Returning_Visitor,0,0.000233956,0,4,3,0,2171.073608026,0
Returning_Visitor,0,0.02977148,0,,-7,0.025805872,0.000008374,0
Returning_Visitor,0,0.093683525,0,2,3,0.028455463,530.214989297,0
Returning_Visitor,0,0.004143885,0,4,4,0,728.682767325,0
Returning_Visitor,0,0.028337585,182.646541636,2,1,1.175673367,804.057456506,1
Returning_Visitor,0,0,6.24095488,1,1,0.000374282,843.364918885,0
Returning_Visitor,0,0.056956941,0,2,1,0.111265766,1996.423755531,0
Returning_Visitor,0.8,0.00721951,2.309115163,2,2,1.226681089,2617.994784612,0
New_Visitor,0.4,0.030366629,0,1,2,0.038567138,2068.020666149,0
New_Visitor,0,0.030389092,7.652050858,3,1,0.01,921.973623962,0
Returning_Visitor,0,0.000766851,0,3,2,0.000354814,1535.827652895,0
Returning_Visitor,0,0.05,0,3,2,0.000518329,1008.356782582,0
Returning_Visitor,0.4,0.08013863,0,2,1,0.022698871,0.000008385,0
New_Visitor,0,0.023363917,0,2,2,0.000406921,1456.240854542,0
Returning_Visitor,0,0.028539395,6.374992266,3,3,-0.093231276,3504.68680813,0
Returning_Visitor,0,0.067722677,0,6,-8,0.00000041,0.000008388,0
Returning_Visitor,0,0.010813781,0,2,1,0.00000913,363.423283063,0
Returning_Visitor,0.2,0.05,0,3,2,1.078649947,734.828499405,0
New_Visitor,0,0.054168351,0,2,2,0.111034216,795.766612244,0
Returning_Visitor,0.6,0.198745661,0,2,-5,0.035356802,817.38505423,0
Returning_Visitor,0,0.141921823,0,3,3,0.000357578,878.824972811,0
Returning_Visitor,0,0.012666363,0,4,1,0.02,,0
Returning_Visitor,0.4,0.024807453,0,4,3,0.009772205,1538.906235975,0
Returning_Visitor,0,0.009819347,0,6,1,0.000166223,237.006339342,0
,0,0.000001057,0,2,-7,0,,1
New_Visitor,0.6,0.0074975,0,1,4,0.01,1762.581726655,0
Returning_Visitor,0,0.013822855,0,2,-6,0.000148347,0.000008399,0
Returning_Visitor,0,0.054635681,15.135988387,3,1,0.187934816,2359.611853486,0
Returning_Visitor,0,0.008182629,0,3,4,0.000000003,387.04994739,0
Returning_Visitor,0.2,0.00495287,2.16554275,3,3,0.184191654,3263.202579411,0
New_Visitor,0,0.021472937,0,7,1,0.108401464,169.635344169,0
Returning_Visitor,0,0.008673524,0,1,4,0.098986153,1230.590622052,0
Returning_Visitor,0,0.033857184,0,2,3,0.024764428,608.973452967,0
Returning_Visitor,0,0.027892082,0,2,3,0.000001533,940.150468167,0
Returning_Visitor,0,0.003606022,0,7,1,0.021358477,3480.95159285,1
Returning_Visitor,0,0.125353789,0,2,1,0.02,125.659611418,0
Returning_Visitor,0,0.043866975,0,1,4,0.001452927,696.472141891,0
Returning_Visitor,0,0.003408149,0,2,-5,0.010522679,1365.892579361,0
Returning_Visitor,0,0.028639332,0,3,1,0.000009318,176.830699522,0
New_Visitor,1,0.00000125,12.995728877,5,4,0,3279.817819814,1
Returning_Visitor,0.4,,0,6,3,0.013087978,932.151542815,0
New_Visitor,0,0.01,16.475719811,6,4,0,,1
Returning_Visitor,0,0.058582351,6.87372226,5,1,0.012461793,388.06516665,0
New_Visitor,0.4,0.054654887,0,1,3,0.007842309,1039.076397814,0
Returning_Visitor,0,0.001119489,31.547548137,2,1,1.224982999,1951.328250695,1
Returning_Visitor,0,,0,2,4,0.035247161,,0
Returning_Visitor,0.2,0.00804889,0,3,1,0.000002946,501.013439649,0
Returning_Visitor,0.4,0.005211826,0,3,4,0.012565561,1193.260095906,0
Returning_Visitor,0,0.062462765,4.388843419,6,4,0,2870.477044718,1
Returning_Visitor,0,0.051311555,0,5,2,0.02,2857.042606473,0
Returning_Visitor,0.2,0.091648321,5.492570311,2,1,0.002331943,341.826649544,0
Returning_Visitor,0,0.021553042,0,5,1,0.000087035,689.117596229,0
New_Visitor,0,0.024004368,0,2,-6,0.04441869,,0
Returning_Visitor,0,0.008202198,16.233220458,1,1,0.061019574,,0
Returning_Visitor,0,0.041660651,12.972568894,2,2,0,1899.081000789,1
New_Visitor,0,0.09199762,0,2,1,0.01,68.656428633,0
New_Visitor,0,0.069979088,0,2,3,0.000012123,707.725504073,0
Returning_Visitor,0,0.000047086,15.955431207,2,4,0,2357.772053981,1
New_Visitor,0,0.000000095,16.348661613,2,1,0,3012.276384184,1
Returning_Visitor,0,0.000726243,44.933769965,2,3,0.053984186,0.000008432,0
Returning_Visitor,0,,39.808914701,2,3,0.000000407,930.171894916,1
,0,0.031846603,0,1,-7,0,1095.168198561,0
Returning_Visitor,0.4,0.007556935,0,2,1,0.004279929,937.393988398,0
Returning_Visitor,0,0.067864366,0,5,-7,0.000023217,73.32906416,0
Returning_Visitor,0,0.000714752,0,3,1,0.002559413,692.381018667,0
Other,0,0.019015681,0,2,2,0.000039212,3835.053175813,0
New_Visitor,0.4,0.049492786,1.974026113,3,3,0.017085266,1912.744265161,0
Returning_Visitor,0,0.02,0,5,3,0.204557256,331.93028182,0
Returning_Visitor,0,0.089539771,0,2,1,0.016139032,1540.882559057,0
New_Visitor,,0.1,4.476105059,2,1,0.000000001,271.097685849,0
Returning_Visitor,0,0.037444241,0,6,1,0.01389327,2062.048232983,0
Returning_Visitor,0,,0,2,-6,0.035171311,1181.28508871,0
New_Visitor,0,0.099111919,74.501016993,3,1,0.023323221,1038.081205912,0
New_Visitor,,0.007379026,0,1,-8,0,1394.26262114,0
Returning_Visitor,0,,0,3,-6,0.024886191,607.264772724,0
Returning_Visitor,0,,0,2,-7,0.049136319,209.844543888,0
Returning_Visitor,0.8,0.088317832,38.05422687,3,1,0.100758583,0.000008449,0
New_Visitor,0,0,0,6,1,0,,0
,,0.103567681,0,11,3,0.1,839.292488048,0
Returning_Visitor,0,0.007833965,0,1,1,0.025348777,484.030148489,0
Returning_Visitor,0,0.000547493,0,2,-5,0.027826325,2109.816077822,0
Returning_Visitor,,0.150765125,0,15,3,0,2066.307727233,0
,0,0.008261451,0,6,1,0.001723687,1136.209286896,0
Returning_Visitor,0,0,24.175387489,1,2,0.004248461,,1
Returning_Visitor,0,0.002681727,0,4,4,0.090892834,919.449862814,0
Other,,0.128649012,0,3,4,0.00035364,,0
Returning_Visitor,0,0.053555733,12.471304454,2,-7,0.01,556.112007502,0
Returning_Visitor,0,0.008720789,0,2,4,0.01,598.868057725,0
Returning_Visitor,0,,30.206235382,16,1,0.00000509,,0
New_Visitor,0,0,0,16,1,0.033547583,409.96235815,0
Returning_Visitor,0.2,0.000205326,0,5,1,0.005782262,411.716346656,0
Returning_Visitor,0,0.127766406,,4,-7,0.072822486,255.910550216,0
Returning_Visitor,0,0.005052674,0,5,1,0.033727525,1531.584223685,0
Returning_Visitor,0,0.092365673,0,6,3,0.01,403.420829339,0
New_Visitor,0,0.2,0,3,1,0.013179865,,0
,0.4,,,2,1,0.004401907,563.948132443,0
Returning_Visitor,,0.01,0,4,4,0.001291841,930.476429227,0
Returning_Visitor,,0.189015817,0,8,1,0.000176549,234.178939429,0
Returning_Visitor,0.4,0.119874131,0,5,1,0.019590053,1677.675061625,0
Returning_Visitor,0,0.019144468,16.856795578,1,3,0,1806.870109964,1
Returning_Visitor,0,0.02,0,7,-6,0.008048127,61.988764582,0
Returning_Visitor,0,0.000013285,0,3,3,0,7084.092042287,1
Returning_Visitor,,0.036661239,67.117148219,5,1,0.003237282,627.66140288,1
Returning_Visitor,0,0.005528759,0,2,-7,0.006020271,936.417538851,0
Returning_Visitor,0,0.018275689,0,3,3,0.000000593,3271.400074775,0
Returning_Visitor,0,0.049167679,,3,1,0.003018579,464.12760686,0
New_Visitor,0,0.01471376,37.223852802,1,3,0,2159.05233252,1
,0.2,0.001304028,0,5,3,0.000815849,674.785105667,0
Returning_Visitor,0,0.004414438,0,2,1,0.001007174,89.348608523,0
New_Visitor,0.2,0.014586969,0,11,3,0.322828845,0.000008482,0
New_Visitor,0,0.053947128,0,3,-7,0.000897773,2659.803046088,0
,0.2,0.030789169,0,2,3,0.061533966,1911.424808704,0
Returning_Visitor,0.2,,0,4,1,0.01,1510.366959984,0
New_Visitor,0.4,0.012663636,0,2,-9,0.00132095,1160.454965826,0
Returning_Visitor,0.4,0.026933967,21.464039581,2,-6,0.000002504,1188.062530697,0
New_Visitor,0,0.119620482,0,1,-8,0.094898915,2010.194310331,0
New_Visitor,0,0.022838365,0,2,-6,0.01,905.562108296,0
Returning_Visitor,0,0.006357138,0,16,3,0,1168.560232288,0
Returning_Visitor,0.6,0.015289731,0,2,3,0.00093882,2901.203372712,0
Returning_Visitor,0,0.008893638,,2,3,0.01,542.290273362,0
Returning_Visitor,0,0.02,0,3,1,0.01241748,990.62397598,0
Returning_Visitor,0,0.001236886,34.346724375,2,1,0,4488.327567372,1
Returning_Visitor,0,0.039787344,0,2,1,0.016136599,296.499552712,0
Returning_Visitor,0,0.01,0,4,4,0.001531149,2264.690101643,0
Returning_Visitor,0,0.021132639,,3,4,0,1514.428215534,0
New_Visitor,0.6,0.215350953,0,2,1,-0.116529699,2756.908378087,0
Returning_Visitor,0,0.024348244,0,3,-8,0.029428826,146.647896144,0
New_Visitor,0.2,0.028609344,3.00078057,2,1,0.0000001,194.853734317,0
,0,0.000855957,14.989782655,4,3,0,,1
Returning_Visitor,0.2,0.01,0,5,3,0,1776.838763684,0
Returning_Visitor,1,0.001804798,0,1,3,0.006131966,2205.673508378,0
Returning_Visitor,0,0.034381115,0,12,1,0.041257128,1132.902772402,0
New_Visitor,0,0.05105975,,1,4,0,95.232115397,0
Returning_Visitor,0,0.02532646,0,1,1,0.01,2192.146795074,0
Returning_Visitor,0,0.007827845,25.202047657,1,2,0.018344876,723.011920049,1
Returning_Visitor,0,,0,3,4,0.000204563,226.753436362,0
New_Visitor,0,0.001956735,0,,-6,0.006798371,3420.362309354,0
New_Visitor,0.4,0.269283173,3.624769011,2,1,0.000929867,4221.772604264,0
New_Visitor,,0.015927139,32.410490894,,1,0.000471838,695.123633824,0
Returning_Visitor,0,0.1,0,2,4,0.002301226,839.636344466,0
Returning_Visitor,0,0.083702457,7.308565296,2,4,-0.238124442,748.622592451,0
Returning_Visitor,0,0.045579892,0,2,-5,0.00063214,1085.72898926,0
New_Visitor,0,0.006654322,0,2,1,0.067930995,435.915220537,0
Returning_Visitor,0,0.010794623,0,4,-7,0.1470593,0.000008516,0
Returning_Visitor,0,0.019520433,0,2,2,0.005408433,1493.390004872,0
Returning_Visitor,0,0.040237552,0,1,1,0.01,660.494961524,0
Returning_Visitor,0,0.1,67.2362174,2,4,0,3524.194712353,1
New_Visitor,0,0.1,7.488360365,2,1,0.003615251,181.096905195,0
Returning_Visitor,0,0.000586458,0,3,-8,0.000130647,1738.083322488,0
Returning_Visitor,0,0.064130728,0,3,1,0.036146705,0.000008522,0
Returning_Visitor,,0.087594641,0,13,1,1.36955336,801.759110347,0
New_Visitor,0,0.060216998,1.142703635,7,-7,0.000050999,672.409420753,0
New_Visitor,0.2,0.05,0,3,1,0.00143094,3054.940590162,0
Returning_Visitor,0,0.00386092,8.005514173,4,3,0,842.430891468,1
Returning_Visitor,0.4,0.01,0,1,1,0,376.085073436,0
Returning_Visitor,0,0.032966084,0,3,3,0.070754385,2495.366990601,0
Returning_Visitor,0,0.019554238,0,2,1,0.000168733,416.791896447,0
Returning_Visitor,0,0.02947361,0,2,2,0.107740322,554.909086685,0
Returning_Visitor,0,0.002145137,0,3,-6,0.000000001,190.593474448,0
Returning_Visitor,0,0.019848353,111.108609269,2,1,0.001043654,2853.671815626,1
Returning_Visitor,0,0.045552629,0,3,1,0.05,,0
Returning_Visitor,0,0.021213866,0,6,3,0.009869722,142.819406077,0
Other,0,0.001883739,0,2,-7,0.048942502,782.85553501,0
Returning_Visitor,0,,0,2,3,0.000000002,1223.959199011,0
Returning_Visitor,0,0.02,0,1,2,0.000533031,407.866308269,0
Returning_Visitor,0,,0,8,1,0.019229723,2589.164779569,1
Returning_Visitor,0,0.000953757,91.532545623,3,-8,0.000046374,2947.06402395,1
Returning_Visitor,0,0.000193027,0,3,1,0.000169701,,0
New_Visitor,0,0.07293639,0,5,3,0.000167786,846.913861098,0
New_Visitor,0,0.116015468,0,2,4,0.018857435,1390.113018129,0
Returning_Visitor,0,0.048743307,0,,3,0,315.534282434,0
Returning_Visitor,0,0.051571799,6.333214028,,-8,0.000000088,5164.867796289,0
Returning_Visitor,0,0.000286697,8.410073288,2,-7,0.003553078,650.890988956,0
Returning_Visitor,0,0.000075722,10.729264887,2,2,0,4646.465820477,1
New_Visitor,0.6,0.025289604,0,3,-9,0.01,1075.065681425,0
Returning_Visitor,0,0.027170261,0,1,1,0,491.03490963,0
Returning_Visitor,0.8,0.098288394,0,2,1,0.000264147,1051.021788789,0
Returning_Visitor,0,0.05,0,3,-8,0.055846415,92.211033209,0
Returning_Visitor,0,0.275447861,1.365652737,1,3,0.000940696,847.706796625,0
Returning_Visitor,0.6,0.046822764,0,1,1,0.020403903,922.216712157,0
Returning_Visitor,0,0.136288899,6.992844905,4,1,0.000463407,2491.698454925,1
Returning_Visitor,0,0.002845752,0,2,1,0.001674654,,0
New_Visitor,0,0.022496007,0,2,4,0.000149727,1147.111052123,0
Returning_Visitor,0,0.2,0,6,1,0.042619217,1022.777641373,0
Returning_Visitor,,0.058564909,0,4,3,0.026439434,362.952647776,0
Returning_Visitor,0.4,0.142435622,0,,4,0.022385842,6638.938388798,0
New_Visitor,0,,0,2,3,0.009995722,1375.26725435,0
Returning_Visitor,0.2,0.02986178,0,7,1,0.1,334.776286246,0
Returning_Visitor,0,0.04630597,0,1,-8,0.113365284,2684.950615896,0
Returning_Visitor,0,0.004478576,0,2,1,0.007700339,862.866047422,0
Returning_Visitor,0,0.02,0,3,3,0.005463357,2033.598247609,0
Returning_Visitor,0,0.07564333,0,2,-6,0.02,2561.362423432,0
New_Visitor,0.2,0.040709399,0,2,-7,0.006123753,456.809684175,0
New_Visitor,0,0.002181245,0,18,1,0.000001264,308.902982895,0
Returning_Visitor,0,0.2,0,1,4,0.000103749,1153.179302869,0
New_Visitor,0,0.000329079,11.236272536,4,-8,0.02,1680.327235361,0
Returning_Visitor,0,0.02,0,1,4,0.05,0.000008569,0
Returning_Visitor,0,0.01,26.636527687,1,1,0,125.135323005,0
New_Visitor,0.4,0.1,0,3,1,0.001706904,1365.273589568,0
Returning_Visitor,0,0.026126839,,2,1,0.05,3577.037866539,0
Returning_Visitor,0,0.117737745,0,12,-8,0,889.987059173,1
Returning_Visitor,0,0.048695826,0,4,4,0,1642.672971112,1
New_Visitor,0,0.001097065,21.682347986,1,-8,0.001900475,3920.892001087,1
Returning_Visitor,0,0.095289575,0,1,1,0.000053228,2475.281589456,0
Returning_Visitor,0,0.076171044,0,3,2,0.020198002,1540.285165951,0
Returning_Visitor,0,0.003206926,0,2,-5,0.000412228,,0
Returning_Visitor,0,0.028554193,0,2,-8,0.000000436,2138.801394505,0
Returning_Visitor,0,0.029590864,0,7,2,0.039518822,993.54183235,0
New_Visitor,0.2,0.000079344,0,1,2,0.035776379,1980.572258402,0
Returning_Visitor,0,0.000087469,0,1,4,0.2,1707.309381887,1
Returning_Visitor,0,0.05,0,9,1,0.002507198,1567.777758528,0
New_Visitor,0.8,0.001895211,0,1,-8,0.009923262,,0
New_Visitor,0,0.012309268,0,,3,0.000078635,,0
Returning_Visitor,0,,0,3,4,0.004068516,1440.9341672,0
Returning_Visitor,0,0.01,3.392693202,2,-5,0.075960628,646.971671729,0
Returning_Visitor,0,0.001549107,0,3,1,0.000005951,1598.700692844,0
Returning_Visitor,0,0.01,48.180322841,2,-8,0.000729081,1424.798069711,1
New_Visitor,0,0.007193099,,2,-7,0,,1
Returning_Visitor,0,,0,1,-6,0,1271.437004178,0
Returning_Visitor,0,0.009236099,0,3,2,0.00104506,0.000008592,0
,0,,0,2,-7,0.000556916,1278.763515294,0
Returning_Visitor,0,0.008833899,0,1,-7,0,555.358757529,1
Returning_Visitor,0,0.040965323,0,1,1,0.000295119,1453.492533459,0
Returning_Visitor,0,0.120362803,0,2,1,0.000022321,1572.750490568,1
New_Visitor,1,0.046371112,0,1,2,0.000013552,988.706360097,0
Returning_Visitor,0,0.026358071,22.663961088,1,4,0.010156918,0.000008598,0
New_Visitor,0,0.138858564,0,6,1,0.000015004,98.437980104,0
Returning_Visitor,0,0.000137521,0,2,-7,0.000000244,0.0000086,0
Returning_Visitor,0,0.2,0,6,3,0.006617856,712.462237455,0
Returning_Visitor,0,0.000024925,4.879118413,,3,0.000000706,1871.212209193,0
New_Visitor,0,0.02,19.055053834,5,1,0.012329349,0.000008603,0
Returning_Visitor,0,0.000664631,2.375101727,1,1,0.00000009,718.57272094,0
Returning_Visitor,0,0.000000006,31.835278473,5,-6,0.000000214,,1
New_Visitor,0,0.035529873,0,14,2,0.000535809,110.63125235,0
New_Visitor,0,0.008581863,0,2,-9,0.05211997,814.52943452,0
Returning_Visitor,0.2,0.04353474,0,9,1,0.000469337,0.000008608,0
Returning_Visitor,0,0.000327316,1.735879351,2,3,0.001300834,0.000008609,0
Returning_Visitor,0,0.135137159,0,1,-8,0.000000099,3548.911842436,1
New_Visitor,0,0.000235823,0,1,1,0,1623.209600464,1
Returning_Visitor,,0.004970214,27.648955131,2,4,0.042710102,675.993909187,0
Returning_Visitor,0,0.02,0,2,2,0.014522921,438.759778678,0
Returning_Visitor,0,0.007286566,0,2,3,0.000069629,1465.597955957,0
Returning_Visitor,0,0.036735142,0,2,1,-0.106735258,1589.926197125,0
Returning_Visitor,0,0.009350493,0,5,1,0.021094949,857.86643524,0
Returning_Visitor,0,0.027506288,,3,3,0.000140891,2944.522752073,0
Returning_Visitor,0.4,0.02,0,4,3,0.000125921,2614.880418034,0
Returning_Visitor,0,0.00879837,0,2,1,0.000216082,1638.251930686,0
Returning_Visitor,0,0.01,0,2,1,0.021037182,1220.162570588,0
Returning_Visitor,0,0.058498796,,1,-7,0,2870.429133029,0
New_Visitor,0,0.000298772,0,3,-7,0.000001545,222.950426631,0
Returning_Visitor,0,0.002027961,0,9,4,0.024339139,155.868557232,0
New_Visitor,0,0.001484099,0,1,-8,0.000000061,0.000008624,0
New_Visitor,0.2,0.001138329,0,1,3,0.021188794,1363.193588917,0
Returning_Visitor,0,0.000005547,25.586453346,3,3,0,2542.171427849,1
New_Visitor,0,0.004463414,0,1,-7,0.05,0.000008627,0
Returning_Visitor,0,0.003522654,11.23860655,6,3,0.000962137,1174.881653021,0
Returning_Visitor,0,0.02198036,0,8,2,0.022762917,1517.153255972,0
New_Visitor,0,0.02,0,4,3,0,3262.714221979,0
Returning_Visitor,0,0.065575377,0,2,1,0.003037985,2565.624130845,0
Returning_Visitor,0,0.125176723,0,4,1,0.008368108,873.635615838,0
Returning_Visitor,0,0.085257039,0,3,3,0.003275254,387.510602782,0
Returning_Visitor,0,0,0,3,1,0.086910667,2073.597206589,0
Returning_Visitor,0,0.048017494,0,4,-7,0.010077013,776.175784167,0
New_Visitor,0,0.069712913,,1,4,0.000125936,181.4720588,0
New_Visitor,0,0.038831109,58.444561454,4,1,0,1091.001664853,1
Returning_Visitor,0,0.000054632,106.270573161,5,1,0.000040033,2189.553643335,1
New_Visitor,0,0.004592225,0,11,1,0.01302375,788.814906905,0
New_Visitor,0,0.022220647,0,1,-5,0.000712747,,0
Returning_Visitor,0,0.028778538,75.587160561,7,-5,0,713.413505229,1
Returning_Visitor,0.4,0.006509335,0,2,1,0.003090412,810.472973758,0
Returning_Visitor,0,0.000015243,46.413216614,12,4,0.022877871,604.728088326,0
Returning_Visitor,0,0.2,0,4,1,0.14073397,665.888138241,0
Returning_Visitor,0,0.022466239,0,6,-8,0,806.252957938,0
New_Visitor,0,0.280956,0,3,4,0,1609.95468074,0
Returning_Visitor,0,0.00904281,0,8,1,0.000023911,343.707445032,0
Returning_Visitor,0,0.002964554,0,2,1,0.000726881,1343.197641474,0
Returning_Visitor,,0.053482016,0,3,3,0.000072233,193.86188296,0
Returning_Visitor,0,0.003997084,0,2,1,0.001285205,546.397961355,0
Returning_Visitor,0,0.000000009,0,5,1,0.055857674,1075.729174956,1
Returning_Visitor,0,0.084493926,0,1,-6,0.000002341,433.239248879,0
Returning_Visitor,0,0.05,0,1,2,0.000303451,0.000008653,0
Returning_Visitor,0,0.050879305,29.701018622,2,3,0,1776.0695349,1
New_Visitor,0,0.054973018,0,1,3,0.001461925,243.322285848,0
Returning_Visitor,0,0.297514681,,1,3,0.088931029,986.85675534,0
Returning_Visitor,0,0.2,0,1,1,0.000165661,2892.601019551,0
Returning_Visitor,0,0.006641274,0,1,1,0.010646061,1479.157369498,0
Returning_Visitor,0,0.079019088,2.270244994,3,1,0.185186513,,0
Returning_Visitor,0.6,0.02,113.834796057,1,3,0.01,768.110284862,0
Returning_Visitor,0,0.022717047,0,6,1,0.018088439,3539.434480909,0
Returning_Visitor,0,0.011458002,0,2,3,0.00684599,430.751827715,0
Returning_Visitor,0,,0,1,1,0,186.841441952,0
New_Visitor,0,0.001443809,0,14,4,0,2143.635627944,0
Returning_Visitor,0,0.007773864,0,3,-7,0.012600921,515.624567464,0
Returning_Visitor,0,0.07991542,0,4,3,0,2589.355041523,1
Returning_Visitor,0,0.002862642,5.391783323,1,3,0.018363933,375.994254585,0
Returning_Visitor,0.8,0.035888577,0,7,1,0.04824337,1115.365044582,0
Returning_Visitor,0,0.029738874,5.727405234,1,1,0.000000049,737.291944073,1
Returning_Visitor,0,,0,1,3,0,341.103347593,0
Returning_Visitor,0,0.03372508,0,5,2,0.034709479,1122.971068189,0
New_Visitor,0.4,0.037276531,0,5,-9,0,2978.398933311,0
New_Visitor,0,0.002536888,33.107610528,2,3,0.000058443,1867.23747747,1
Returning_Visitor,0,0.01,0,9,1,0.005150099,,0
Returning_Visitor,0.2,0.022721822,,4,1,0.05,0.000008675,0
Returning_Visitor,0,0.021369613,0,,3,0.000000069,1854.987658879,0
Returning_Visitor,0,0.009863137,0,4,3,0,78.746671051,0
New_Visitor,0,0.033308164,16.354585842,2,2,0.003366253,747.100125365,0
New_Visitor,0.6,0.022493717,0,3,2,0.001975308,674.979485516,0
Returning_Visitor,0,0.002189037,0,2,3,0.000000698,322.350366957,0
Returning_Visitor,,0.000010146,0,2,2,0.000000374,3535.634979681,0
Returning_Visitor,0,0.000001126,14.784227877,1,1,0.000009864,7515.012433204,1
New_Visitor,,0.040415861,,2,-5,0,1278.786533061,0
Returning_Visitor,0,0.042678566,0,14,2,0,914.342076747,0
Returning_Visitor,0,0.024209884,0,2,-6,0.053492985,336.591155457,0
Returning_Visitor,0,0.000927259,108.513013708,2,2,0.065052736,4166.914707471,1
Returning_Visitor,0,0.025248474,0,2,-7,0.000022832,2096.063420343,0
Returning_Visitor,0,,0,2,1,0.160433169,1947.594233384,0
Returning_Visitor,0.6,0.062448087,0,2,1,0.189801336,833.326898691,0
Returning_Visitor,0,0.008455099,0,3,3,0,5245.233873901,1
Returning_Visitor,0,,0,1,1,0.045367279,,0
New_Visitor,0,0.019623434,0,6,1,0.01,,0
Returning_Visitor,0,0.09497062,0,5,1,0.000000038,220.916874595,0
Returning_Visitor,0,0.008445451,0,1,1,0.002124157,707.874115453,0
Returning_Visitor,0.4,0.015628849,0,3,1,0.000076814,2126.426378141,0
Returning_Visitor,0,0.091123203,3.629758751,1,3,0.015075031,1220.794342283,0
Returning_Visitor,0.2,0.001472986,0,9,-8,1.462162836,0.000008697,0
Returning_Visitor,0,0.070859658,0,3,1,0.000526256,2620.462984061,0
Returning_Visitor,0,0.015529314,0,3,1,0.026298328,960.336270139,0
New_Visitor,0,0.101912906,0,7,1,0.134696681,378.002376459,0
New_Visitor,0.6,,10.78998138,4,2,1.068094267,0.000008701,0
,0,0.008835434,0,5,-5,0.000857501,2320.653864745,0
Returning_Visitor,0.2,0.022283572,0,2,1,0.000445412,2295.99813607,0
Returning_Visitor,1,,0,3,1,0.001917347,283.323581777,0
Returning_Visitor,0,0.000803136,0,4,1,0.027094562,1147.532057564,0
Returning_Visitor,0,0.003142679,0,2,3,0.000312048,620.93074902,0
Returning_Visitor,0.2,0.128188641,0,3,3,0.02,1353.82044915,0
Returning_Visitor,0,0.025438889,0,1,2,0.060956935,987.237492799,0
Returning_Visitor,0,0.003008846,0,,1,0.000005215,0.000008709,0
Returning_Visitor,0,0.03972488,4.710070347,2,1,0,753.887612582,0
Returning_Visitor,0,0.003214956,1.430813957,3,-6,0.006242763,614.811409353,0
Returning_Visitor,0,0.001486779,3.885855287,6,3,0.021616764,1063.952178592,0
Returning_Visitor,0,0.001766911,0,2,3,0.01,263.626485218,0
Returning_Visitor,0,0.177555866,0,2,3,0.000000006,704.266179783,0
Returning_Visitor,0,0.006155502,0,1,3,0.000000371,1836.948281371,0
Returning_Visitor,0,0.05,0,2,3,0.111563828,603.124755868,0
Returning_Visitor,0,0.144235566,0,2,-6,0,759.170904122,0
Returning_Visitor,0,0.013354931,0,3,4,0.008563437,564.75405173,0
New_Visitor,0,0.043803695,0,2,1,0,925.963153136,0
Returning_Visitor,0,0.038758736,0,3,1,0,486.879227051,0
New_Visitor,0.8,0.002684134,0,2,1,0,1070.651941753,0
Returning_Visitor,0,0.173216077,0,3,-6,0.003961605,0.000008722,0
New_Visitor,0,0.00473174,0,3,1,0.05,1032.792607946,0
New_Visitor,0,0.18641108,0,2,-8,0.000042144,1927.70058378,0
Returning_Visitor,0,0.015473316,0,1,2,0.123473964,776.751860061,0
Returning_Visitor,0,0.198293557,71.579881811,3,-7,0.000003393,608.522056974,1
Returning_Visitor,0,0.028765348,0,14,1,0,273.474100737,0
Returning_Visitor,0.6,0.003124581,0,5,2,0.021934867,969.416286021,0
New_Visitor,0,0.05,132.124510928,4,1,0,287.806484222,1
Returning_Visitor,0,0.07401656,0,,3,0.119190947,603.67376971,0
Returning_Visitor,0,0.013040212,0,4,1,0.000625301,643.719203073,0
Returning_Visitor,0,0.00885422,0,1,1,0.2,1064.238192942,0
Returning_Visitor,0,0.008782146,0,4,2,0.131724065,1091.283398104,0
Returning_Visitor,0,0.000493253,0,3,-7,0.073482135,1818.786951511,0
Returning_Visitor,0,0.170825465,0,5,1,0,669.04877123,0
Returning_Visitor,0,0.05,0,4,2,0.000042786,,0
Returning_Visitor,0,0.013774603,0,3,4,0.002249303,90.116067902,0
Returning_Visitor,0,0.02,10.127014042,2,-5,0.000549273,168.020760061,0
Returning_Visitor,0,0.170721138,0,5,4,0.047309055,2662.672934678,0
Returning_Visitor,0,0.007355357,0,1,-6,0.033227305,876.774953432,0
Returning_Visitor,0,0.190203634,0,1,2,0.000982959,253.552507264,0
Returning_Visitor,0,0.045210995,0,8,3,0.000429134,707.639672504,0
Returning_Visitor,0,0.000062658,0,2,3,0.000000032,2462.093598952,0
Returning_Visitor,0,0.003083805,2.445781394,3,1,0.008666974,1788.348980076,0
Returning_Visitor,0,0.029289803,0,1,1,0,,0
Returning_Visitor,,0.000013141,51.762993531,2,3,-0.091481903,687.185961955,1
Returning_Visitor,0,0.001970738,0,2,3,0.000427137,,0
Returning_Visitor,0,0.086013525,0,4,1,0.000234919,216.818715461,0
Returning_Visitor,0,0.047418266,0,16,1,0.000340882,652.224053833,0
Returning_Visitor,0,0.069469955,0,4,-8,0.027615138,831.621664516,0
Returning_Visitor,0,0.02,0,2,1,0.2,67.504509595,0
New_Visitor,0,,,,4,0.010132626,0.000008752,0
Returning_Visitor,0,0.057424616,0,3,3,0.043969173,,0
Returning_Visitor,0,0.049933572,0,2,3,0,4485.726855768,1
Returning_Visitor,0,0.1,0,4,-6,0.1,,0
Returning_Visitor,0,0.019960603,0,2,1,0.151681248,0.000008756,0
Returning_Visitor,0,0.02045214,0,3,1,0.011379513,519.888549139,0
Returning_Visitor,0,0.032647694,0,7,3,0.00022831,747.010115813,1
Returning_Visitor,0,0.050228663,0,8,1,0.000005373,208.826632139,0
Returning_Visitor,0,0.016491619,0,2,3,0,792.497032039,0
Returning_Visitor,0.8,0.2,4.402996841,4,-5,0.011611758,665.526619825,0
,0,,0,5,-6,0.015098683,2952.541522464,0
Returning_Visitor,0,0.010425683,0,2,3,0.116439407,687.010141357,0
Returning_Visitor,0,0.1,0,4,1,0.1,1907.291841182,0
Returning_Visitor,0,0.000081407,44.829257789,2,4,0.044281736,906.834922674,1
Returning_Visitor,0.4,0.107216687,5.970078513,6,3,0.000215284,552.870096826,0
Returning_Visitor,0,0.05,0,2,1,0.161066932,1816.347504946,0
Returning_Visitor,0,0.05,0,3,1,0.07589382,600.456256696,0
Returning_Visitor,0.6,0.060560972,6.642314296,3,3,0,1191.234363042,1
Returning_Visitor,0,0.031878262,0,3,2,0.021677597,,0
Returning_Visitor,0,0.015023474,,8,1,0.000006661,441.428996776,0
Returning_Visitor,0,,0,1,1,0,5311.489990154,0
Returning_Visitor,0,0.02265531,7.631626938,1,1,0.028412,1894.921805096,0
Returning_Visitor,0,0.058374215,0,4,1,0.111887538,818.94886328,0
New_Visitor,0,0.01200176,89.544499834,2,3,0,1045.879131045,1
Returning_Visitor,0,,0,2,-6,0.01,985.959720342,0
Returning_Visitor,0,0.170478367,0,1,3,0.02,1183.74221241,0
Returning_Visitor,0,0.014877687,0,2,4,0,802.405767216,0
New_Visitor,0,0.012950446,0,9,1,0.000938285,535.603381009,0
New_Visitor,0,0.094445864,0,2,3,0.005198496,2981.830854873,0
New_Visitor,0,0.02,0,4,2,0.001587538,1284.974436287,0
Returning_Visitor,0,0.22595441,0,2,1,0.015548132,2269.707716967,0
Returning_Visitor,0,0.071734301,0,2,1,0.003452221,4078.641510085,0
Returning_Visitor,0,0.011779323,0,3,-9,0.00081708,3304.560618816,0
Returning_Visitor,0,0.046651602,0,5,2,0.000449152,820.15116694,0
Returning_Visitor,0,,0,,4,0.02,222.072016371,0
Returning_Visitor,0,0.038449355,0,4,1,0.001959494,558.255134517,0
Returning_Visitor,0,0.001327568,0,1,4,0.01,131.946249688,0
Returning_Visitor,0,0.105925003,0,3,3,0.1,0.000008789,0
Returning_Visitor,0,,0,4,1,0.002455791,632.569024628,1
New_Visitor,0,0.008067824,0,8,3,0.000621358,1017.117377471,0
Returning_Visitor,0,0.003274209,0,15,3,0.006992715,2122.654212141,0
Returning_Visitor,0,0.1,0,1,1,0.004359592,1095.496486846,0
New_Visitor,0,0.001617246,0,1,3,0.01,1599.19391093,0
Returning_Visitor,0,0.005025167,0,6,-6,0.050257126,0.000008795,0
Returning_Visitor,0,0.05,15.060564649,3,1,0,238.920281092,1
Returning_Visitor,0,0.11109728,0,2,1,0.1,778.490666754,0
Returning_Visitor,0,0.038314733,0,11,3,0.067132848,2221.920994664,0
Returning_Visitor,0,0.071364562,0,6,1,0.05,1278.257798647,0
Returning_Visitor,0,0.1,0,2,1,0.050504697,957.409408656,0
Returning_Visitor,0.6,0.003363871,0,1,1,0.002847798,755.298403868,0
Returning_Visitor,,0.021133617,0,5,3,0.000000002,404.447346435,0
New_Visitor,0,0.1,0,10,-8,0.02344705,2492.468461984,0
Returning_Visitor,0,0.02,0,6,3,0.05,266.670153949,0
Returning_Visitor,0,0.11978637,0,3,1,0.000105463,0.000008805,0
Returning_Visitor,0,0.039197538,0,3,1,0.047047486,297.734552343,0
New_Visitor,0,0.059352,0,1,1,0.000116378,153.15961668,0
New_Visitor,0,0.069216098,0,3,1,0.14492585,662.281662545,0
New_Visitor,0,0.0178032,0,16,1,0.006857687,1192.769267478,0
Other,0,0.055211318,,5,-5,0.003835885,928.591340615,0
Returning_Visitor,0,0.000178486,,4,4,0.014231922,671.918006011,0
New_Visitor,0,0.014154759,0,1,1,0.029163991,4054.684826626,0
New_Visitor,0,0.039726564,0,1,1,0.000205853,468.264234013,0
Returning_Visitor,0,0.004199881,,1,2,0,2022.086777698,0
New_Visitor,0.4,0.006058261,0,4,3,1.358901259,1105.843148096,0
Returning_Visitor,0,0.07435328,0,5,1,0,868.702301133,0
Returning_Visitor,0,0.001235851,0,3,3,0.11719135,223.110866303,0
Returning_Visitor,0,,0,4,-9,0.00515442,0.000008818,0
Returning_Visitor,0,0.002140747,0,1,1,0.006267726,2858.628738059,0
Returning_Visitor,0,0,0,4,1,0.001216899,815.468336135,0
New_Visitor,0,0.042302768,0,1,3,0.00003291,428.351218292,0
Returning_Visitor,0,0.001045589,,6,4,0.000000001,1182.267134426,0
Returning_Visitor,,0.009448958,0,1,-7,0,1678.48271255,0
New_Visitor,0,0.005074994,0,2,1,0.000112234,254.974769206,0
Returning_Visitor,0,0.018342535,0,5,4,0.014785358,977.97398621,0
Returning_Visitor,0.4,0.02,0,5,3,0,0.000008826,0
Returning_Visitor,0,0.077977879,0,6,4,0.018933962,1728.879653766,0
New_Visitor,0.2,0.016379166,0,1,3,0.057185721,490.570312486,0
Returning_Visitor,0,0.005364254,0,2,3,0.02,568.469385946,0
Returning_Visitor,0,0.130682445,0,3,3,0.301343565,628.376587859,0
Returning_Visitor,0,0.118477758,0,2,4,0.2,1120.831257391,0
Returning_Visitor,0,0.01,0,1,3,0,1421.826525268,0
Returning_Visitor,0,0.006767159,0,7,3,0,0.000008833,0
Returning_Visitor,0,0.000284076,0,6,1,0,346.063401247,0
Returning_Visitor,0.2,0.008228394,0,4,-7,0.0001342,1084.67619987,0
Returning_Visitor,0,0.054530927,0,3,-7,0,2455.655878778,0
Returning_Visitor,0,0.003328047,,1,2,0.2,0.000008837,0
Returning_Visitor,0,0.001550896,0,2,2,0,,0
New_Visitor,0.2,0.0257303,0,,-6,0.05,1016.00816083,0
Returning_Visitor,0,0.006731075,0,2,-8,0.020137502,1975.844289181,0
Returning_Visitor,0,,0,2,-6,0,1054.197022292,0
Returning_Visitor,0,0.010151767,6.781632441,1,1,0,1121.267582558,0
Returning_Visitor,0.8,0.031065601,0,8,3,0.029675086,0.000008843,0
New_Visitor,0,0.115407602,0,2,-6,0.000475514,370.01475972,0
Returning_Visitor,0,,0,6,3,0.01,270.73080424,0
Returning_Visitor,1,0.008361554,0,12,1,0.006757481,1038.29021112,0
Returning_Visitor,0,0.017034155,0,4,-6,0,365.196054857,0
New_Visitor,0,0.052272715,0,6,1,0.02,0.000008848,0
Returning_Visitor,0,0.01772125,31.10190443,3,2,0.001730688,3986.107701708,1
Returning_Visitor,0,0.021743894,8.799553987,2,-8,0,1817.625460758,0
Returning_Visitor,0,,22.695007239,6,1,0.01,0.000008851,1
Returning_Visitor,0,0.005690396,0,6,-6,0.109791242,980.062050043,0
Returning_Visitor,0,0,0,2,1,0.008287111,542.420667823,0
Returning_Visitor,0.6,0.011704029,0,3,1,0.132416715,3613.34194809,0
Returning_Visitor,0,0.008109988,0,15,3,0.000000242,5193.935178029,1
Returning_Visitor,0.4,0.107660641,0,2,3,0.000000093,0.000008856,0
Returning_Visitor,0.2,0.003785378,0,1,3,0.000004635,265.600926725,0
Returning_Visitor,0,0.003268848,0,4,1,0.000111852,292.893449901,0
Returning_Visitor,0,0,0,4,-6,0.01,967.772394075,0
New_Visitor,0,,0,4,4,0.2,1496.137886334,0
New_Visitor,0,0.012062871,0,6,1,0.000000001,1613.915741949,1
Returning_Visitor,0,0.203971336,2.771409444,1,3,0.000672792,257.31554977,0
Returning_Visitor,0,0.003772092,0,13,1,1.19208596,701.010499783,0
Returning_Visitor,0,0.000505978,0,11,4,0.130311888,115.622471163,0
New_Visitor,,0.073180312,0,3,2,0.000566433,1524.77514876,0
Returning_Visitor,0,0.072067651,0,,3,0.053586637,924.229614794,0
Returning_Visitor,0,0.036730307,0,8,1,0,778.872912693,0
Returning_Visitor,0,0.049027382,0,2,-6,0,1894.794675608,0
New_Visitor,0.8,0.030511931,0,2,-7,0.002064449,1872.468992137,0
Returning_Visitor,0,0.021712554,,,4,0.01,1283.06587998,0
New_Visitor,0,0.002817109,0,1,1,0.0006179,153.890193386,0
Returning_Visitor,0.2,0.018602792,0,3,3,0.01,535.66768418,0
Returning_Visitor,0,0.005134629,0,3,-7,0.007240288,3535.454215866,0
New_Visitor,0,0.065524729,0,13,4,0.01,2233.366324688,0
Returning_Visitor,0,0.250940395,0,2,1,0.005441681,1144.518168357,0
Returning_Visitor,0,0.029065217,,1,-6,0.001280879,1680.683491959,0
New_Visitor,0,0.046301977,0,1,4,0,1880.082043307,0
Returning_Visitor,0,0.05,0,1,1,0.025368148,2560.698599274,0
Returning_Visitor,0,0.008484076,0,5,3,0,614.572664684,1
Returning_Visitor,0,0.000000003,0,3,3,0.000003232,5125.779057386,1
Returning_Visitor,0,,0,,4,0.034383283,0.000008881,1
Returning_Visitor,0,0,34.363107563,4,1,0,2306.664521916,1
Returning_Visitor,0,0.01,0,2,3,0.07326534,1553.821182367,0
Returning_Visitor,0,0.041677027,0,6,-6,0.037936303,0.000008884,0
Returning_Visitor,0,0.012742569,3.405260066,2,3,0.019692813,311.967608219,0
Returning_Visitor,0,0.012241145,8.090611881,2,2,0.02,935.580624673,0
New_Visitor,0,0.0597586,106.854602358,3,2,0.000000004,1824.936012088,1
New_Visitor,,0.020883512,9.918470726,4,-6,0.05,,0
Returning_Visitor,0,,0,2,1,0.000598528,247.819210432,0
Returning_Visitor,0,0.2,0,3,-6,0.198082709,1007.09649042,0
New_Visitor,0,0.02,5.617638162,2,3,0.186290491,968.213714965,0
Returning_Visitor,0,0.016484103,0,2,4,0.003877311,1745.262629657,0
Returning_Visitor,0,0,0,1,1,0.000912079,1885.841310485,0
Returning_Visitor,0,0.062352902,0,3,1,0.0000213,2204.354398401,0
New_Visitor,0,0.105910467,0,2,1,0.000510346,173.25283793,0
Returning_Visitor,0,0.193394066,12.086301902,1,1,0.000325337,1338.713810491,0
,0,0.06102068,25.745822853,1,3,0.000221657,,0
Returning_Visitor,0,0.014405852,0,2,-6,0.000000327,2352.798021212,0
New_Visitor,0.6,0.006306319,0,5,3,0.000456484,527.816694541,0
Returning_Visitor,0,0.01236094,,16,4,0.000000001,1177.196205393,0
Returning_Visitor,0,0.000000019,36.494152871,4,2,0.00726977,463.88371079,1
,0,0.055658358,0,,-8,0.034149965,1768.339569155,0
Returning_Visitor,0,0.020238368,0,,4,0.003799057,1208.97728684,0
Returning_Visitor,0,0.001759734,89.107938037,6,4,0,3741.806379339,1
Returning_Visitor,0,0.000242451,0,,3,0.058483279,376.962395551,0
Returning_Visitor,0.2,,0,2,1,0.000133136,983.425229876,0
Returning_Visitor,0.4,0.001066995,0,2,-8,0.000003502,2536.305994287,0
New_Visitor,0.2,0.1,0,2,1,0.089455125,6343.476399677,0
Returning_Visitor,0.6,0.017202263,0,1,3,0.000134741,0.000008909,0
New_Visitor,0,0.000291988,0,1,3,0.014854253,6107.4656578,0
New_Visitor,0,0.00515683,0,,3,0.02,2801.251483097,0
Returning_Visitor,0.2,0.008086918,0,1,1,0.082732073,570.449918653,0
Returning_Visitor,0.2,0.20550558,8.127707844,3,1,0.105798712,1516.754765035,0
Returning_Visitor,0,0.157913922,,3,3,0,1560.761397535,0
Returning_Visitor,0,0.005912918,0,5,1,0,228.928635754,0
Returning_Visitor,0,0.037302106,0,3,2,0.011810611,1583.778384052,0
New_Visitor,0,0.026152075,0,2,4,0.044171389,439.895572461,0
Returning_Visitor,0,0.022649126,0,2,3,0.041401765,944.933953929,0
Returning_Visitor,0,0,28.551510317,2,3,0,4085.779961038,1
Returning_Visitor,0,0.032934379,0,13,-6,0.062526311,131.715923362,0
Returning_Visitor,0,0.008309238,0,3,3,0.000701728,833.51611499,0
Returning_Visitor,0,0,0,2,1,0,2616.498206395,0
Returning_Visitor,0,0.000028926,0,2,1,0,510.36066086,1
Returning_Visitor,0,0.02,6.663787248,1,4,0.000005973,1138.691814145,1
New_Visitor,0,0.054972953,22.000322863,3,-6,0.000023175,5464.54846468,1
Returning_Visitor,0,0.020427671,23.168477302,6,2,0.031623275,140.789474961,0
Returning_Visitor,0,0.022484798,0,3,1,0.038680362,616.722513103,0
,0.4,0.144070323,125.682707248,,2,0.030791059,174.423939138,0
Returning_Visitor,0,,0,2,-7,0,814.071212885,1
Returning_Visitor,0,0.100383088,0,,4,0.000917741,1599.86497719,0
New_Visitor,0,0.075908298,0,9,3,0.000099418,87.902520443,0
Returning_Visitor,0,0.042823999,0,3,3,0.009922522,2028.65559361,0
New_Visitor,0,0.049744038,0,2,-7,0.016639254,4142.074680775,0
New_Visitor,0,0.01,0,2,1,0.001225504,498.320867462,0
Returning_Visitor,0,0.02,0,,3,0.000420803,1465.998161971,0
Returning_Visitor,0,0.130817598,0,3,3,0,0.000008936,0
Returning_Visitor,0,0.001786913,0,15,1,0.000191851,687.112562031,0
Returning_Visitor,0,0.110456652,0,3,-5,0,1405.553932722,0
,0,0.002948147,0,2,1,0.000003538,754.597315563,0
Returning_Visitor,0,0.10631774,,3,1,0.008141351,1308.458008919,0
Returning_Visitor,0,,0,2,2,0.000000142,1415.497506765,0
Returning_Visitor,0,0.012669723,0,2,2,0,1182.480661784,0
Returning_Visitor,0,0.000602142,0,2,2,0,149.414765913,1
Returning_Visitor,0,0.004924705,0,2,3,0.019155218,1305.116713344,0
Returning_Visitor,0,0.064509161,29.448470212,4,3,0,1527.435774666,0
Returning_Visitor,0,0.00870487,0,1,3,0.007428211,2001.667865581,0
Returning_Visitor,0,0.002982176,0,2,3,-0.152262899,700.530753676,0
Returning_Visitor,0,0.007438782,0,3,1,0.008540551,2257.787916535,0
Returning_Visitor,0,0.050782497,0,,-7,0.00006752,1252.127952873,0
Returning_Visitor,0,0.025413781,18.727662825,1,-6,0.00018853,1672.502473908,0
Returning_Visitor,0,0.020227277,0,2,1,0.034471652,1236.451797536,0
New_Visitor,0,0.000085698,61.338084437,5,-6,0,,1
Returning_Visitor,0.4,0.053522095,0,,3,0.086882362,1307.143464824,0
Returning_Visitor,,0.009751835,0,16,1,0.000018372,1865.056811369,0
Returning_Visitor,0,0.009609964,0,4,2,0.040528323,1500.170721762,0
Returning_Visitor,0,0.002160598,0,1,-6,0.016440477,1321.79204189,0
Returning_Visitor,0,0.05020346,0,,4,0.003614402,0.000008957,0
Returning_Visitor,0,0.107570247,0,12,1,0,,0
Returning_Visitor,0,0.000591185,0,3,4,0.133943546,460.183941953,0
Returning_Visitor,0.2,0.002344633,8.721428816,2,3,0,4446.908789202,1
Returning_Visitor,1,0.01,0,5,1,0,857.11954836,0
New_Visitor,0,0.116473233,0,10,-7,0,1639.601355045,0
Returning_Visitor,0,0.055575247,0,3,-8,0.095069332,1119.91565506,0
Returning_Visitor,0,0.109734868,0,1,2,0.05,1375.053522239,0
Returning_Visitor,,0.143169797,0,2,-7,0.000057872,1539.836703127,0
Returning_Visitor,0,0.04240203,0,1,1,0.068130086,,0
New_Visitor,0,0.03967747,0,1,2,0.002949406,866.519081218,0
Returning_Visitor,0,0.057436011,,2,3,0.010906035,532.508246557,0
Returning_Visitor,0,0.054222551,0,6,-8,0.084311305,1134.635646826,0
Returning_Visitor,0,,6.122328645,5,3,0.01,753.626564839,0
Returning_Visitor,0,0.234889459,0,3,1,0.040670069,764.523666489,0
Returning_Visitor,0,,0,1,2,0.008990911,896.530637157,0
,0,0.001863735,,1,-6,0.000000387,1115.431848187,0
Returning_Visitor,0,0.1,12.558156278,2,1,0,3277.506358,1
Returning_Visitor,0,0.008263172,0,16,3,0.000908088,795.750315855,0
,0,0.019051036,0,4,3,0.007034106,826.792959409,0
Returning_Visitor,0,0.002327582,0,2,1,0.014248386,2340.193043738,0
Returning_Visitor,0.4,0.000000825,0,,1,0.04382902,4225.003291165,1
Returning_Visitor,0,0.106349231,0,1,-8,0.000076625,1054.535927825,0
Returning_Visitor,,,0,3,4,0,1680.088171711,1
Returning_Visitor,0,0,0,3,1,0.002153596,705.13154004,0
Returning_Visitor,0.2,0.013748478,0,3,1,0.005480185,475.203510567,0
,0.2,0.001535986,0,1,1,0.147353266,321.822662157,0
Returning_Visitor,0,0,0,2,1,0.032237928,1744.694269581,0
Returning_Visitor,0,0.05,0,5,3,0.2,1975.559222829,0
Returning_Visitor,0,0.054726062,0,3,1,0.035638517,721.508743985,0
New_Visitor,0,0.034210537,0,1,4,0.000002579,301.805694444,0
New_Visitor,0,0.000003022,0,3,-5,0.139512514,1190.057586086,0
New_Visitor,,0.02,0,6,1,0.004260986,779.50852558,0
Returning_Visitor,0,0.064014547,0,2,1,0.1,2069.747621089,0
Returning_Visitor,0,,0,,1,0.068172579,446.215304166,0
Returning_Visitor,0,0.000009014,360.592048396,2,1,0.035849238,1029.092556834,1
Returning_Visitor,0,0.002419812,14.374940401,2,1,0.068282525,,0
Returning_Visitor,0,0.014969795,0,1,4,0,1052.92042084,0
Returning_Visitor,0,0.001189595,0,2,2,0,244.308699337,1
Returning_Visitor,0,0.001470471,0,2,4,0.05,1375.915472889,0
Returning_Visitor,0,0.029840037,0,5,3,0.061895763,1778.571167225,0
Returning_Visitor,,0.002802064,0,1,4,0.00103984,,0
New_Visitor,0,0.002486976,0,12,2,0.000000001,517.016472091,1
Returning_Visitor,0,,0,4,-6,0,548.277490414,0
New_Visitor,0,0.015333943,0,4,1,0.00000091,0.000009001,0
,0,0.001253816,,2,4,0.004657077,1848.920301946,0
Returning_Visitor,,0.009158377,0,3,3,0.000200662,1776.215693337,0
New_Visitor,0,0.2,0,2,1,0.00055311,197.948740817,0
New_Visitor,0,0,2.921151307,2,2,0.003116852,2273.796760743,0
New_Visitor,0,0.015216356,6.520916485,2,1,0.000001312,1306.735739875,1
Returning_Visitor,0.2,0.000515105,0,2,1,0.042569053,1341.822559296,0
New_Visitor,0,0.426039998,0,1,2,0.000209896,615.855719047,0
Returning_Visitor,0,0.061723955,16.190334052,3,1,0,3058.454385073,1
Returning_Visitor,0,0.00013406,,3,1,0.007297647,1084.258630349,0
Returning_Visitor,0.2,0.003704981,0,1,1,0.069473346,580.911227568,0
Returning_Visitor,0.4,0.035823145,0,6,-7,0,1764.097546865,0
Other,0,0.003770215,0,2,1,0.000001897,0.000009013,0
New_Visitor,0,0.047408906,0,2,-5,0.000300598,1415.521912179,0
Returning_Visitor,0,0.176541228,,4,-6,0.000151128,2301.667602688,0
Returning_Visitor,0.4,0.010471787,0,1,2,0.036582152,1940.088257282,0
Returning_Visitor,0.6,0.002142839,0,3,1,0.000010517,2256.138293205,0
New_Visitor,0,0.00056677,0,4,-6,0.001694761,2257.731603286,0
Other,0,0.083510205,7.299839226,2,-7,0.001716586,612.602455485,0
Returning_Visitor,0,0.00978844,0,2,1,0.003983274,1827.173739943,1
Returning_Visitor,0,,0,9,3,0.161351159,2897.856147841,0
New_Visitor,0,0.005135958,38.230412678,2,-8,0,,1
Returning_Visitor,0,0.00971419,0,3,-8,0.000651043,872.103341243,0
Returning_Visitor,0.6,,6.197820176,1,3,0.002125831,1432.134337067,0
Returning_Visitor,0.2,0.023873028,0,2,4,0.032207698,264.455575447,0
Returning_Visitor,0,0.184606364,0,2,3,0.000203318,1718.362787316,0
Returning_Visitor,0,0.1,0,11,4,0,,1
Returning_Visitor,0,0.002468858,0,,-8,0.005133107,2123.783278753,0
New_Visitor,0,0.000499732,52.921458496,7,1,0,2297.073671025,1
Returning_Visitor,0.8,0.094022671,0,6,-8,0.000000317,442.813531228,0
Returning_Visitor,0.2,0.075858345,0,,-8,0.020969449,816.913516782,0
Returning_Visitor,0.2,0.2,0,1,3,0.000000008,600.027776897,0
Returning_Visitor,0,0.000914605,0,2,1,0,3295.636764316,1
New_Visitor,0,0.009581554,0,2,3,0.027932971,2256.608738794,0
Returning_Visitor,0,0.000336634,13.086926215,2,2,0,515.722739235,0
Returning_Visitor,0,0.02282821,0,5,1,0.003036625,385.918594402,0
Other,0,0.001307064,0,7,3,0.021623373,3159.995950392,0
Returning_Visitor,,0.000984525,0,7,3,1.055640662,290.390166522,0
Returning_Visitor,0,0.026016197,0,1,1,0.092243773,1232.974136448,0
Returning_Visitor,0,0.032967595,3.98450557,3,3,0,1452.222965845,1
Returning_Visitor,0,0.028181769,0,2,3,0.13564793,880.6033497,0
Returning_Visitor,0,,,1,-8,0.004653893,1097.120984347,0
Returning_Visitor,0,0.070058517,24.493246553,2,1,0,852.301312252,0
Returning_Visitor,0,0.137484765,0,8,-6,0.000007355,584.884833345,0
Returning_Visitor,0,0.1,0,5,2,0,239.603478541,0
New_Visitor,0,0.000313883,0,13,-6,0.000000111,1803.112450822,1
Returning_Visitor,0,0.001087913,0,2,-8,0.018469344,2017.028827249,0
Returning_Visitor,,0.007681956,0,3,2,0.02,776.900912996,0
Returning_Visitor,0,0.002529576,0,2,1,0.005043203,546.200061992,0
Returning_Visitor,0,0.085671252,0,6,1,0.004456313,1279.77008441,0
Returning_Visitor,0,0.062027841,0,9,-6,0,1190.100647449,1
Returning_Visitor,0,0.002011682,0,1,-5,0.032249637,704.577132577,0
Returning_Visitor,0,0.1,36.399299477,4,3,0.031413023,428.903531219,1
New_Visitor,0,0.098007456,0,2,1,0.015826023,2758.088104337,0
Returning_Visitor,0,0.065932946,14.273199999,3,-6,0.01,1339.858556384,1
Returning_Visitor,0,0.02601223,0,3,1,0.008223843,595.899597394,0
Returning_Visitor,,0,0,7,1,0.04439647,3225.532135195,0
Returning_Visitor,0.4,0.02,0,1,3,0.000648971,813.645488012,0
Returning_Visitor,0,0.052926185,0,6,3,0.000001543,344.927537034,0
Returning_Visitor,0,0.043310396,7.204383654,,4,0.00003087,1267.718531795,0
Returning_Visitor,0,0.011078588,0,1,1,0.001499276,855.429429405,0
,0,0,48.184403124,3,1,0,462.130830379,1
Returning_Visitor,,0.044419167,0,1,1,0.004736993,1639.603241718,0
Returning_Visitor,0,0.002539507,0,3,-7,0,376.499318164,0
Returning_Visitor,,0.099887029,0,10,2,0.105157787,5702.391338185,0
Returning_Visitor,0,0.039569489,0,4,-7,0.004620669,2116.38160454,0
Returning_Visitor,0,0.169018193,9.798482627,2,3,0.008530515,0.000009067,0
Returning_Visitor,0,0.100783244,79.252201622,1,3,0,3548.471769021,1
Returning_Visitor,0,0.293922289,0,2,1,0.005552929,,0
Returning_Visitor,0,0.03399086,14.697954624,3,2,0.000505282,433.430423635,0
Returning_Visitor,0.6,0.023210388,0,2,1,0.0014394,1437.817329444,0
Returning_Visitor,0,0,28.970583091,3,2,0,2015.732780813,1
Returning_Visitor,0,0.065112071,0,4,2,0.016658187,1725.820687855,0
Returning_Visitor,0,0.014200628,30.437955321,1,1,0.000521933,789.574854205,1
New_Visitor,0.8,0.000367371,0,3,1,0.009565566,172.255614575,0
Returning_Visitor,0,0.00144597,0,,3,0.079405317,951.204648795,0
Returning_Visitor,0,0.000331384,0,3,3,0.08480154,0.000009077,0
New_Visitor,0,0.049010873,0,20,-6,0.000000177,1709.472967224,0
Returning_Visitor,0,0.001831145,62.176255686,2,1,0.000000062,1004.373738859,1
New_Visitor,0,0.003640925,0,1,1,0.04108775,4273.03922686,0
Returning_Visitor,,0.013193955,0,3,3,0.000001481,1987.223673134,0
Returning_Visitor,0,0.154289141,0,13,1,0,1258.94046927,0
Returning_Visitor,0,0.001376273,0,1,2,0.110567096,1192.330147001,0
Returning_Visitor,0,0.021955396,0,2,-6,0.02,2264.210993147,0
Returning_Visitor,0,0.058113536,0,13,1,0.067743781,443.745321249,0
Returning_Visitor,0,0.008209321,20.829546769,1,2,0.013359767,1549.824606112,0
Returning_Visitor,0.4,0.01,0,2,1,0.060344309,2435.429243793,0
Returning_Visitor,0.6,0.015847267,0,7,3,0,541.611992235,0
Returning_Visitor,0,0.029658915,0,2,2,0.1,151.337523474,0
Returning_Visitor,0,0.01,0,4,-6,0.015536583,1264.731782813,0
Returning_Visitor,0,0.20127988,0,1,1,0.01,793.994956916,0
New_Visitor,0,0.012457659,0.957644875,2,3,0.048993055,817.971705084,0
Returning_Visitor,0,0.005847723,0,3,1,0.000001117,558.350681964,0
New_Visitor,0,0.054188637,11.926106811,5,3,0,753.275608179,0
Returning_Visitor,0,0.137004775,0,,3,0.00231932,424.15154037,0
Other,0,0.001018729,0,1,2,0.1,765.818248843,0
Returning_Visitor,0,0.098181741,0,2,4,0.010311114,783.168668892,0
Returning_Visitor,0,0.064390735,0,2,3,0.05,262.359205093,0
Returning_Visitor,0,0.000018422,1.208403006,1,4,0.000462058,0.000009099,0
Returning_Visitor,0,0.153097245,0,4,-6,0.030868153,2173.357551432,0
Returning_Visitor,0,0.000155028,12.918075839,3,3,0,1077.410611324,1
Other,0,0.280392785,0,6,3,0.02,1214.977486012,0
New_Visitor,0.2,0.04157908,0,1,-8,0.007463843,,0
Returning_Visitor,0,0.00000479,57.081026756,10,3,-0.156034852,1157.207916707,1
Returning_Visitor,0,0.004749766,11.960392841,3,3,0,301.052878763,0
Returning_Visitor,,0.134256477,0,7,3,0.001981836,982.01496047,0
Returning_Visitor,0,0.000000166,26.58671132,2,3,0.00403864,944.412017042,1
,0.4,0.1,,2,1,0.05,812.889715135,0
Other,,0.001470272,0,1,1,0,2654.934000445,0
Returning_Visitor,,,0,1,3,0.005595574,368.550959849,0
New_Visitor,0.6,0.084846492,0,3,1,0.009114813,1420.079817128,0
Returning_Visitor,0,0.008563682,7.92070793,2,4,0.030886469,1776.182795889,0
Returning_Visitor,0,0.098421716,0,1,1,0.012827389,760.373024378,0
New_Visitor,0,0.026981911,0,8,-5,0.047381643,1699.851313678,0
New_Visitor,0,0.006527941,17.159495219,2,1,0,3391.087950343,1
Returning_Visitor,0,0.1,,1,-6,0.136758972,2657.429764106,0
Returning_Visitor,0,0.008433348,9.31525534,15,3,0.000000197,1204.952695027,1
Returning_Visitor,,0.037333246,3.305480476,2,1,0.044824461,0.000009118,0
Returning_Visitor,0,0.207558595,0,7,4,0.001473471,540.716216061,0
New_Visitor,0,0.046229686,0,3,1,0.035692489,2080.544219223,0
Returning_Visitor,0,0.1,0,1,3,0,0.000009121,0
Returning_Visitor,0,0.2,0,5,1,0.02694582,473.638746713,0
Returning_Visitor,0,,24.588911385,2,4,0.000020752,,1
Returning_Visitor,0,0.00000005,0,,1,1.42642228,5200.738669219,1
Returning_Visitor,0,0.2,101.876142714,3,4,-0.024911508,549.231279143,1
Returning_Visitor,0,0.000008634,0,7,1,0.004700734,592.956261069,0
Returning_Visitor,0,0.028138969,0,5,1,-0.068359608,4599.732051496,0
Other,0,,0,1,4,0.001396184,434.440075819,0
Returning_Visitor,0,0.103955243,0,4,3,0.025756153,874.206954064,0
New_Visitor,0,0.000037379,12.225380146,10,1,0.012073235,1368.17851052,0
Returning_Visitor,0,0.1,0,6,-8,0.000036288,985.844068256,0
Returning_Visitor,0,,0,3,-8,0.000000315,1937.271674513,1
Returning_Visitor,0,0.073209437,0,2,2,0.000040408,2023.268536277,0
,0.2,0.024131018,0,1,4,0.000000382,973.543186296,0
Returning_Visitor,0,0.00533716,,2,1,0.005730373,354.553219981,0
Returning_Visitor,0,0.044492163,0,2,3,0.000017174,2326.19236821,0
Returning_Visitor,0,0.05,0,2,1,0.000014765,1002.184729411,0
Returning_Visitor,0,0.016090298,0,3,1,0,418.935599639,0
Returning_Visitor,0.4,0.1,0,2,3,0.01,1539.643801589,0
New_Visitor,0.2,0.090589171,0,2,2,0.087176378,1105.931683979,0
New_Visitor,0,0,0,1,1,0,37.962891339,0
,0.8,0.01,0,1,-8,0.014071263,1319.652049647,0
,,0.05,0,2,-8,0.025059602,2621.258803364,0
Returning_Visitor,,0.298105476,0,4,3,0.2,181.080503015,0
Returning_Visitor,,0.002532084,0,2,4,0.01,3942.005037464,0
New_Visitor,0.8,,0,9,1,0.000027323,323.752105667,0
Returning_Visitor,0,0.000087202,0,1,2,0.1,949.637885946,0
Returning_Visitor,0,0.000908375,0,4,3,0.010338226,912.360713007,0
Returning_Visitor,0,0.003139825,6.999273325,1,1,0.003570252,266.543188314,0
Returning_Visitor,0,0.001633605,0,3,4,0.02,3348.22858205,0
Returning_Visitor,0,0.003649422,0,1,2,0.00885729,0.000009151,0
Returning_Visitor,0.2,0.015030583,0,3,1,0,1498.816220988,0
,0.2,0.004327701,0,2,1,0.00031286,1515.73614128,0
Returning_Visitor,0,0.000514796,,2,1,0.005184771,372.530111102,0
Other,0,,0,2,-7,0.063071791,,0
Returning_Visitor,0,,0,3,2,0.01,3897.804832676,1
Returning_Visitor,0,0.0064948,,1,-8,0.082643877,0.000009157,0
New_Visitor,0,0.00129874,0,5,1,-0.073618119,0.000009158,0
Returning_Visitor,0,0.10786754,0,11,1,0.01,378.256615191,0
Returning_Visitor,0,0.005319702,19.615851202,3,-6,0,1961.985053149,0
Returning_Visitor,0,0.000415976,21.645257336,2,-7,0,729.131473669,1
New_Visitor,0.2,0.017921321,0,5,-8,0.094431577,1727.316938784,0
,0,0,0,6,1,0.01,181.269595207,0
Returning_Visitor,0,0.000572434,38.032090708,2,3,0.000000014,2037.601184787,1
Returning_Visitor,,0.000000729,19.027246439,5,3,0,2032.309730975,1
Returning_Visitor,0,0.001979492,0,2,1,0,1056.839589613,0
Returning_Visitor,0,0.02,0,12,-8,0,156.513108496,1
Returning_Visitor,0,,20.93834255,2,1,-0.025015394,1807.997243107,1
Returning_Visitor,0,0.001209005,0,4,1,0.089258432,511.861389387,0
New_Visitor,0,0.060874678,0,4,1,0.000075561,555.686781459,0
Returning_Visitor,0.2,0.03872588,27.295594047,2,-7,0.002009808,408.005448556,0
New_Visitor,0,0.025944114,13.188410949,2,-7,0.001762898,814.467438835,0
New_Visitor,0,,0,13,3,0.000901077,70.334817459,0
,0,0.01234781,0,3,1,0.001117529,2355.546637953,0
Returning_Visitor,0,0.053607307,0,4,3,0.000000001,335.874443633,0
Returning_Visitor,0,0.000627934,0,2,1,0.006324466,1539.273127205,0
Returning_Visitor,0,0.001031652,0,3,1,0,1644.373893032,0
Returning_Visitor,0,0.139904756,0,,2,0.000006307,1416.344669891,0
New_Visitor,0,0.035112422,0,6,4,0.00317482,1920.011713873,0
Returning_Visitor,0,0.191140588,0,8,1,0.01,169.506868925,0
Returning_Visitor,0,0.00081217,0,7,1,0.00009981,765.015883843,0
Returning_Visitor,0,0.000000002,6.50085429,6,1,0.000000041,,1
Returning_Visitor,0,0.055332099,0,3,2,0.05,1704.856085178,0
Returning_Visitor,0,0.0377849,0,2,1,0,178.55116167,0
New_Visitor,0,0.016000942,0,3,1,0.035969509,2598.346775738,0
Returning_Visitor,0,0.004035994,0,,-6,0.000838778,346.613104261,0
Returning_Visitor,,0.010275156,0,2,1,1.422701892,1068.284769538,0
Returning_Visitor,0,0.003397332,,1,2,0.01,653.855780374,0
New_Visitor,0,0.000138132,37.337099417,2,4,0,2117.507761971,1
Returning_Visitor,0.6,0.03523921,1.758307828,4,1,0.002315826,380.266690348,0
Returning_Visitor,0.4,0.078960908,0,3,-6,0.1,796.04723751,0
Returning_Visitor,0,0.2,0,10,4,0.031002582,1396.939615563,0
Returning_Visitor,0,0.2,0,2,4,0,689.042621142,0
Returning_Visitor,0,0.079140229,0,2,3,0.000728814,332.330359956,0
Returning_Visitor,0,,,2,2,0.02,0.000009195,0
Returning_Visitor,0.8,0.001070911,6.167778176,2,-6,0.05,2112.23084048,0
Returning_Visitor,0.2,0.001973539,0,3,3,0.000055836,1177.193762962,0
Returning_Visitor,0.2,0.044883411,0,3,3,0.000450277,266.104674488,0
Returning_Visitor,0.8,0.017918618,,6,1,0.002512424,1563.507218884,0
,0,0.006204978,7.960574841,1,3,0,1886.698255499,1
Returning_Visitor,0,0.070076713,0,5,-6,0.000000298,312.513131154,0
New_Visitor,0,0.120986827,20.30478447,3,2,0.000899976,656.434568242,1
New_Visitor,0,0.05331436,0,2,3,0,831.247384482,0
Returning_Visitor,0,0.007569087,0,6,3,0,1244.03180605,1
Returning_Visitor,0,0.115978991,0,3,3,0.033036574,902.238640216,0
New_Visitor,0,0.17912082,13.263945423,6,1,0,,1
Returning_Visitor,0,0.109747686,0,,3,0.00013537,301.498339253,0
Other,0,0.120121589,0,3,3,0.006368821,334.916399314,0
Returning_Visitor,0.2,,0,1,2,0.000000022,0.000009209,0
Returning_Visitor,0,0.296289004,3.887786588,11,1,0.004871346,2211.15567003,0
Returning_Visitor,0,0.031595199,0,5,1,0.02,240.703677904,0
Returning_Visitor,0,0.049677785,,2,1,0.046255276,2022.175364686,0
Returning_Visitor,0,0,38.743466888,4,-5,0.000005974,3792.410318937,1
Returning_Visitor,0,0.005410052,0,2,-6,0.000000082,2587.661873319,0
Returning_Visitor,,0.007041336,0,1,2,0.003545234,134.174547437,0
Returning_Visitor,0,,4.740984884,4,3,0.04709325,1190.833234602,0
Returning_Visitor,0.2,0.151515202,0,4,3,0.030448892,1375.845901679,0
Returning_Visitor,0,0.009724969,41.623362469,16,1,0.000000953,271.439160214,1
New_Visitor,0,0.006073412,0,4,1,0.001432706,2654.886605624,0
Returning_Visitor,0,0.04083005,0,3,-6,0,1406.265552936,0
Returning_Visitor,0,0.124012188,0,2,-8,0.000001163,610.87966958,0
Returning_Visitor,0,0.096536417,0,2,3,0.058552289,732.334808503,0
New_Visitor,0,0.000001194,62.352210915,3,3,0.000000214,2283.990080896,1
Returning_Visitor,0,0.1,0,2,-8,0.02,4147.144105015,0
Returning_Visitor,0,0.084247141,0,1,1,0.00008235,1109.843378035,0
Returning_Visitor,0,0.020180766,0,1,1,0.037853335,210.303672457,0
Returning_Visitor,0,0.000114873,0.985857768,10,1,0.009380843,1052.879002816,0
Returning_Visitor,0,0.064608442,0,4,4,0.000000001,588.316615545,1
Returning_Visitor,0,0.000983285,0,2,1,0.00452086,685.672193029,0
Other,0,0.350067844,0,4,1,0.126712131,236.525131805,0
Returning_Visitor,0,0.041449423,0,2,2,0,1408.497622139,0
Returning_Visitor,0,0.004467143,19.227017339,1,1,0.01,1281.060172619,0
Returning_Visitor,,0.000234938,0,1,1,0.00029221,1199.021560367,0
Returning_Visitor,0,0.004133172,0,2,2,0.001042946,826.664051864,0
,0,0.023421366,0,4,1,0.000807332,1039.772062426,0
New_Visitor,0,0.00542069,0,1,1,0.000000002,,0
Returning_Visitor,0.6,0.011070588,0,1,-5,0.057350608,1302.259385747,0
Returning_Visitor,0,0.00887689,0,3,1,0.008567472,231.126319055,0
New_Visitor,0.2,0.00518412,29.734537887,1,3,0.05,2630.134218494,0
Returning_Visitor,0,0.000794513,8.278306152,4,1,0.01394683,635.944494967,0
New_Visitor,0,0.00119176,0,3,1,0.013421754,314.024763422,0
Returning_Visitor,0,0.000014512,10.80155845,2,1,0.001370481,801.813001136,1
New_Visitor,0,0.00775259,0,7,3,0.05,,1
Returning_Visitor,0,0.049755543,22.665857682,3,1,0.000000001,2239.04172293,1
Returning_Visitor,0,0.022132069,31.4609237,2,3,0.1,0.000009245,0
Returning_Visitor,0,0.092784217,0,3,3,0.051106212,186.872255465,0
Returning_Visitor,0,0.011350659,0,2,2,0.02,740.887491535,0
New_Visitor,0,0.000406974,1.160178312,9,-7,0.027914144,1479.931026616,0
Returning_Visitor,0,0.031872651,2.654397666,1,1,0.000116664,1035.745663331,0
Returning_Visitor,0,0.000077029,17.931422446,2,1,0.000133785,2744.450516882,1
Returning_Visitor,0,0.022026521,19.836289763,2,3,0.000000027,4173.421831115,1
,0,0.034721588,,2,1,0.001606072,1348.600819573,0
New_Visitor,0,0.00411873,0,10,1,0.07559088,1033.534477714,0
Returning_Visitor,0,0.000515166,0,,2,0.012162752,110.19480526,0
Returning_Visitor,0.2,0.004268914,0,10,2,0.08270255,,0
,0,0.011009605,0,2,1,0.000291362,0.000009256,0
Returning_Visitor,0,0.01,0,5,-7,0.001597465,0.000009257,0
Returning_Visitor,0,0.084714096,0,1,-6,0.244158018,2013.913964092,0
Returning_Visitor,0,0.000150406,0,4,1,0.00070743,763.109249647,0
Returning_Visitor,0,0.005967608,,4,-6,0.00131515,1242.806100185,0
Returning_Visitor,0,0.030964164,0,2,1,0.151070151,1740.245574168,0
Returning_Visitor,0,0.012567333,0,5,1,0.006782134,1154.14424032,0
Returning_Visitor,0,0.037329744,0,10,3,1.498617741,,0
Returning_Visitor,0.8,0.179430487,0,2,1,0.100222994,887.599889127,0
New_Visitor,0.4,0.2,19.024143876,5,-5,0.030447879,455.745018904,1
New_Visitor,0,0.127401381,1.441999129,5,1,0.000000011,1306.00918869,0
Returning_Visitor,0.6,0.349425017,0,2,-6,0.043784487,290.652841257,0
Returning_Visitor,0,0.001065608,11.623935949,2,1,0.000023686,1010.461056324,1
New_Visitor,0,0.023572712,0,2,-7,0.007026425,693.787681579,0
Returning_Visitor,0,0.1,0,5,-8,0.000247191,2466.499568395,0
Returning_Visitor,0,0.032640574,0,2,2,0,1426.445884993,0
Returning_Visitor,0,0.2,6.467852738,,1,1.076822656,300.315735449,0
Returning_Visitor,0,0.000106913,0,2,2,0.010048858,595.798056164,0
Returning_Visitor,0,,0,1,1,0.000000762,444.5868667,0
Returning_Visitor,0,,0,1,-7,0.000125093,1843.85606235,0
Returning_Visitor,0,0.006895395,,2,2,0.049644623,248.079732089,0
Returning_Visitor,0,0.02,0,2,1,0.015882836,,0
Returning_Visitor,0,0.056925093,2.50774463,8,3,0.014610853,0.000009278,0
Returning_Visitor,0,0.02,0,3,1,1.316406076,1856.265562868,0
,,0.190790216,0,2,1,0.0007074,1833.000736901,0
Returning_Visitor,0,0.045577959,0,2,-6,0.004787793,3231.405148819,0
Returning_Visitor,0,0.044180974,27.543536386,1,3,0.047926325,0.000009282,0
Returning_Visitor,0,0,0,2,4,0.002132807,779.5903844,0
Returning_Visitor,0,0.02080441,0,2,2,0.024077486,2094.208603445,0
Returning_Visitor,0,0.14162181,11.924537263,3,1,0.011730086,3840.353282329,0
Returning_Visitor,0,0.068480471,0,3,1,0.05,322.244354422,0
New_Visitor,0,0.106224349,0,4,1,0.011449846,678.644828339,0
Returning_Visitor,0.6,0.000579897,0,1,2,0.012772378,171.034660654,0
New_Visitor,0,0.2,82.378760009,1,-7,0,2149.802443559,1
Returning_Visitor,0,0.2,0,3,4,0.173968714,799.773711287,0
Returning_Visitor,0,0.137949185,0,6,1,0.01,1817.68614807,0
Returning_Visitor,0,0.067569089,0,3,-6,0.031389747,0.000009292,0
Returning_Visitor,0.6,0.027256939,0,4,1,0.030447503,,0
Returning_Visitor,0,0.1,0,3,1,0.000006071,901.027077322,0
Returning_Visitor,0,0.000108446,0,2,-7,0.015901001,450.521124735,0
Returning_Visitor,,,0,6,3,0.003997237,1012.042241309,0
New_Visitor,0,0.030566521,0,2,1,0.007781441,821.192585543,0
Returning_Visitor,0,0.2,0,5,4,0,1176.622725505,1
Returning_Visitor,0,0.000013803,22.25655461,5,2,0,3353.226656831,1
Returning_Visitor,0,0.000330826,0,2,2,0.000028898,890.828224394,0
New_Visitor,0.2,0.020026393,0,2,1,0.000239781,2520.44171353,0
New_Visitor,0,0.061346237,0,1,1,0.00630906,1082.928535637,0
Returning_Visitor,0,0.011050142,84.100161809,,1,1.195307426,2171.203847068,1
Returning_Visitor,0.2,0.171465752,0,3,1,0,1308.119148028,0
Returning_Visitor,0,0,10.56484122,4,3,0,3953.331930326,1
New_Visitor,0,0.01416274,,5,1,0,1302.479520409,1
Returning_Visitor,0,0.001690818,0,1,3,0.000046617,1156.397418367,0
Other,0.2,0.009661159,197.328747383,1,-7,0,1643.34440879,1
Returning_Visitor,0,0.007009354,0,2,4,0,2460.048903788,0
Returning_Visitor,0,0.007421231,0,2,1,0.000163831,1737.522164391,0
Returning_Visitor,0,0.063326817,0,4,1,0.000084261,3178.597399803,1
Returning_Visitor,0,0.011705092,0,1,1,0.036097693,927.083309503,0
Returning_Visitor,0,0.026315575,0,6,1,0.000355798,1684.528080387,0
Other,0,0.009218224,0,1,2,0,1210.24753655,0
Returning_Visitor,0,0.1,0,4,-6,0.32341558,3049.726569985,0
Returning_Visitor,0,0.000009711,0,,4,0,589.272949507,1
Returning_Visitor,,0.003124516,,1,1,-0.178614402,242.317334344,0
Returning_Visitor,0,0.013811951,0,1,1,1.103900276,1083.50406993,0
Returning_Visitor,0,0,0,1,3,0.026381416,1633.447577132,0
New_Visitor,0.8,0.05,0,1,3,0.002133304,64.177606818,0
Returning_Visitor,0,0.012178154,0,2,1,0.000003482,972.035073487,0
Returning_Visitor,0,0.023137097,0,1,4,0.05,2184.217521002,0
New_Visitor,0,0.057100196,0,2,2,0.006731207,1131.951226583,0
Returning_Visitor,0,0.025606595,0,1,1,0.012546364,0.000009324,0
New_Visitor,0,0.002869714,0,12,1,0.002526387,327.081531774,0
Other,0,0.042251045,0,4,4,0.000989036,1194.769027323,0
New_Visitor,0.2,0.045392961,0,2,1,0.014053023,941.2172434,0
Returning_Visitor,0,,6.293572558,2,2,0.008811413,0.000009328,0
Returning_Visitor,0,0.00022705,4.934007528,3,1,0.020935727,187.086124337,0
Returning_Visitor,0.6,0.01,0,3,1,0.000000177,983.767152907,0
Other,0,0.008767945,0,2,1,0.009973319,1372.518696292,0
,0,0.00022875,0,3,-6,0.032144043,325.668456,0
Other,0,0.003230996,28.606822651,6,3,0.143762513,936.086529514,0
New_Visitor,0,0.035891747,,,4,0,2220.287323277,0
Returning_Visitor,0,0.031814844,26.884306193,4,4,0.05,1825.025501342,0
Returning_Visitor,0,0.024778868,35.30543353,3,3,0.026344438,1889.820800276,1
Returning_Visitor,0,0.017744956,41.89464709,5,2,0.000000591,1216.435065993,1
Returning_Visitor,0.6,0.023167219,0,4,3,0.000915328,896.037134766,0
Returning_Visitor,0,0.029616791,,6,-8,0.020304512,189.879966322,0
New_Visitor,0.2,0.006744033,0,1,-6,0.086719955,740.734778577,0
Returning_Visitor,0,0.116863611,37.709488258,8,3,0.000009931,520.656381906,1
Returning_Visitor,0,0.089049705,0,1,3,0.030492634,729.779109735,0
Returning_Visitor,0,0.000082779,0,12,-6,0.01495858,1322.109286493,0
Returning_Visitor,0,0.000015931,0,2,3,0,4179.619302997,1
Returning_Visitor,0,0.001734917,0,2,-6,0.016793838,,0
Returning_Visitor,0,0.014609751,0,2,4,0.000021948,1665.759079527,0
New_Visitor,0,0.011692635,17.650171721,3,1,0.05,1714.831504325,1
Returning_Visitor,0,0.121424578,,3,3,0.000062133,0.000009348,0
Returning_Visitor,0,0.017617564,0,18,1,0,468.777144306,0
Returning_Visitor,0,0.062768789,0,2,-6,0.01,1576.621162487,0
Returning_Visitor,0.6,0.080347949,6.423507431,2,1,0.000002299,717.706338368,0
Returning_Visitor,0,0.01251134,0,1,1,0,408.202339123,0
Returning_Visitor,0,0.002100017,4.889346725,2,-8,0.000846195,,0
New_Visitor,0,0.000856038,0,4,1,0,696.944552454,0
Returning_Visitor,0.4,0.018709864,0,15,1,0.00001967,0.000009355,0
Returning_Visitor,,0.237952834,0,2,1,0.002179345,3491.824194968,1
New_Visitor,0,0.014445146,10.010262551,2,1,0.000196498,948.068284201,0
Returning_Visitor,0.2,0.001071794,0,2,1,0.2,1378.444808995,0
Returning_Visitor,0.2,0.031161353,0,4,3,0.000023219,,0
New_Visitor,0,0.008101568,0,5,-5,0.000057714,0.00000936,0
New_Visitor,0.8,0.056121409,0,7,-8,0.001022925,704.366350715,0
New_Visitor,0.8,0.380723616,0,1,-7,0.021443929,249.915049509,0
New_Visitor,0,0.01,,2,2,0.01720277,0.000009363,1
New_Visitor,0,0.00188499,69.221329128,1,1,0,501.579935109,1
Other,0.2,0.015694329,0,2,4,0.000001164,625.52009284,0
Returning_Visitor,0,0.000084598,0,3,-6,0.001094809,99.115421493,0
Returning_Visitor,0,,0,5,4,0.001433495,0.000009367,0
Returning_Visitor,0,0.049863082,0,1,3,0.000022461,981.212230545,0
Returning_Visitor,0,0.006745272,0,,-8,0,2309.865760663,0
Returning_Visitor,0,0.001554296,0,2,-5,1.12543501,2734.589409932,0
Returning_Visitor,0,0.094707531,0,1,2,0.02670828,801.186844744,0
Other,0,0.2,0,5,3,0.041861193,64.201074203,0
Returning_Visitor,0,0.020955478,0,4,1,0.2,3038.698248936,0
Returning_Visitor,0,0.00528954,7.216213963,3,3,0.05,1084.351348885,1
Returning_Visitor,0,0.002270994,69.915587796,2,3,0.000000864,3829.426703251,1
Returning_Visitor,0,0.070056695,0,2,1,0,860.547852847,0
Returning_Visitor,0,0.000919703,13.860284397,4,-6,0,4491.280913547,1
Returning_Visitor,0,0.149960398,0,7,-7,0.003241239,0.000009378,0
Returning_Visitor,,0.070778341,0,3,3,0.021260923,2194.187601344,0
Returning_Visitor,0,0.01,0,4,1,0.000057922,337.963848896,0
Returning_Visitor,0,0.030513474,0,,4,0.040136071,124.897200496,0
Returning_Visitor,0,0.1,0,1,1,0.008915868,330.048787627,0
Returning_Visitor,0,0.001558509,0,1,1,0,4223.782920541,0
Returning_Visitor,0,0.125182996,0,2,2,0.1,535.533968569,0
Returning_Visitor,0,0,0,5,-7,0,2414.804926188,0
New_Visitor,0,0.000035443,0,2,1,0.269407398,1574.601565771,0
Returning_Visitor,0,0.1,0.944980415,2,2,0.009193012,660.465193346,0
Returning_Visitor,0,0.02,0,3,-8,0.020409592,4422.008797913,1
New_Visitor,0,0.008959842,24.590251918,6,1,0,5330.968066737,1
Returning_Visitor,0,0.106940312,0,2,1,0.000005541,1715.075186484,0
Returning_Visitor,0,0.003919029,0,2,4,0.012933685,791.691071021,0
Returning_Visitor,0,0.102143662,0,2,-8,0.000159567,2166.399257182,0
Returning_Visitor,0,0.000113375,33.773610416,4,3,0,1368.426361209,1
Other,0,0.010871317,0,1,1,0.2,723.254900239,0
Returning_Visitor,0,0,0,8,1,0.000005455,1190.913654515,0
New_Visitor,,0.014030503,0,3,-5,-0.190262342,,0
New_Visitor,0,0.0040286,0,1,1,0,1747.631308392,0
Returning_Visitor,0,0.015715015,0,2,-8,0.002284605,1153.979900456,0
Returning_Visitor,0,0.006119454,0,2,-6,0.1,820.378607768,0
Returning_Visitor,0,0.2,0,5,4,0.00000819,1170.845963538,0
Returning_Visitor,0.8,0.000920146,35.07823558,4,-7,0.156901234,2171.945651804,1
Returning_Visitor,0.4,0.008697293,0,2,-8,0.00000325,0.000009402,0
Returning_Visitor,0,0.001111899,41.459080007,5,4,0.000008155,2302.575411914,1
Returning_Visitor,0,0.011972189,0,2,-8,0.000928709,,0
Returning_Visitor,0,0.000872336,0,1,4,0.017001584,2554.042064942,0
Returning_Visitor,0,0.003967178,0,4,1,0.00521446,1498.898071873,0
New_Visitor,0.2,0.00774677,0,,2,0,2720.273388697,0
Returning_Visitor,0,0.009733731,0,8,3,0.018751231,,0
Returning_Visitor,0,,0,6,2,0.090743362,1533.189969228,0
Returning_Visitor,0,0.021766635,0,3,2,0,2334.646401792,0
Returning_Visitor,0,0.011232098,0,2,1,0.104922421,4075.026516954,0
Returning_Visitor,0,0.02392106,0,3,3,0,4744.020358726,0
New_Visitor,0,0.14338479,0,,4,0.000014551,341.789023192,0
Returning_Visitor,0,0.0488135,10.778492781,7,2,0.01,3430.892292972,1
New_Visitor,0,0.001101776,0,4,4,1.276907526,362.687473518,0
Other,0,0.022018894,0,3,2,0.002859402,364.287853859,0
Returning_Visitor,0,0.022317994,0,1,-5,0.01,1562.280221806,0
Returning_Visitor,0,0.2,0,1,2,0,1100.775971286,0
Returning_Visitor,0,0.1,0,2,3,0.105108274,614.003085424,0
Returning_Visitor,0,0.028421656,0,1,-6,0.000000095,1746.426745184,0
New_Visitor,0,0.001133873,0,3,3,0,67.722911347,0
Returning_Visitor,,0.021964476,0,1,1,0.01,2108.537816293,1
Returning_Visitor,0,0.05,2.158370974,6,1,1.278404167,162.085019769,0
Returning_Visitor,0,0.025090267,0,2,1,0.001330829,,0
Returning_Visitor,0,0.05690597,0,2,1,0.018433143,1145.896079522,0
Returning_Visitor,0,0.06510394,0,,3,0.007321591,935.423339736,0
New_Visitor,0,0.003803615,37.993408821,4,1,0.000000027,967.862041274,1
Returning_Visitor,0.4,0.256122241,0,3,1,0.006349982,0.000009428,0
Returning_Visitor,0,,0,2,1,0.001035549,885.973348,0
New_Visitor,0,0.01,6.594794845,10,4,0,2841.84561228,1
Returning_Visitor,0,0.019425235,4.941185838,1,-6,0,655.338927931,0
New_Visitor,0.2,0.000063863,0,1,1,0.001067265,43.223458785,0
Returning_Visitor,0,0.096002822,0,5,3,0.009384695,905.852368098,0
Returning_Visitor,0,0.019826774,0,3,-6,0.000248176,378.863962085,0
New_Visitor,0,0.049943862,0,2,-7,0.01,1240.080168563,0
Returning_Visitor,0,0.000803463,,15,1,0.015070628,1656.182036252,0
Returning_Visitor,0,0.020668189,0,1,-7,0.000019578,758.875037174,0
Returning_Visitor,0.8,0.000930776,3.418276275,2,1,0.097231776,1652.948063573,0
New_Visitor,0,0.200678017,0,2,2,0.004751625,2314.777981447,0
Returning_Visitor,0,0.134941939,6.655314412,2,1,0.014660621,947.357037919,0
New_Visitor,0,0.002534366,0,5,-7,0.041650855,1226.184546698,0
Returning_Visitor,0,0.210575199,28.865402297,4,1,0.02,2303.643901544,1
Returning_Visitor,0,0.007536769,0,19,3,0,1108.523936772,0
Returning_Visitor,0,,0,5,3,0.000008406,661.33636601,0
Returning_Visitor,0.2,0.000054304,0,6,3,0.000562887,278.570114056,0
Returning_Visitor,0,0.241740273,0,2,1,0.020558154,1179.626314476,0
Returning_Visitor,0,0.003328548,0,1,1,0.009015611,2896.870411691,0
Returning_Visitor,0,0.05,0,2,2,0.000025254,459.955728066,0
Returning_Visitor,0,0.010277546,0,6,3,0.000000056,1279.307261959,1
Returning_Visitor,0,0.02,0,5,2,0.133758626,1192.542407188,0
Returning_Visitor,0,0.000728013,0,3,4,0.044267251,2498.611064195,0
Returning_Visitor,0,0.199498069,0,2,1,0.000627986,1634.556244751,0
Returning_Visitor,0.8,0.047029645,0,6,1,0,,0
New_Visitor,1,0.02,0,2,4,0.003615573,774.517712621,0
Returning_Visitor,0,0.000000078,23.196866858,3,-8,0,1370.636964825,1
New_Visitor,0,0.03464866,0,2,3,0,2523.161071805,0
Returning_Visitor,0,0.021997914,0,2,1,0.013251599,370.431062113,0
Returning_Visitor,0,0.007258476,0,6,1,0,919.648314957,0
New_Visitor,0,0.08723786,7.897644255,3,1,0.00002867,,0
Returning_Visitor,0,0.069630872,0,5,1,0.005109104,1482.773297828,0
Returning_Visitor,0,0.007154897,0,1,1,0.01759958,3572.348931964,0
Returning_Visitor,0,0.00921464,0,2,-8,0.004813097,1128.190208135,0
Returning_Visitor,0,0.000063852,17.866488464,4,2,0.04081339,332.535685998,0
Returning_Visitor,0,0.2,,5,2,0.00448523,1954.440632434,0
Returning_Visitor,0,0.116900559,0,17,-5,0.074882522,665.581355449,0
Returning_Visitor,0,0.00000089,0,2,1,0.02,2881.13567198,0
Returning_Visitor,0.6,0.12159744,0,6,2,0.01,,0
Returning_Visitor,0,0.190937185,8.59008236,6,3,0.009680701,851.520442737,0
Returning_Visitor,0,0.000000655,21.123039742,2,4,0.01,399.202149973,1
Returning_Visitor,0.2,0.02,0,12,-7,0.05,907.095353449,0
Returning_Visitor,0,0.023942804,0,3,1,0.055535777,1730.135435266,0
Returning_Visitor,0,0.008112471,0,1,3,0.001622644,2462.853658304,0
Returning_Visitor,,0.001508229,0,3,4,0.000140829,316.178309483,0
New_Visitor,0,0.077025708,0,6,3,0.000048617,666.632859772,0
Returning_Visitor,0.8,0.001517063,0,,3,0.000046732,1534.126288773,0
New_Visitor,0,0.006944864,102.770183567,5,-6,0,718.595745183,1
New_Visitor,0,0.012527932,0,6,-6,0.00503992,347.460238047,0
Other,0.4,0.224178885,0,12,-6,0.045146337,456.732040228,0
,0,0.035136052,0,1,-5,0.000000001,2568.56187744,0
Returning_Visitor,0,0,0,2,1,0.000147146,1151.629793297,0
Returning_Visitor,0,0.000116011,0,5,1,0,268.179441625,0
New_Visitor,,0.00256127,0,1,2,0.005781128,3192.114285322,0
Returning_Visitor,0,0.006733482,0,2,4,0.031033206,0.000009483,0
New_Visitor,0.4,0.068207837,12.908061221,1,3,0.017099171,252.555449601,0
Returning_Visitor,0.6,,0,6,-7,0,2172.825276146,0
Returning_Visitor,0.6,0.034279348,0,,3,0.1,626.640048049,0
New_Visitor,0,0.00000046,0,7,1,0.010803441,4217.399681669,1
Returning_Visitor,0,0.020400667,0,15,-7,0,422.401869613,0
Returning_Visitor,0,0.024019912,6.759743711,4,3,0.003172554,1189.753880724,0
New_Visitor,0,0.236342985,0,1,3,0.009468043,2571.877372755,0
Returning_Visitor,0,0.025972016,26.349330072,1,-6,0,1000.988051636,1
Returning_Visitor,0,0.000002404,0,2,3,0.102713404,203.395835205,0
,0,0.000922993,0,2,-6,0.000000001,1135.386200143,0
Returning_Visitor,0,0.01,10.047064989,2,-7,0.001943898,319.871301503,0
,0,0.24967494,0,2,3,0.01,426.29189828,0
Returning_Visitor,0,0.094696474,0,2,-6,0.000275592,1350.118338092,0
Returning_Visitor,0,0.263189657,0,2,1,0.000038918,943.058005259,0
Returning_Visitor,0.4,0.008198775,0,2,1,0.000107409,752.576972385,0
Returning_Visitor,0,0.000024405,24.803236694,1,1,0.01,2238.816999926,1
Returning_Visitor,0.2,0.008217159,0,2,1,0.015846585,1361.167452694,0
Returning_Visitor,,0.005548032,59.645489384,9,1,0.007091486,890.140185118,1
Returning_Visitor,0,0.001294507,,6,-7,0.073468364,2329.590363717,0
Returning_Visitor,0.2,0.02,0,1,3,0.002244891,204.761948953,0
Returning_Visitor,0,,0,3,-7,0.161299645,492.760116883,0
Returning_Visitor,0,0.000028578,0,1,3,0.01,1179.740623599,0
Returning_Visitor,0,0,0,2,1,0.02,2649.451354747,0
Returning_Visitor,0,0.000718135,0,2,-6,1.278421778,207.619705248,0
Returning_Visitor,0,0.020392711,0,12,-5,0.001722144,2641.652382137,0
,0,0,0,2,-8,0.106286585,1570.115872881,0
New_Visitor,0,0.018420226,0,1,3,0.030445591,1789.152138866,0
New_Visitor,0.2,0.017622842,0,2,1,0.008960725,621.008880288,0
Returning_Visitor,0.2,0.013039953,0,3,1,0.054782278,622.938790057,0
New_Visitor,,0.004641216,0,15,-5,0,885.405897589,0
New_Visitor,0.2,0.088608488,0,2,4,0.008693937,1123.159068692,0
Returning_Visitor,0.6,0.013501651,0,3,3,0.005128197,1056.773687414,0
Returning_Visitor,0,0.000034434,26.407364854,9,1,0,1645.102822778,1
Returning_Visitor,0.2,0.045074154,1.266631232,4,2,0.001458201,2847.502149503,0
Returning_Visitor,0,0.004510597,130.923195302,2,2,0,1174.450979258,1
Returning_Visitor,0,0.001738481,0,2,1,0.183339629,2064.745837504,0
Returning_Visitor,0,0.051525155,0,2,4,0.075380257,1343.227958607,0
Returning_Visitor,0,,0,4,1,0.01,0.000009521,0
New_Visitor,0,0.001110719,0,2,1,0,234.068752797,0
Other,0.2,0.00001041,0,,1,0,763.438073906,1
Returning_Visitor,0,0.021014442,0,8,1,0.018512302,171.272493213,0
Returning_Visitor,0,0.2855541,0,3,1,0.003632884,355.070808082,0
Returning_Visitor,0,0.171647592,0,2,2,0.003089669,93.293747642,0
,0,0.049060595,0,,1,0.01,283.094149733,0
Returning_Visitor,0,0.032040076,0,3,3,0.000030756,1782.161162617,0
Returning_Visitor,0,0.002611918,25.256750433,2,1,0,1980.41561378,1
Returning_Visitor,0,0.005309951,0,2,2,1.150188039,437.517598474,0
Returning_Visitor,0,0.022276174,0,4,3,0.02,1258.264260592,0
Returning_Visitor,0,0,0,5,3,0.00053307,654.887634387,0
Returning_Visitor,0,0.042113143,0,2,3,0.035071716,2129.407605265,0
Returning_Visitor,0,0.080740631,0,1,-7,0.111006233,250.795010451,0
New_Visitor,0,0.077414129,0,,1,0.03678349,311.414663903,0
New_Visitor,0,0.000026335,0,18,3,0.000000002,1947.330133642,1
Returning_Visitor,0.8,0.005716385,0,3,-8,0.004417081,617.277816,0
New_Visitor,0,0.004278967,0,2,3,0.001813944,2702.357825926,1
Returning_Visitor,0,0.000123126,0,2,3,0.019076255,1110.38212002,0
Returning_Visitor,0,0.03622612,0,2,1,0.001830896,1794.186481839,0
Returning_Visitor,0,0.026723763,22.94089142,14,3,0,1197.859840805,1
Returning_Visitor,0,0.008380695,9.575482103,6,2,0.02,2198.417455447,0
Returning_Visitor,0,0.000003355,0,2,3,0.006434003,714.921064091,1
Returning_Visitor,0,0.178518769,0,2,1,0.05,2144.843033209,0
Returning_Visitor,1,0.01342369,1.959657497,6,1,0.01,65.570599481,0
Returning_Visitor,0,0.006831338,0,2,-7,0.000000001,1789.202464975,0
New_Visitor,0,0.129670373,0,2,1,0,439.589507465,0
Returning_Visitor,0,0.05,0,2,3,0.031904973,44.40103292,0
Returning_Visitor,0,0.153803625,0,3,1,0,1629.676430481,0
Returning_Visitor,0,0.027289441,15.280646402,2,1,0.002238488,2536.961369163,0
Returning_Visitor,0,0.038081214,0,2,2,0.006548365,2192.809768389,0
Returning_Visitor,0,0.086719674,0,4,1,0.118419288,231.807208487,0
Returning_Visitor,0,0.00146982,0,3,3,0.05,559.463111601,0
Returning_Visitor,0,0.003539854,0,2,-5,0.010692895,872.770704587,0
Returning_Visitor,0,0.038283284,2.31599713,4,-7,0,1950.970464916,0
New_Visitor,0,,0,1,-6,0,922.164479119,0
Returning_Visitor,0,0.193018676,0,2,-8,0.016905437,97.435326059,0
,0,0,0,2,1,0.001562078,127.475092243,0
Returning_Visitor,0,0.1,0,10,3,0,1989.755081422,1
Returning_Visitor,0,0.034340427,0,2,2,0.000000173,645.133397314,0
Returning_Visitor,0,0.027154029,14.205140269,1,-6,0.000000001,926.660124896,0
Returning_Visitor,0,0.054535731,36.901455803,4,1,0.04288253,922.337818772,0
Returning_Visitor,0,0.080231568,0,1,4,0.086684484,0.000009563,0
Returning_Visitor,0,0.031403614,,1,-7,0.1,0.000009564,0
New_Visitor,,0.05,0,19,1,0.004002987,3120.145720286,0
New_Visitor,0,0.002313679,0,3,3,0,201.737848238,0
Returning_Visitor,0,0.038640171,13.363536222,13,3,0,1347.184196052,0
Returning_Visitor,0,0.036886022,0,1,1,0.002761887,3111.181870716,0
Returning_Visitor,0,0.1,0,2,3,0.01,307.679400508,0
Returning_Visitor,0,0.000018666,0,,-6,0.089923521,0.00000957,0
Returning_Visitor,0,0.039095939,0,1,-8,0.025344237,0.000009571,0
Returning_Visitor,0,0.000857955,0,3,-7,0,282.813007153,0
Returning_Visitor,0,0.061265849,0,6,1,0.128176908,1882.279287225,0
Returning_Visitor,0,0.00038912,0,2,1,0.00000521,0.000009574,0
New_Visitor,0,0.012466326,0,2,1,0.02,358.691350821,0
Returning_Visitor,0,0.014633796,0,10,-6,0.0013963,271.229848535,0
Returning_Visitor,0,0.0494616,0,2,2,0.001609001,1380.287067313,0
Returning_Visitor,0,,0,4,2,0.067124719,0.000009578,0
Returning_Visitor,0,0.04747509,6.754010711,9,-7,0.012443414,854.919221321,0
Returning_Visitor,0,0.220995849,5.710253434,5,1,0.002575002,538.928640079,0
Returning_Visitor,0,0.00337219,0,4,3,0.06819518,642.341098884,0
Returning_Visitor,0,0.052786987,0,6,2,0,606.001658776,0
Returning_Visitor,0,0.002081221,0,1,1,0.0001986,2902.060618839,1
,0,0.027396231,0,7,2,0,1453.33388786,0
Returning_Visitor,0,0.019625594,0,2,3,0.00040734,646.354376955,0
Returning_Visitor,0,0.078911645,0,3,1,0.000000073,0.000009586,0
Returning_Visitor,0,0.049207209,0,13,1,0.006795555,0.000009587,0
Returning_Visitor,,0.078868091,0,4,1,0,1494.198001816,0
Returning_Visitor,,0.1,0,1,2,0.000189197,914.495821445,0
New_Visitor,0,0.048233215,9.899419736,4,2,0,1913.933655742,1
Returning_Visitor,0,0.019371146,0,2,1,-0.154756089,0.000009591,0
Returning_Visitor,0,0.000000011,110.926911819,1,2,0,2281.59001998,1
Returning_Visitor,0,0.016617414,0,10,1,0.009415881,0.000009593,0
Returning_Visitor,0.6,,0,1,3,0.000001113,164.178689481,0
Returning_Visitor,0,0.018485218,4.022123141,15,3,0.000385852,2635.373113449,0
Returning_Visitor,1,0.069961095,12.335664844,1,1,0.240047188,204.859091993,0
New_Visitor,0,0.000570605,0,1,1,-0.148113601,1494.299638661,0
Returning_Visitor,0,0.05,0,4,-8,0.000013899,613.939303002,1
Other,0,0.011720917,0,3,3,0.02,1245.817471033,0
Returning_Visitor,0.2,0.026018038,0,1,1,0.006605128,1563.512546647,0
Returning_Visitor,,0.01,0,2,1,0.02,0.000009601,0
Returning_Visitor,0.4,0.000242817,23.131534395,1,1,0.000555295,295.184316218,0
Returning_Visitor,0,0.030860143,0,3,2,0.000000076,1698.599570265,0
Returning_Visitor,0.2,,0,2,1,0,784.067574536,0
New_Visitor,0,0.000797485,78.075495307,3,2,0,596.29132609,1
Returning_Visitor,0,0.020788404,0,2,-7,0,0.000009606,0
Returning_Visitor,0,0.002324895,0,2,4,0.067804477,161.177064853,0
New_Visitor,0,0.004147729,0,1,1,0.00004066,1961.434625311,0
Returning_Visitor,0,0.107295165,0,3,4,0.032356194,961.210597999,0
Returning_Visitor,0,0.024952591,11.288230518,10,4,0.05904298,,0
New_Visitor,0,0.003898881,0,7,4,0.01657223,1052.770564411,0
New_Visitor,0,0.052782349,0,4,3,0.001913136,513.753644987,0
Returning_Visitor,0,0.04345982,0,9,4,0.02,1739.034078224,0
Returning_Visitor,0,0,7.501646539,3,1,0,2088.726158614,1
Returning_Visitor,0,0.000009651,112.72006897,6,1,0,85.309221867,1
Returning_Visitor,0,0.067286531,0,2,1,1.286247137,350.405736666,0
Returning_Visitor,0,0,0,3,1,0.09709821,1442.951685239,0
,0,0.01,0,12,1,0.000000017,383.724126158,0
Returning_Visitor,0,0.000990101,0,3,3,-0.095003674,1026.029100659,1
Returning_Visitor,0,,0,5,-7,-0.095977165,790.612937081,0
New_Visitor,,0.030362928,21.429515733,11,-8,0.0000072,1441.698038102,1
Returning_Visitor,0,0.079453259,0,4,1,0.002277128,1844.47858285,0
Returning_Visitor,0,0.011852219,0,5,1,0.004465829,138.992734912,0
Returning_Visitor,,0.337200496,0,9,1,0.027643072,594.872050253,0
Returning_Visitor,0,0.104673797,0,5,4,0.001683285,1084.906227198,0
Returning_Visitor,0,0.027544559,0,1,1,0.000459688,538.327460121,0
New_Visitor,1,0.02,0,3,1,0.000002215,814.331883115,0
New_Visitor,0,0.150906343,0,10,1,0.000250675,1008.227294829,0
New_Visitor,0,0.000240624,0,5,1,0,1185.892018016,1
Returning_Visitor,,0.028276209,2.687701758,3,1,0.00000355,949.841814466,0
Returning_Visitor,0,0.01239396,0,7,-6,0.011408127,1111.075464996,0
New_Visitor,0,0.016841201,0,1,3,0.001257263,839.515483035,0
Returning_Visitor,0,,0,3,3,1.161868016,462.453631581,0
Returning_Visitor,0,0.05,0,13,1,0.02,2897.302370868,0
Returning_Visitor,0,0.077545528,3.34202535,3,2,0.01,339.755853421,0
Returning_Visitor,0,0.115954675,6.09751854,4,3,0.000000005,,0
Returning_Visitor,0,0.111907601,0,11,3,0.000041252,1004.701306448,0
Returning_Visitor,0,0.067027939,0,2,1,0,2698.417320499,0
Returning_Visitor,0,0.065213409,27.24508365,5,2,0,2079.367740589,1
Returning_Visitor,0,0.094907168,0,1,3,0.1,0.00000964,0
Returning_Visitor,0.4,0.119912564,0,1,1,0.02,2167.117909204,0
Returning_Visitor,0,0.003552855,0,6,4,0.000003632,983.611660049,0
Returning_Visitor,0.8,0.027372032,0,2,4,0.010407415,3531.804181969,0
New_Visitor,0,0.021748506,0,4,2,0.059798899,2043.398269541,0
Returning_Visitor,0,,0,1,1,0.001336047,685.470220759,0
Returning_Visitor,0,0.2,0,4,-7,0.051739294,1875.188223663,0
Returning_Visitor,0,,0,2,1,0.000038902,750.709012198,0
Returning_Visitor,0,,0,4,1,0.001074439,299.642697837,0
Returning_Visitor,0,0.030410551,,3,-7,0.02,1504.487223015,0
Returning_Visitor,0,0.030599562,28.454410655,1,2,0.23695889,1324.835144294,0
Returning_Visitor,0.2,0.000145067,0,18,1,0.076458458,639.588250582,0
Other,0,0.082480558,0,1,1,0.047212495,417.051934566,0
Returning_Visitor,0,0.000079455,,5,4,0.000000001,160.390802302,0
Returning_Visitor,0,,0,1,1,0.000029005,475.069488122,0
Returning_Visitor,0,0.005562028,13.764643168,16,-7,0.000120959,2215.255277922,0
Returning_Visitor,0.2,0.05,0,4,3,0.000000038,619.203719095,0
New_Visitor,0,0.011270128,0,3,3,0.02,2080.918133348,0
Returning_Visitor,0,,0,3,1,0,,0
New_Visitor,0.6,0.000000031,0,2,1,0.011655696,252.570210505,0
Returning_Visitor,0,0.059590803,0,2,1,0.000798329,983.322913727,0
Returning_Visitor,0,0.104714448,0,1,3,0.133889092,830.199321261,0
,0,,0,3,1,0,353.015765453,0
New_Visitor,0,0.1,0,1,1,0.015576305,,0
Returning_Visitor,0,0.1,0,2,1,0.057655662,749.908394331,0
Returning_Visitor,0,0.056238426,0,2,1,0,1023.481982739,0
Returning_Visitor,0,0.02,24.589252765,3,-6,0,428.069778749,0
Returning_Visitor,0,0.00278519,0,2,1,0.053556811,428.014244637,0
Returning_Visitor,0,0.0508547,0,5,-6,0.047335725,518.573565491,0
Returning_Visitor,0,0.010274555,0,3,3,0.241095578,606.390770665,0
Returning_Visitor,0,0.141189983,22.15556941,2,3,0.2,1007.91804384,0
New_Visitor,0,0.021273035,0,2,1,0.001545848,1114.89501933,0
Returning_Visitor,0,0.022365631,0,2,3,0.01,1239.554755937,0
New_Visitor,0,0.047626818,18.952166266,3,4,0.01,3985.520255025,1
New_Visitor,0,0.043635992,0,,-5,0.021776257,2730.114591778,0
,0,0.121101858,0,9,1,0.000000482,4864.687120332,0
Returning_Visitor,0,0.095496998,0,5,2,0.025553358,1697.216656201,0
,0.2,0.001756673,0,2,-8,0.009311206,1397.260850659,0
Returning_Visitor,,0.01,0,5,-6,0.000000111,859.798129909,0
Returning_Visitor,0.2,0.090594782,0,3,3,0.05,610.806829349,0
Returning_Visitor,0,0.178580983,0,7,3,0.01,486.549587683,0
Returning_Visitor,0,0.018837906,0,2,3,0.000095015,426.777404955,0
Returning_Visitor,0,0.042775013,0,15,4,0.006621165,645.904301803,0
Returning_Visitor,0,0.013779746,0,1,1,0.2,1218.141814998,0
Returning_Visitor,0,0.05,12.394693915,2,4,0.00800033,482.878541949,0
New_Visitor,0,0.017234001,0,4,1,0.031524992,690.524728506,0
Returning_Visitor,0,0.2,11.871513526,6,3,0.002210945,91.510257134,0
New_Visitor,0,0.000228153,0,2,-8,0,1952.729887348,1
Returning_Visitor,0.8,0.000182519,34.107053733,1,-8,0.000106335,2189.448515305,0
Returning_Visitor,0.6,0.052991743,0,3,1,0.004946878,,0
New_Visitor,0,0.004983894,0,2,3,0.020315796,974.204311248,0
Returning_Visitor,0,0.002417404,30.405812931,4,3,0.05,2747.051623488,1
Returning_Visitor,0,0.004423981,0,,-6,0.013721331,1162.756604891,0
New_Visitor,0,0.000727522,0,1,3,0.000009349,1629.825418681,1
Returning_Visitor,,0.057333311,0,3,1,0.013618018,886.988963825,0
Returning_Visitor,0,0.001705499,0,3,1,0,8386.744124749,1
New_Visitor,0,0.009026818,0,10,1,0.01,3597.570465733,1
Returning_Visitor,0,0.010171792,0,5,1,0.05,1566.943924109,0
Returning_Visitor,0.8,0.000267817,0,6,1,0,471.615676219,0
Returning_Visitor,0,0,,5,-7,0.01,282.732013915,1
New_Visitor,0.8,0.037725124,0,2,1,0,325.985120468,0
Returning_Visitor,0,0.004103993,0,,1,0.067306838,360.940925268,0
New_Visitor,0,0.140136094,0,12,3,0.000061889,1508.149997651,0
,0,0.002535945,0,7,2,0.2,1971.884269148,0
Returning_Visitor,0,,0,1,3,0.000013414,352.482877596,0
Returning_Visitor,,0.02,33.340407444,3,1,0.000000251,1247.245604848,1
New_Visitor,0,0.050453155,0,2,1,0.021617442,3540.547882663,0
,0,0.049717464,0,2,-8,0.000000004,1809.596722982,0
New_Visitor,0,0.000092627,11.445726498,7,1,0,1315.459971278,1
Returning_Visitor,0,0.022004719,0,16,1,0.004120043,1361.525578605,0
Returning_Visitor,0,0.1,24.656289673,2,1,0,1607.572903565,1
Returning_Visitor,0,0.125435861,0,3,1,0.115596172,791.469139364,0
Returning_Visitor,0,0.000101942,0,3,1,0.133207935,312.213135605,0
Returning_Visitor,0,0.05700769,0,16,3,0,0.000009713,0
,0.2,0.052168507,0,2,3,0.028541508,1378.533733068,0
Returning_Visitor,0,0.082742703,0,5,3,0,167.926527917,0
New_Visitor,,0.013427554,3.52686525,1,4,0.000000335,1015.722308933,0
Returning_Visitor,0,0.021831181,0,2,1,0.05,2163.177546933,0
Returning_Visitor,0,0.006008681,0,2,3,0.023522876,742.979173492,0
Returning_Visitor,,0.027729353,0,2,2,0.042342691,2483.481096843,0
Returning_Visitor,0,0.2,2.701694804,2,4,0.1,1624.957035092,0
Returning_Visitor,0,0.2,10.901812324,3,1,0,311.899274795,0
,0,0.223115693,0,3,1,0,,0
Returning_Visitor,0.6,0.070013021,0,3,-6,0.152397434,0.000009723,0
Returning_Visitor,1,0.015672425,0,3,-7,0.002779196,1058.796606143,0
New_Visitor,0,0.071479089,0,2,1,0.007717667,1575.38645004,0
Returning_Visitor,0.4,,,1,1,0.02,2173.22985017,0
Returning_Visitor,0,0.046961147,,2,2,0.093109383,260.809833193,0
Returning_Visitor,,0.134957189,0,2,3,0.006738833,253.141066933,0
Returning_Visitor,0,0.046903482,0,2,-9,0.016305624,226.030034266,0
Returning_Visitor,0,0.02,0,14,4,0.012985674,922.878981941,0
New_Visitor,0.4,0.000175722,0,1,1,0.061933999,1212.783373991,0
Returning_Visitor,,0.000700756,0,4,4,0.000326384,1184.709675111,0
Returning_Visitor,0,0.012300911,0,4,2,0.006743397,81.712230179,0
Returning_Visitor,0,0.048741819,0,14,1,0.000394279,120.389079823,0
Returning_Visitor,0,0.000479111,14.327364345,2,3,0,654.771753306,1
Returning_Visitor,0,0.076745584,0,4,1,0.000002468,232.832581563,0
New_Visitor,0,0.206099651,0,2,2,0.033384381,2586.154268882,0
Other,0,,48.401468889,3,-7,0.004264147,987.643021959,0
New_Visitor,0,0.015653756,21.910582462,4,3,0,1949.126889101,1
New_Visitor,0,0.200933298,0,2,1,0.014819078,2031.010457123,0
,0,0.1,,2,1,0.000004009,213.38309625,0
New_Visitor,0,0.100685399,0,2,1,0.05,0.000009742,0
Returning_Visitor,0,0.02,0,6,2,0.177305266,1001.627672357,0
Returning_Visitor,0,0.053374363,0,7,1,0.112313239,547.102404305,0
Returning_Visitor,0,0,26.268217899,4,-5,1.051030483,624.178656933,1
Returning_Visitor,,0.029704321,0,2,3,0.012737059,261.205695503,0
Returning_Visitor,0,0.016585022,,6,1,0.008989996,780.616244558,0
New_Visitor,0,0.148850185,0,3,2,0.000000129,491.874437204,0
Returning_Visitor,0,0.048880656,0,3,1,0.067940828,2029.892596355,0
New_Visitor,0,0.036336299,48.041616629,4,3,0.02,2027.051449762,1
Returning_Visitor,0,0.054467632,3.681209725,1,-8,0,1689.60024793,0
Returning_Visitor,0,0.226104362,0,,1,0.000001014,952.740175429,0
Returning_Visitor,0,0.206134745,3.72380024,1,1,0.000361953,684.136315593,0
Returning_Visitor,0,,0,3,4,0.1,69.622049609,0
Returning_Visitor,0.6,,0,2,-7,0.000439307,1916.895140435,0
New_Visitor,,0.027918981,0,2,2,0.00052945,221.362445605,0
Returning_Visitor,,0.058208029,0,2,-8,0,922.692475171,0
New_Visitor,0.2,0.005333918,,2,3,0.000348257,1316.424871119,0
New_Visitor,0,0.005848429,0,3,3,0.013897871,0.000009759,0
New_Visitor,0,0.00430985,0,1,1,0,2353.365247293,1
Returning_Visitor,0,0.051778465,0,3,1,0.009978855,682.657597703,0
Returning_Visitor,0.4,0.009368253,,2,4,0.2,1773.422229854,0
Returning_Visitor,0,0.119843206,25.25531694,2,1,0.13360844,615.426329757,0
Returning_Visitor,0,0.011940685,3.548942713,6,-7,0,1128.594749126,0
Returning_Visitor,0,,0,2,1,0.05,1757.496087,1
Returning_Visitor,0,0.071892591,0,15,1,0.000136216,3308.974192693,0
New_Visitor,0,0.027364361,0,2,1,0,1619.490605757,0
Other,0.2,0.037271998,9.532966375,17,4,0.005554383,1300.12779885,0
Returning_Visitor,0,0.129082756,0,2,1,0.037465038,1338.591909682,0
Returning_Visitor,0,0.083114566,5.837917857,1,-8,0.01,565.039689956,0
Returning_Visitor,0,0.008433337,0,16,1,0.000479555,2127.132075107,0
Returning_Visitor,,0.000000041,50.156141917,3,1,0,419.793480472,1
Returning_Visitor,0,0.057640208,0,2,1,0.004962414,929.554933556,0
New_Visitor,0,0.019894937,0,11,-7,0.00514352,304.948291077,0
Returning_Visitor,0,0.2,35.412516418,8,2,0.00000112,577.881518976,1
New_Visitor,0,0.000620206,22.005315081,4,3,0.000006239,2530.153890051,1
Returning_Visitor,0,0.082605609,0,2,-7,0.003757302,317.995705642,0
Returning_Visitor,0,0.004361605,0,3,1,0.1,1704.873866857,0
New_Visitor,0.4,0.000189882,0,2,-5,0.005962425,474.242283155,0
New_Visitor,0,0.000009655,22.560912922,1,-6,0.000000464,1002.571425301,1
New_Visitor,0,0.024130585,56.529702961,5,4,0.166550142,990.612415243,0
Returning_Visitor,0,0.04626434,0,2,3,0.00560548,,0
Returning_Visitor,0,0.086747205,0,4,1,0.000163615,1006.04213888,0
Returning_Visitor,0,0.00079034,0,5,3,0.013409945,2133.553210106,0
Returning_Visitor,0,0.103340605,0,4,1,0.000000756,105.782479121,0
New_Visitor,0,0.027696065,0,15,-7,0.007903371,1373.118202785,0
Returning_Visitor,,0.145112451,0,2,1,-0.224238118,876.296838356,0
Returning_Visitor,0,0.006124901,0,2,1,0.02,586.134743207,0
Returning_Visitor,0,0.00568571,0,1,3,0.043407452,853.097938285,0
Returning_Visitor,0,,0,,1,0.005698039,2224.062274296,0
Returning_Visitor,0,0.04535664,0,2,1,0.000028921,1358.263947774,0
Returning_Visitor,0.2,0.001522164,3.177053952,1,-6,0.008134791,1245.157135816,0
Returning_Visitor,,0.040027473,0,7,1,0.000005879,1878.964699309,0
Returning_Visitor,0,0.001906255,22.99232298,,1,0.019750191,2770.318455295,0
Returning_Visitor,,0.166651164,0,2,1,0.000005244,676.106377083,0
Returning_Visitor,0,0.020390207,0,5,-6,0.012337663,359.964436496,0
New_Visitor,0.4,,240.114800837,,1,0.1,2404.950775235,1
Returning_Visitor,0,0.2,0,1,-6,0.000757207,2328.650892525,0
Returning_Visitor,0,0.167021328,0,1,2,0.000034862,1614.03326123,0
New_Visitor,0,0.126940804,0,2,3,0,1450.498940373,0
Returning_Visitor,0,0.049574054,0,1,1,0,,0
Returning_Visitor,0,0.044564465,0,2,-7,0.1,57.273094188,0
Returning_Visitor,0,0.003160259,0,2,4,0.000701626,2399.268172816,1
Returning_Visitor,0.6,0.013067795,0,,1,0.000385214,105.602626434,0
Returning_Visitor,0,0.001469418,0,3,3,0,1460.477820059,1
Returning_Visitor,0,0.08041066,13.327305547,2,2,0.000000007,1361.808868589,0
Returning_Visitor,0,0.05,0,2,3,0,1303.187028114,0
New_Visitor,0,0.000503388,10.048536662,1,1,0,287.073696404,0
Returning_Visitor,0,0.000137927,0,1,3,0.041542435,2091.777657545,0
New_Visitor,0,0.069518781,0,4,-6,0,0.00000981,0
Returning_Visitor,0.2,0.000291243,0,2,1,0.026261421,732.07704989,0
Returning_Visitor,0.6,0.011650138,0,2,-5,0.155243302,606.011493954,0
Returning_Visitor,0,0.027266654,0,,4,0.000000005,4397.729623373,1
Returning_Visitor,0,0.043886924,0,2,-7,0,302.450289279,0
Returning_Visitor,0,0.021000657,0,1,3,0.00028666,110.507846219,0
Returning_Visitor,0,0.02,12.837942152,1,3,0.022727671,1334.279690424,0
New_Visitor,0,0.007062502,0,19,1,0,1072.244035034,0
Returning_Visitor,0,0.000000121,2.711105085,2,2,0,3205.471087829,1
Returning_Visitor,0,0.004314623,3.008891479,5,-7,0.025019011,921.982748731,0
Returning_Visitor,0,0.111030743,0,2,1,0.057929747,1908.447247805,0
New_Visitor,0,0.135877578,0,1,1,0.020698415,156.063539602,0
Returning_Visitor,,0.037283458,0,3,2,0.000013002,733.714606454,0
Returning_Visitor,0,0.327557025,0,3,3,0.2,1403.967889043,0
Returning_Visitor,,0.021490464,0,1,-7,0.000963872,2630.223238778,0
Returning_Visitor,0,0.019228361,0,2,-7,0.009278649,584.826186778,0
New_Visitor,0,0.008589889,4.042563457,2,4,0.006318511,1366.168364839,0
Returning_Visitor,0,0.001920167,0,1,1,0.012554226,1981.543824914,0
Returning_Visitor,0,0.206244363,0,1,2,0,,0
Returning_Visitor,0.4,0.123507859,4.715704107,3,1,0.007432373,1367.624361049,0
New_Visitor,0,0,0,3,4,0.056376622,0.00000983,0
Returning_Visitor,0,0.02,,2,-7,0,698.007952284,0
Returning_Visitor,0,0.000152734,0,4,-5,0,877.754573358,1
Returning_Visitor,0,0.200817121,0,2,3,0,516.517506879,0
Returning_Visitor,0,0,0,1,1,0.000053752,356.850577674,0
Returning_Visitor,0.4,0.01,0,2,3,0.000083294,1299.193309999,0
Returning_Visitor,0,0.000000002,0,5,1,1.164993259,683.225259455,1
Returning_Visitor,0,0.027567287,0,1,1,0.022512962,601.092705882,0
Returning_Visitor,0,0.112052413,0,3,3,0.000056018,0.000009838,0
New_Visitor,0.2,0.032718499,0,4,-8,0.016186953,36.485959588,0
Returning_Visitor,0,0.015182748,0,14,-5,0.012680889,,0
Returning_Visitor,0,0.000440237,33.071642579,3,1,0,4968.512629743,1
New_Visitor,0.4,0.004414354,0,1,4,0.000305685,21.433552976,0
Other,0,0.007673528,0,2,4,0,1938.810081617,0
Returning_Visitor,0,0.2,0,3,4,0.000010733,1471.97222101,0
New_Visitor,0,0.054482169,0,1,3,0.000005558,510.127655308,0
Returning_Visitor,0,0.010496451,33.30041132,6,-5,0,807.760455614,1
Returning_Visitor,0,0.000340183,0,2,-6,0.004619475,486.9008469,0
Returning_Visitor,0,0.10100081,0,,1,0.000444433,2308.356274696,0
Returning_Visitor,0.4,0.043667882,0,4,1,0.089447321,312.197126007,0
New_Visitor,0,0.049835581,0,2,-7,0.000963935,0.00000985,0
Returning_Visitor,0,0.000489899,0,1,-7,0.017438397,2224.747014439,0
New_Visitor,0,0.063105521,0,2,4,0.029156756,1918.124325433,0
New_Visitor,0,0.102635462,14.775212934,14,2,1.310782582,1052.279219105,0
Returning_Visitor,0,0.030653015,0,9,-7,0,1580.491599327,1
Returning_Visitor,0,0.169308899,,2,3,0.000476344,845.806892586,0
Returning_Visitor,0.2,0.00109515,0,13,-7,0.05,127.330549969,0
Returning_Visitor,0,0.01,10.633759671,6,4,0,2656.445252295,1
New_Visitor,0.6,0.165649964,0,1,3,0.001937612,3296.173190818,0
New_Visitor,0,0.000013076,115.740724993,3,3,0,1519.772737524,1
Returning_Visitor,0,0.076883511,19.164101271,5,1,0,1058.09718059,1
Returning_Visitor,0,0.02,0,2,1,0.011946537,26.625977943,0
Returning_Visitor,0,0.000054318,0,5,2,0,557.924079524,0
Returning_Visitor,0,0.000001313,0,3,-8,0.000000071,1391.285967553,1
New_Visitor,0,0.013979145,,4,4,0.000287529,1565.112839232,0
Returning_Visitor,0,0.2,29.337507808,3,-7,0.000038583,3775.377894314,1
Returning_Visitor,0,0.020402829,0,4,1,1.443563667,4115.940400983,0
Returning_Visitor,0,0.000035279,66.126347938,2,-6,0.000016533,3420.10520804,1
New_Visitor,0,0.027371497,0,,1,0.000000363,1544.261994649,0
Returning_Visitor,0,0.2,0,2,-7,0.02243413,553.104891627,0
New_Visitor,0,0.2,0,20,3,0.01,465.525230998,0
,,0.00861313,11.384358017,1,1,0.011562758,,0
New_Visitor,0,0.015753232,0,8,3,0.000000078,1300.102579792,0
Returning_Visitor,0,0.145420471,0,5,2,0.007818414,0.000009873,0
New_Visitor,0,0.000935385,0,5,2,0.041697841,161.368460557,0
New_Visitor,0,0.097835094,0,1,1,0,242.340635654,0
Returning_Visitor,0.4,0.019216492,0,1,1,0.03741822,0.000009876,0
,0.2,0.003868822,0,9,-7,0.035612133,2005.325128657,0
Returning_Visitor,0,0,0,1,2,0.049700535,1307.193236953,0
Returning_Visitor,0,0.010229071,49.59503695,2,2,0,1896.511178827,1
Returning_Visitor,0,0.098209382,0,1,3,0.001324567,1282.025193748,0
Returning_Visitor,0.6,0.039470764,0,10,1,0.014834045,1541.543472136,0
,0,0.009461517,49.631610727,2,1,0.01,1953.758285596,1
Returning_Visitor,0,0,,3,-7,0.000226259,2583.39004787,0
New_Visitor,0,0.006330537,152.348189484,1,3,0.000324667,495.765395104,0
New_Visitor,0,0.004750769,5.415703335,3,1,0.000537174,1878.622429793,0
Returning_Visitor,0,0.146830864,0,1,1,0.02,0.000009886,0
Returning_Visitor,0,0.162099223,12.199599991,9,-9,0,1413.37657002,1
Returning_Visitor,0,0.116170815,0,2,3,0.006706468,1217.592583452,0
Returning_Visitor,0,0.008777813,0,1,-8,0.0028953,2355.024910042,0
Returning_Visitor,0,0.005924905,,1,3,0.05,437.14940615,0
Returning_Visitor,0,0.072987055,0,11,2,0.032517245,4924.249644065,0
Returning_Visitor,,0.195428339,0,3,1,0.061483838,474.694784116,0
Returning_Visitor,0,0.049241969,,2,1,0.149859575,586.04863244,0
Returning_Visitor,0,0.096188533,0,2,1,0.017142238,354.127884675,0
Returning_Visitor,0,0.003249762,,9,3,0.002088898,1731.176772944,0
Returning_Visitor,0,0.001210296,8.073017274,5,3,0,558.236721724,1
,0,0.003086804,4.936570047,2,-8,0.00025301,757.415450417,0
Returning_Visitor,0,0.036414863,0,2,1,0,4162.119168779,0
Returning_Visitor,0,0.083874881,0,4,-5,0.000910947,0.000009899,0
Returning_Visitor,0.8,0.032934719,0,2,2,0,323.421556273,0
New_Visitor,0,0,51.452725804,5,1,0.000000058,3383.696007849,1
Returning_Visitor,0,0.03759475,0,4,-6,0.000084169,551.355848888,0
Returning_Visitor,0,0.014666892,0,5,3,0.02,1664.551039699,1
Returning_Visitor,0,0.000095788,0,2,1,0.00025983,1287.906102118,0
New_Visitor,0,0.001107984,17.798643705,2,-6,0.000001536,1542.525566891,1
Returning_Visitor,,0.01,0,13,-5,0.010605538,142.518948728,0
Returning_Visitor,,0.06665998,7.147810988,5,3,0.003994683,1866.91214079,0
New_Visitor,0.4,0.029765699,0,,3,0.000362716,851.499460468,0
New_Visitor,0.4,0,0,4,1,0,1851.316532169,0
Returning_Visitor,,0.025339764,0,2,-7,0.001281986,642.891533363,0
Returning_Visitor,0,0.2,0,1,1,0.086798345,114.521409491,0
Returning_Visitor,0,0.002240493,128.177914519,2,-6,0.02,1426.84129313,1
Returning_Visitor,0.4,0.001174571,0,3,-9,0.002607791,1002.27197332,0
Returning_Visitor,0,0.046590872,49.173127885,4,1,0.02,2245.115155348,1
Returning_Visitor,,0.084392119,0,3,1,0.020842848,3250.47702072,0
Returning_Visitor,0,0.002209307,0,3,-6,0.000038727,2802.353618445,0
Returning_Visitor,0,0.2,10.64711255,2,2,0.032103886,82.222004542,0
Returning_Visitor,0,0.2,0,5,1,0.007430566,0.000009918,0
Returning_Visitor,0.4,0.006718557,0,1,2,0.00009485,152.751949397,0
Returning_Visitor,0,0.009651136,0,3,-7,0.01,249.437616915,0
Returning_Visitor,0,0.164105141,0,1,1,1.285661064,0.000009921,0
Returning_Visitor,0,0.095313788,0,2,2,0.02,1730.90156294,0
Returning_Visitor,0,,0,1,1,0.000018042,1346.563646146,0
Returning_Visitor,0.2,0.016989941,0,,2,0.00219474,651.94864121,0
Returning_Visitor,0,0.000221592,,,3,0,329.062403196,0
Returning_Visitor,0,0.046648929,0,2,1,0.003462532,840.246367822,0
Returning_Visitor,0,0.133889598,72.771209809,2,1,0,2038.495960913,1
Returning_Visitor,0,0.007591417,0,3,1,-0.04252833,195.602705466,0
New_Visitor,0.4,0.000432478,0,2,-5,0.000755102,342.803340735,0
Returning_Visitor,0,0.001965961,0,1,4,0.271880414,641.104628407,0
Returning_Visitor,0,0.035297907,0,2,1,0.000075714,2841.940590517,0
Returning_Visitor,,0.000699977,0,1,3,0.000001633,2730.679646706,1
Returning_Visitor,0.6,0.000731318,0,1,1,0.007349233,571.637385546,0
New_Visitor,0,0.319481705,0,2,4,0.1,512.401137059,0
New_Visitor,0,0.044499868,0,3,1,0.000821423,1660.896189568,0
Returning_Visitor,0,0.036259326,0,1,2,0,,0
New_Visitor,0,0.000003859,0,6,-6,0,3019.095590286,1
New_Visitor,0,0.05,0,4,1,0,1007.180733503,0
Returning_Visitor,0,0.003008944,10.844225629,3,3,0.04279956,0.000009939,0
Returning_Visitor,0.2,0,0,3,-6,0.029267331,109.437234014,0
Returning_Visitor,0,0.02,9.341429723,2,1,0,3076.721193837,1
Other,0,0.01,0,3,1,0.000000315,699.614833231,1
Returning_Visitor,0,0.058243435,27.963657794,,-6,0.069376489,1029.864837935,0
Returning_Visitor,0,0.020844563,0,2,-8,0.001054557,120.425639349,0
Returning_Visitor,0,0.00014833,0,1,-5,0.002331843,0.000009945,0
Returning_Visitor,0,0.00430935,0,4,2,0.000008461,,1
Returning_Visitor,0.2,0.02,98.503284404,3,-6,0.000000002,1619.747973493,1
New_Visitor,0,0.023766791,0,4,3,0.002468441,405.844199889,0
New_Visitor,0,0.093541255,,4,3,0.006835126,4140.198505434,1
Returning_Visitor,0,0.075708922,0,1,-8,0.000123481,248.701889902,0
Returning_Visitor,0,0.104898622,0,6,1,0.136001443,221.748314724,0
Returning_Visitor,0.8,0.08072368,14.119866837,2,1,0.02,2830.941411295,0
Returning_Visitor,0,0.005681923,0,5,3,0,783.698181752,0
,0,0.000044006,98.193140901,2,2,0,3086.690702699,1
New_Visitor,0,0.010657823,0,2,-7,0,2239.073918759,0
Returning_Visitor,0,0.01714349,0,,1,0.092154115,927.106992258,0
Returning_Visitor,0,0.032009816,0,2,1,0.007358423,638.975810433,0
Returning_Visitor,0,0.04303853,0,4,1,0.000000091,2328.564449451,0
Returning_Visitor,0,0.01,52.606866506,,1,0,5810.659731087,1
Returning_Visitor,0,0.02,0,2,1,0.01,751.844233898,0
Returning_Visitor,0,0.000195775,0,10,2,0.000048291,500.429916031,0
Returning_Visitor,0,0.006523683,0,4,4,0.025093922,1297.732843521,0
Returning_Visitor,0,0.000044096,2.460317526,2,-6,0.000043864,0.000009963,0
New_Visitor,0,0.057668147,22.336938084,1,1,0,955.393559813,1
Returning_Visitor,0,0.120442942,0,2,1,0.006586306,2029.414953302,0
Returning_Visitor,0,0.011856313,0,4,3,0.056235004,946.367949129,0
Returning_Visitor,0,0.02,0,2,-8,0.006775544,3486.170310673,0
New_Visitor,0,0.042840693,6.286039055,6,1,0.044627606,583.383726764,0
Returning_Visitor,0.4,0.104010031,0,2,1,0.004764003,107.433677528,0
Returning_Visitor,0,0.000009126,12.292207458,2,4,0,1239.800046342,1
New_Visitor,0,0.158966133,0,3,-7,0.000000632,977.17267443,0
Returning_Visitor,0,0.000066031,0,5,-7,0.083793983,2215.215841933,1
Returning_Visitor,0,0.058590505,0,4,-7,0.01,338.585036481,0
Returning_Visitor,0,0.115945561,0,12,1,0.000001331,2442.793864185,0
Other,0,0.003873009,0,2,4,0.006618087,2038.329938014,0
Returning_Visitor,,0.179618203,0,2,1,-0.019747342,1083.573653117,0
Returning_Visitor,0,0.05,0,2,3,0.017564138,73.947030858,0
New_Visitor,0.2,0.009942861,0,7,1,0.000953815,858.518870213,0
New_Visitor,0,0.003977617,38.598484608,2,-7,0,641.619491197,1
New_Visitor,0.4,0.012622803,0,17,4,0.006010979,294.889547007,0
Returning_Visitor,0.2,0.2,0,,3,0.019334543,2768.889755164,0
Returning_Visitor,0,0.007194776,0,5,2,0.00761642,325.219575319,0
Returning_Visitor,0,0.007794907,0,,-6,0,0.000009983,0
Returning_Visitor,0,0.006279301,0,3,-8,0.004697759,1206.851759554,0
Returning_Visitor,0,0.003614579,0,1,3,0.2,472.470228271,0
Returning_Visitor,0,0.2,85.774200442,1,1,0.05,3188.953915343,1
Returning_Visitor,0,0.029454306,0,3,4,0,1206.621749209,0
Returning_Visitor,0,0.000067659,0,1,2,0.000273558,179.239843555,0
Returning_Visitor,0.2,0.011300092,0,7,3,0.000023597,1084.937870535,0
Returning_Visitor,1,0.029011503,0,3,-6,0.026837096,2082.840825356,0
Returning_Visitor,0,0.00199429,0,2,1,0.023710478,0.000009991,0
,0.8,0.003607288,0,,-5,0.000928663,1469.12251562,0
Returning_Visitor,0,0.018228935,0,2,2,0.01,69.394660151,0
Returning_Visitor,0,0.000414355,5.062275023,1,1,0.000000151,0.000009994,0
,0,0.073049068,11.679677351,1,-5,0.071384598,222.265124708,0
Returning_Visitor,0.2,0.177051308,0,3,1,0.037133741,1596.926145661,0
Returning_Visitor,1,0.01810516,0,2,-8,0.003612072,0.000009997,0
Returning_Visitor,0.8,0.05,0,4,1,0.004693688,1751.50401138,0
Returning_Visitor,0,0.060701487,0,4,1,0,137.21780018,0
Returning_Visitor,0.4,0.023473055,,,1,0.052878781,2491.707962074,0
Returning_Visitor,0,0.001586972,,2,3,0.000000152,3704.387217977,0
Returning_Visitor,0,0.000000967,0,11,1,0,,1
Returning_Visitor,0,0.01,0,1,3,0.000504965,565.002719537,0
New_Visitor,0,0.151668241,0,2,1,0.01,1879.070424626,0
Returning_Visitor,,0.115599706,0,4,2,0.000034003,2833.611802053,0
Returning_Visitor,0,0.111186657,0,1,1,0.008434037,794.489224828,0
New_Visitor,0,0.000001584,60.445586236,2,-7,0,92.603744377,1
Returning_Visitor,1,0.060934571,0,2,1,0.016401791,0.000010008,0
,0,0.04312364,55.313983459,2,1,0.000000022,4116.388714131,1
Returning_Visitor,0,0.000374304,,4,2,0.068574192,,0
Returning_Visitor,0,0.043665188,0,7,1,0.01,1260.494050495,0
New_Visitor,0,0.031510506,0,2,3,0,2353.044635464,1
Returning_Visitor,0,,0,1,-6,0.006532415,1064.498819097,1
Returning_Visitor,0,0.009056577,0.389284614,5,3,0.067082708,2703.017460497,0
Returning_Visitor,0,0.018536812,4.795808278,1,1,0.071334846,632.51006104,0
Returning_Visitor,0,0.099390334,0,4,-6,0.001356934,1795.342892518,0
Returning_Visitor,0,0.013909774,0,5,4,0.005180532,4213.896384344,0
New_Visitor,0,0.004347316,0,2,-7,0.1,744.558593029,0
New_Visitor,0,0.001307635,0,2,-6,0.005961879,1487.619313735,0
Returning_Visitor,0,0.0427048,0,7,-8,0.031182894,1649.478917891,0
Returning_Visitor,0,0.047407211,0,4,-8,-0.112125468,185.925983148,0
,0,0.036996618,,1,1,0.017435766,1353.232861317,0
Returning_Visitor,0,0.019840905,0,3,1,0.00044902,622.740830133,0
Returning_Visitor,,0.000000017,0,,4,0.000000013,870.939198575,1
Returning_Visitor,0,0.1,,3,3,0.05,2781.452863705,0
Returning_Visitor,0,0,22.329108347,2,-6,0.000018082,652.457104071,1
Returning_Visitor,0.8,0.000651124,0,,1,0.05,1591.072752128,0
Returning_Visitor,0,0.182188739,0,1,4,0.001087642,2883.864253658,0
Returning_Visitor,0,0.00093737,43.882703954,1,-6,0.005882921,3698.553084732,1
Returning_Visitor,0,0.000000005,0,8,1,0,3532.36499099,1
Returning_Visitor,0,0.002945549,85.459938188,7,3,0,2569.140931293,1
Returning_Visitor,0,0.041351799,36.302056366,1,4,0,1232.999997047,0
Returning_Visitor,0,0.1,0,2,4,0,435.556154474,0
New_Visitor,0,0.001085356,111.297186987,5,1,0.146795885,2064.566007151,1
New_Visitor,0,0.00383573,41.480289223,2,4,0,1809.498045829,0
,,0.02,0,2,4,0.043411962,681.055941626,0
New_Visitor,0,0,0,4,3,0.001732962,939.222999193,0
Returning_Visitor,0,0.001532091,0,1,3,0.003357851,,0
New_Visitor,0,0.014531832,0,5,1,0.015071178,0.000010039,0
Returning_Visitor,0,0.049278,0,9,3,1.317982098,351.313499463,0
Returning_Visitor,0,,4.805885368,2,1,0,5611.15025615,1
Returning_Visitor,0,0.2,0,2,2,0.014731924,2303.795102155,0
Returning_Visitor,0,0.010770018,0,3,1,0.030276069,457.827091836,0
Returning_Visitor,1,0.037988266,0,,1,0.077803528,,0
New_Visitor,0,0.017676727,0,8,3,0,1657.417130509,0
Returning_Visitor,0,0.000086154,0,13,1,0.017463864,1645.108303679,0
Returning_Visitor,0,0.086455963,1.739241443,3,-8,0.007202224,1706.444739717,0
Returning_Visitor,,0.000319208,0,9,1,0.000023602,3500.407914457,1
Returning_Visitor,0,0.058869739,0,5,1,0.000209844,1226.56514752,0
Returning_Visitor,,0.051271547,0,2,1,0.000000329,0.00001005,0
New_Visitor,0,0.000480322,3.415380397,1,-6,0.013576461,256.535717139,0
New_Visitor,0,0,0,,1,0.000022786,1397.077225434,0
,0,,11.150931791,2,1,0,1314.868420827,1
Returning_Visitor,0,0.004851658,30.172939823,4,-5,0,1655.780693042,0
Returning_Visitor,0,0.013660962,16.562055406,1,-7,0.001260533,3987.817288707,0
New_Visitor,0,0.066013519,0,1,1,0.017663415,836.158870124,0
New_Visitor,0,0.005910094,14.107448514,2,3,0.002305274,594.691339519,0
New_Visitor,0.4,0.000087947,182.808452937,3,-7,0,913.43744152,1
Returning_Visitor,,0.025760408,,1,3,0.012580249,1291.909153241,0
Returning_Visitor,0,0.166792365,0,1,4,0.101910517,107.370179738,0
Returning_Visitor,0,0.002883864,0,2,1,0.000003697,631.696758585,0
Returning_Visitor,0.4,0.001153268,10.540795567,1,2,0.02,,0
Returning_Visitor,0.4,0.1,11.422096842,1,3,0.039847241,710.991300626,0
Returning_Visitor,0.2,0.001255736,0,3,1,0,703.594457931,0
New_Visitor,0,0.000000533,0,5,1,1.154638897,1166.727933138,0
Returning_Visitor,0.6,0.207329655,0,4,1,0.000000003,2979.140393167,0
Returning_Visitor,0,0.014959535,0,9,1,0.117987085,777.754120273,0
Returning_Visitor,0,0.234530383,0,6,3,0.000618383,1545.862981971,0
New_Visitor,0,0.031655471,0,4,2,0.02,907.91570349,0
Returning_Visitor,0,0.000505821,0,3,1,0.053163497,1032.392502537,0
Returning_Visitor,0,0.008425277,0,2,1,0.1,648.12153175,0
Returning_Visitor,0.8,,0,7,4,0.051081808,451.784136735,0
Returning_Visitor,0.2,0.033625778,0,1,3,0,760.146273272,0
Returning_Visitor,0.8,0.00617326,0,4,1,0.20627206,291.098847745,0
Returning_Visitor,0,,0,2,3,0.068846415,1139.092453054,0
Returning_Visitor,0,,0,7,-7,0,2926.761322604,0
Returning_Visitor,0,0.013015846,0,,1,0,1264.137972467,0
Returning_Visitor,0.2,0.151026592,5.991968855,1,1,0,,0
Returning_Visitor,0,0.040128304,0,13,3,0.014716788,728.742471806,0
New_Visitor,0,0.013586829,0,6,1,0,1223.025892679,0
New_Visitor,0,0.086009654,8.762192184,3,-5,0,600.847849223,0
New_Visitor,0,0.048343409,0,7,1,0.043722613,756.224760202,0
New_Visitor,,0.000258943,0,2,-5,0.392689059,0.000010083,0
Returning_Visitor,0,0.205484829,0,6,3,0.000028309,,0
Returning_Visitor,0,0.010230835,0,3,1,0.000000289,3120.878552125,0
Returning_Visitor,0,0.020599561,0,12,1,1.328982637,1303.32252739,0
Returning_Visitor,0,0.013235532,0,4,3,0.000000007,308.889263184,0
Returning_Visitor,0,0.000022757,16.648073213,2,-6,0.005832992,,0
New_Visitor,0,0.010090609,0,2,3,0.00000291,974.164970852,0
Returning_Visitor,0,0.11501228,9.100187697,1,1,0,475.924262889,0
New_Visitor,0,0.157367601,21.700309392,2,1,0.000000001,4141.32051498,1
Returning_Visitor,0,0.052327392,0,1,-8,0.10116368,984.747079172,0
Returning_Visitor,0,0.2,0,3,1,0.000887401,1034.079149275,0
New_Visitor,0,0.116796358,0,2,2,0.000620436,2465.003112541,0
Returning_Visitor,0,0.010249073,0,4,-7,0.000000001,1189.403077166,0
New_Visitor,0,0.105385283,0,1,-6,0.001840061,398.816902205,0
New_Visitor,0.2,0.094665187,0,5,1,0.024123136,2158.736913748,0
Returning_Visitor,0,0.026170631,4.810212001,2,-5,0.000002263,3868.740412709,0
Returning_Visitor,0.4,0.023111699,0,1,1,0.00000677,2949.160208916,0
,0,0.006171909,0,6,-5,0,1115.373253543,0
Returning_Visitor,0,0.194806125,3.494777836,1,3,0.011299672,98.621652239,0
Returning_Visitor,0,0.2,0,1,1,0.00183982,414.146692667,0
Returning_Visitor,0,0.000184678,0,1,-5,0.000436014,274.103888043,0
Returning_Visitor,0.2,0.01,16.570686801,3,1,0.142217846,1550.200909709,0
Returning_Visitor,0,0.103738128,0,7,4,0.000005664,0.000010105,0
Returning_Visitor,0,,0,5,4,0,,1
,0,0,0,2,3,0.042354104,1674.518015774,0
Returning_Visitor,0,0.02,0,1,1,0.049202299,2476.737291545,0
Returning_Visitor,0,0.009787025,0,3,3,0,494.886353319,0
Returning_Visitor,0,,0.390307204,5,1,0,1618.892169778,0
,,0.000012067,38.194335315,2,3,0.02,373.755085902,1
Returning_Visitor,0,0.001705702,0,1,-7,0.021150127,3412.086977243,0
New_Visitor,0,0.052868317,0,2,2,0,1337.391868627,0
Returning_Visitor,0,0.055691387,37.336516804,5,1,1.286472103,3180.76538799,0
Returning_Visitor,0.4,0.01403843,0,2,1,0.000245165,238.524020622,0
Returning_Visitor,0,0.033766516,0,3,1,0,846.267023718,0
Returning_Visitor,0,0.100466708,0,3,3,1.103781261,489.73796252,0
Returning_Visitor,0,0.2,0,6,2,0.001877796,2658.467090777,0
New_Visitor,0,0.006545768,0,3,1,0.041510521,1438.630137815,0
Returning_Visitor,0,0.005213645,0,8,-7,0.0044552,123.078346763,0
Returning_Visitor,0.2,0.001560425,0,2,1,0.000842336,630.630969775,0
Returning_Visitor,0,0.05741481,0,1,3,0.030498069,0.000010122,0
New_Visitor,0,0.008084131,2.630378167,1,1,0.061021388,57.625414951,0
Returning_Visitor,0,0.05,0,10,2,0.092022496,0.000010124,0
New_Visitor,0,0.00000553,37.478404417,2,-6,0,1787.179837048,1
Returning_Visitor,,0.007270156,0,6,1,0.025189319,,0
Returning_Visitor,1,0.000125542,21.589679359,,1,0.000000008,1554.863315276,1
Returning_Visitor,0,0.053229252,0,2,3,0.05,858.207024685,0
Returning_Visitor,0,0.027324566,0,8,3,0.013126605,1468.688460648,0
Returning_Visitor,0,0.000009767,11.360075039,2,-6,0.2,2611.812265889,1
Returning_Visitor,0,,0,2,1,0.005028344,2018.575143209,0
Returning_Visitor,0.2,0.006108162,0,3,1,0,2712.145199844,1
Other,1,0.01,0,2,4,0.000152194,2568.267211971,0
Returning_Visitor,0,0.051647924,0,3,1,0,4071.453396967,0
Returning_Visitor,0,0.001401012,0,2,1,0.022572598,1063.142814665,0
Returning_Visitor,0,0.2,0,2,2,0.03156517,362.312960271,0
New_Visitor,0,0.009688492,7.299276597,2,3,0.1,1649.442680847,0
Returning_Visitor,0,0.002998914,47.596992301,6,3,-0.105831292,2660.301565003,1
Returning_Visitor,0,0.008027703,6.421196095,9,-7,0.00000001,730.364287229,0
Returning_Visitor,0,0.013708773,0,7,1,0,761.788795299,0
New_Visitor,0.4,0.004362405,0,,-7,0.02,359.857428651,0
Returning_Visitor,,0.029895159,0,1,-6,0.000007165,900.473031288,0
Returning_Visitor,0,0.073075909,0,1,-5,0.006700828,270.77147912,0
Returning_Visitor,0,0.01,50.244081529,8,1,0.01,1533.037837177,1
Returning_Visitor,0,0.024596191,,5,-7,0.1,0.000010145,0
Returning_Visitor,0,0.000318161,0,7,2,0,922.742070728,1
,0,0.049578861,0,2,4,0.211445615,460.857028216,0
Returning_Visitor,0,0.014054727,64.943446397,2,-5,0,110.972114827,1
Returning_Visitor,0,0.127955216,0,3,1,0.058291976,246.818631301,0
New_Visitor,0,0.019713838,0,5,3,0.279684891,2314.219764359,0
New_Visitor,0,0.043549766,0,6,1,0.117512809,842.246506799,0
Returning_Visitor,0,0,0,4,3,0.05,2749.748199166,0
Returning_Visitor,0,0.2,16.205703419,2,-6,0.000629266,372.862068066,0
Returning_Visitor,0,0.025555832,0,7,1,1.018757266,1604.423821935,0
Returning_Visitor,,0.016241331,0,1,2,0.000209528,1847.449186353,0
New_Visitor,0,0,4.163081951,5,-7,0,448.270996947,0
New_Visitor,0,0.000381696,0,2,1,0.00027985,,0
Returning_Visitor,0.8,0.017090911,13.01490852,2,1,0,,0
Returning_Visitor,0.4,0.012259485,0,4,-7,0.10724864,208.947433861,0
Returning_Visitor,0,0.024452258,0,2,3,0.042751457,435.600888673,0
Returning_Visitor,0,0.001228573,0,3,-7,0.000025104,178.918385613,0
Returning_Visitor,0,0.007027468,11.259095248,1,1,0.001080048,3014.078528819,0
New_Visitor,0,0.034586198,0,2,2,0.008377014,1226.132252505,0
New_Visitor,0.6,0.095861289,0,4,1,0.002749077,2385.419650727,0
Returning_Visitor,0,0.002825672,0,2,1,0.119668806,246.806352217,0
Returning_Visitor,0,0.094629065,0,2,3,0.004065324,1759.847299984,0
Returning_Visitor,0.6,0.026180459,0,8,1,0,678.261235139,0
Returning_Visitor,0,0.077462685,0,1,1,0.000323501,719.94109511,0
New_Visitor,0,0.071365551,5.817891324,1,1,0.000182119,89.619370718,0
Returning_Visitor,0,0.149528184,0,2,1,0.000091494,409.615569784,0
Returning_Visitor,0,0.1,0,12,-5,0,608.145617121,0
Returning_Visitor,0,0.106626702,0,,1,0.05,0.000010172,0
Returning_Visitor,0.2,0.017419649,0,9,1,0.014965133,0.000010173,0
Returning_Visitor,0,0.05206553,0,4,-7,0.078721905,1751.514904899,0
Returning_Visitor,0.4,0.144034199,0,1,2,0.028342192,1119.960922229,0
Returning_Visitor,0,0.023248238,0,3,3,0.000641361,416.235310288,0
Returning_Visitor,1,,0,1,-6,0.043289736,903.380762198,0
Returning_Visitor,0,0.003350886,0,7,3,0.0326016,1020.407881014,0
New_Visitor,0.2,0.112531905,0,4,1,0.001924732,1403.248352628,0
Returning_Visitor,0,0.02463899,0,12,1,0.058839532,0.00001018,0
Returning_Visitor,0,0.041168939,11.655201627,2,-6,0.003067455,2609.24335684,1
Returning_Visitor,0,0.000004093,13.463188113,3,4,0,3597.491050524,1
Returning_Visitor,0,0,0,2,1,0.000074677,59.886383772,0
New_Visitor,0,0.000195193,0,3,3,0.000000473,121.820784478,0
Returning_Visitor,0,0.004431847,0,3,1,0.2,787.824058945,0
New_Visitor,0.6,0.058439048,0,2,4,0.000000256,621.057572125,0
Returning_Visitor,0,0.081840011,0,6,3,0.009505354,1061.727401192,0
Returning_Visitor,0,0.000101291,0,,1,0.000006004,1061.14047221,0
Returning_Visitor,0,0.11425516,0,2,1,0.130282948,295.098847112,0
New_Visitor,0.2,0.01741212,0,3,1,0.004860439,60.075347666,0
Returning_Visitor,0,0.070247153,0,1,1,0.000065461,1639.804895775,0
Returning_Visitor,0,0.046084155,0,5,1,0.000084579,1191.285382069,0
Returning_Visitor,0,0.049099565,1.875580152,3,4,0.01,4130.389213539,0
Returning_Visitor,0.2,0.064460578,0,6,1,0,543.125750146,0
New_Visitor,0,0.042897629,,1,3,0.000000002,1909.723953151,0
Returning_Visitor,0,0.057235836,0,,4,0,2164.04305149,0
Returning_Visitor,0,0.067613345,0,1,2,0,773.384811061,0
Returning_Visitor,0,0.002902992,0,2,4,0.2,915.517243372,0
Returning_Visitor,1,0.208295253,3.804288625,5,1,0,,0
,0,0.000007659,46.460191568,7,1,0,4305.271562939,1
Returning_Visitor,0.2,0.042934018,0,3,1,0.112231927,872.720243348,0
Returning_Visitor,0,0.004640017,0,1,1,0.000201595,720.621574575,0
Returning_Visitor,0,0.052289438,1.65709356,2,1,0.000884403,2364.498972138,0
New_Visitor,0,0.066510439,0,1,1,0,390.664849578,0
Returning_Visitor,0,0.002037927,8.270029087,5,1,1.102633744,0.000010205,0
Returning_Visitor,0,0.094332191,,2,1,0.006834562,1495.841259928,0
Returning_Visitor,0,0.000462315,0,,1,0.01,2311.74971527,1
,0,0.2,50.79674774,,1,0.000182121,1639.082256773,1
Returning_Visitor,0,0.008518002,0,4,3,1.281599798,963.152142281,0
,0,0.12400103,0,1,3,0.03704146,230.732930658,0
Returning_Visitor,0,0.013467888,59.962960005,2,-8,0.000002095,1186.703120178,1
New_Visitor,0.6,0.134185336,0,5,-5,0.010984756,2389.263841818,0
New_Visitor,0.2,,0,6,-6,0.048112371,1174.456899343,0
Returning_Visitor,0,0.112357602,0,2,1,0.001301738,289.658979741,0
Returning_Visitor,0,0.055306008,0,1,1,0.008954954,3716.829471263,0
New_Visitor,0,0.032800455,0,4,1,0.000100502,,0
Returning_Visitor,0.2,0.07204315,0,2,1,0.1,139.676359551,0
Returning_Visitor,,0.019112633,0,1,-8,0.01,87.506488291,0
New_Visitor,0,0.074100194,0,5,2,0.000172595,281.315458062,0
Returning_Visitor,0.8,0.045864509,0,2,-6,0.05,71.327701121,0
,,0.003894763,0,3,3,0.000000001,897.847207799,0
Returning_Visitor,1,0.044513435,0,1,1,0.02846763,1234.057934462,0
Returning_Visitor,0,0.000960951,4.910320379,4,4,0.000025269,659.141227731,0
Returning_Visitor,,0.089882116,0,2,-7,0.093393749,1266.067245034,0
New_Visitor,0,0.016609551,11.082016464,3,-7,0.008192491,433.63571469,0
Returning_Visitor,0,0.02,5.00365343,2,2,0.189703698,897.720434354,0
Returning_Visitor,0.2,0.010260458,,3,3,0.02,1726.321525639,0
,0,0.095232328,,5,3,0.018859843,1047.793918431,0
Returning_Visitor,,0.027434963,0,8,1,0.00404066,141.001518844,0
Returning_Visitor,0,0.011789715,0,12,-7,0.008764909,82.907279603,0
Returning_Visitor,0,0.03531548,15.078697522,4,-8,0,4496.446772709,1
New_Visitor,0,0.153930015,9.005701512,7,2,0.000905672,2765.120878191,0
Returning_Visitor,0.6,0,4.95469442,2,1,0,739.119607197,0
New_Visitor,0,0.2,0,2,1,0,136.457926538,0
Returning_Visitor,0.2,0.141507669,0,10,1,0.000003837,768.44352261,0
New_Visitor,0,0,61.774196765,2,1,0,1179.386167508,1
Returning_Visitor,0,0.034044745,,2,1,0.044645819,,0
New_Visitor,0,0.1501206,0,1,1,0.000847089,961.046195084,0
Returning_Visitor,0,0.024942497,96.647457663,1,1,0.1,1084.62632866,0
Returning_Visitor,0,0.003270142,53.833499512,3,-8,-0.249798845,5618.741122137,1
Returning_Visitor,0,0.000994955,0,3,-6,0.007292885,1435.130622244,0
Returning_Visitor,0.6,0.005916899,0,12,-6,0,1225.404430497,0
Returning_Visitor,0.2,0.173815218,0,4,1,0.000142125,1108.032587176,0
Returning_Visitor,0,0.01,,,4,0.00545475,392.760822003,0
Returning_Visitor,0.8,0.004905776,0,3,1,0,531.79952952,0
Returning_Visitor,,0.037542664,0,3,4,0.004482519,648.561471901,0
Returning_Visitor,0.4,,4.80771586,9,-6,0.000011119,0.000010247,0
Returning_Visitor,0,0.000021898,18.729927485,2,4,0.0001805,4267.366339385,1
Returning_Visitor,0.6,0.015053255,0,8,1,1.17472845,1638.908943722,0
Returning_Visitor,0,0.078410235,0,10,1,0.015704802,1141.794860176,0
Returning_Visitor,0,0.249648639,0,2,3,0.000000044,,0
Returning_Visitor,0.2,0.041808258,5.754371221,14,-8,0.02229482,1041.111360572,0
New_Visitor,0,0.01763501,0,4,1,0.08587787,364.341498711,0
Returning_Visitor,0,0.05,9.6669606,12,1,0.05,239.803235404,0
Returning_Visitor,0.2,0.000167277,0,2,1,0.001763815,40.289316314,0
New_Visitor,,0.040138127,0,,-8,0.010807567,0.000010256,0
Returning_Visitor,0,0.000021854,200.606001737,15,-6,0,3669.784684691,1
Returning_Visitor,0,0.081608962,0,2,1,0.00000713,,0
Returning_Visitor,0,0.023393976,0,1,1,0.05,1137.787141553,0
Returning_Visitor,0.2,0.105693475,0,,1,0.000164025,705.405834734,0
New_Visitor,0,0.039086945,0,5,1,0.043361654,413.011139232,0
New_Visitor,0,0.484025615,0,2,1,0.02,2615.682150735,0
Returning_Visitor,0.4,0.133154016,0,10,-6,0.007779034,555.333278628,0
Returning_Visitor,0,0.000021799,12.325893041,3,1,0,,1
New_Visitor,0,0.017406454,0,2,3,0.006356619,570.817778021,0
New_Visitor,0,0.165680213,0,7,4,0.089326247,1966.871275508,0
New_Visitor,0,0.00106996,47.157902607,8,1,0.02,681.427909952,1
New_Visitor,0,0.092992748,0,1,1,0,1262.955850338,0
Returning_Visitor,0,0.032296484,0,3,-7,0.043841792,922.626398473,0
New_Visitor,,,17.038874249,2,4,0.171591029,,0
Returning_Visitor,0,0.034926352,0,5,1,0.0699192,1422.273827494,0
Returning_Visitor,0,0.02,0,1,-8,0,198.293317096,0
New_Visitor,0,0.170616337,0,2,1,0,1733.814471521,0
Returning_Visitor,0,0.220223193,0,4,-6,0.02,985.155786171,0
Returning_Visitor,0,0.044970769,0,2,3,1.125456785,790.047259703,0
New_Visitor,0,0.001628386,0,1,3,0.000038257,756.764453629,0
Returning_Visitor,0,0.022533015,0,2,1,0.062597843,1605.776981719,0
New_Visitor,0.4,0.02,0,2,-8,0.000400462,815.733900841,0
Returning_Visitor,0,0.008118934,0,2,2,0.002381071,922.084288065,0
Returning_Visitor,0,0.035209385,0,1,4,0.001247525,2005.490940075,0
New_Visitor,0,0.091553609,0,3,1,0.000347231,3709.992470811,0
Returning_Visitor,0,0.035305902,4.602424919,1,1,0,104.784906219,0
Returning_Visitor,0.2,0.004952519,,10,1,0.038365183,1174.668751293,0
Returning_Visitor,0,0.01,67.341830727,3,1,0.05,266.36792856,1
New_Visitor,0,0.015507358,0,2,1,0,246.081707735,0
Returning_Visitor,0,0.023400281,0,1,4,0.000412119,1943.314690892,0
New_Visitor,0,0.01,36.104415896,8,3,0,3245.53991814,1
Returning_Visitor,0.2,0.020276956,1.699644674,3,-5,0.037180235,306.848020239,0
Returning_Visitor,0,0.000071714,34.378817521,8,4,0,1381.540123896,1
Returning_Visitor,0,0.010541474,0,2,-5,0.010978173,0.00001029,0
Returning_Visitor,0,,,2,4,0,53.095955684,0
Returning_Visitor,,0.1,0,11,1,0,425.375485013,0
Returning_Visitor,0.6,0.00031996,0,1,1,0,197.274688477,0
New_Visitor,0,0.073772971,0,10,4,0.000517308,174.049010934,0
Returning_Visitor,0.4,0.179501617,0,3,-5,0.01,674.366500921,0
Returning_Visitor,,0.007285487,0,2,1,0,1885.993747223,0
New_Visitor,0,0.01,125.666285098,1,-5,0,3606.375517713,1
Returning_Visitor,0.2,0.047833193,0,1,1,0.00883825,90.611372382,0
New_Visitor,0,0.05,0,5,4,0.1,,1
Returning_Visitor,0,0.05,0,9,-6,0.011087521,221.274529759,0
Returning_Visitor,0,0.045594826,0,,-8,0.2,1777.155744193,0
New_Visitor,0.8,0.001274049,0,2,-8,0.028131477,0.000010302,0
,0,0.013319688,0,1,-7,0.015709556,2056.396660571,0
Returning_Visitor,0,0.048515018,0,2,1,0.000134141,359.13536391,0
New_Visitor,0,0.069767437,0,2,-5,0.022903648,880.297138753,0
Returning_Visitor,0,0.102743463,0,4,1,0.000481537,1140.243514239,0
Returning_Visitor,0.4,0.045556488,5.514768873,1,1,0.063050369,0.000010307,0
Returning_Visitor,0,0.000000013,0,7,1,0.017975115,1648.765107093,1
Returning_Visitor,0,0.026622766,0,2,-7,0.102681694,340.812973283,0
New_Visitor,,0.004325897,5.191083231,2,2,0.00000005,,0
Returning_Visitor,0.2,0.040520519,0,4,1,0,464.099299821,0
Returning_Visitor,,0.197836035,0.804315506,1,-7,0.000011151,,0
Returning_Visitor,0,0,0,4,1,0.000196853,925.086651939,0
Returning_Visitor,,0.100511665,0,7,3,0.000076196,905.953487661,0
Returning_Visitor,,0.195750775,8.522963245,2,1,0.003644314,643.067701032,0
Returning_Visitor,0,0.009707792,0,2,2,0.022168936,1572.083689982,0
New_Visitor,0,0.000179094,19.286291808,9,3,0.05,1009.318409104,1
New_Visitor,0.6,0.017574689,0,2,4,0,917.26956603,0
Returning_Visitor,0.6,0.178961108,0,2,1,0.018257405,2123.034924257,0
Returning_Visitor,0,0,0,5,1,0.012748941,2173.837016678,0
Returning_Visitor,0,0.1,0,6,1,0.02905584,3091.098181952,0
Other,0.2,0.022544271,0,5,-6,0.011863873,491.649345229,0
Returning_Visitor,0,0.005363672,0,3,1,0,343.480775106,0
Returning_Visitor,0,0.005917618,19.751245148,2,4,0,697.150557293,0
Returning_Visitor,,0.00482387,0,2,-7,0,255.545910323,0
Returning_Visitor,0,0.045795979,19.217064851,5,1,0,230.189375736,0
Returning_Visitor,0,0.111087721,0,2,1,0.000000412,1512.039218674,0
Returning_Visitor,0.2,0.004242961,0,6,3,0,1122.519687847,0
New_Visitor,0,0.103053664,0,9,1,0.245635508,3814.600101179,0
Returning_Visitor,0,0.034480887,0,3,1,0.001338538,0.00001033,0
Returning_Visitor,0,0.026400569,2.757363642,2,1,0.000000005,1369.631787463,0
New_Visitor,1,0.000007993,55.990022767,4,2,0,341.866884808,1
New_Visitor,0,0.070504644,0,3,1,0,568.509458772,0
New_Visitor,0,0.055588237,0,3,3,0.002010573,821.503997302,0
Returning_Visitor,0,0.032989074,0,2,2,0.000811139,57.347271309,0
New_Visitor,0,0.000029088,0,1,1,0.000561507,1881.294171947,1
Returning_Visitor,0,0.01,0,,1,0,220.293481824,0
Returning_Visitor,0,0.059037624,0,1,1,0.024897754,985.524306798,0
,0,0.001423353,0,1,2,0.005357691,211.428675161,0
Returning_Visitor,0,0.027108071,0,9,2,0.02393507,222.729963763,0
Other,0,0.148415644,0,2,3,0.011981196,173.267302761,0
Returning_Visitor,0,0.129748073,,2,3,0.000072197,520.371845575,0
Returning_Visitor,0,0.1,0,2,1,0,593.160698089,0
Returning_Visitor,0,0.053129563,,6,4,0.02,682.500775654,0
Returning_Visitor,0,0,0,2,1,0,2071.90848463,0
,0,0.001675938,8.058632207,2,1,0.000312828,794.243164126,0
Returning_Visitor,0,0.001675631,5.626682039,2,2,0.156059243,219.74897179,0
Returning_Visitor,0,0,0,1,1,0,2660.331010091,1
,0,0.017322061,0,2,1,0.012482049,230.00164925,0
Returning_Visitor,0.2,0.067689474,1.352884667,6,1,0.05,826.986712065,0
Returning_Visitor,0,0.038169278,47.639585293,2,3,0,2626.861315634,1
Returning_Visitor,0,0.038859234,0,14,3,-0.061856672,348.122274125,0
New_Visitor,0.8,0.013451311,0,,1,0.000106691,331.430173939,0
Returning_Visitor,0,0.010642397,0,10,1,0.000024804,447.913209036,0
Returning_Visitor,0,0.029224989,0,10,-8,0.081376041,850.009435984,0
Returning_Visitor,0.2,0.107041897,4.173137343,2,1,0,1621.668246276,0
New_Visitor,0,0.018396591,0,2,1,0,1587.28938545,0
Returning_Visitor,0,,,4,-8,0,2442.112796581,1
Returning_Visitor,0,0.000252721,168.425888327,4,1,0,1526.304996806,1
Returning_Visitor,0,0.156750709,0,3,-8,0.031547749,1435.741507456,0
Returning_Visitor,0,0.000014438,24.617750279,1,-6,0,2376.31118413,1
Returning_Visitor,0,0.010439658,1.424506809,,2,0.083033242,0.000010362,0
New_Visitor,0.4,0.019423868,0,1,1,0.022436132,1943.547915927,0
Returning_Visitor,0,0.022038912,0,7,1,0,292.945851475,0
New_Visitor,0,0.025005685,18.532923505,2,4,0.035080158,367.95411825,0
Returning_Visitor,0,0.010876993,0,3,1,0.05,831.690623421,0
Returning_Visitor,0,0.000043698,0,9,-6,0.02357494,476.412581575,0
Returning_Visitor,0,0.1,0,2,-8,0.165223616,0.000010368,0
Returning_Visitor,0,0.041366155,0,2,2,0.001486075,894.286073506,0
Returning_Visitor,0,,0,2,1,0,209.442112859,0
Returning_Visitor,0,0.01,16.051827786,1,2,0.002434155,1348.472799815,0
Returning_Visitor,0,0.004888524,0,10,1,1.35883883,945.88495286,0
Returning_Visitor,0,0.030218037,16.736092766,2,3,0.195927329,4354.451337625,0
,0,0.015240828,0,3,3,0,161.587588559,0
Returning_Visitor,0,0.022861717,0,2,3,0.038662033,1130.975733443,0
Returning_Visitor,0,0.004136421,0,1,1,0.000077593,839.563679425,0
Returning_Visitor,,0.016760337,0,8,-7,0.05,1175.462832978,0
Returning_Visitor,0,0.032894963,0,11,1,0.000000628,0.000010378,0
Returning_Visitor,,0.006426956,0,4,1,0.022434034,430.326974661,0
Returning_Visitor,0,0.09181986,0,2,-6,0.02,699.849297628,0
Returning_Visitor,0,0.19769796,0,1,3,0.009320275,268.486709017,0
New_Visitor,0,0.02,3.828157738,2,-6,0.027411877,1348.257011646,0
Returning_Visitor,0,0.100793985,0,2,3,0.004861642,1449.310370016,0
Returning_Visitor,0,0.2,0,2,1,0.000201745,2586.85069991,0
Returning_Visitor,1,0.035480186,0,17,1,0.1,674.681942226,0
,0,0.052209683,0,,-6,0.000139709,667.520403554,0
Returning_Visitor,0,,0,1,-7,0,1992.623509984,0
Returning_Visitor,0,0.059932891,3.022651647,7,3,0.000028181,582.907699004,0
Returning_Visitor,0,0.001959142,24.125991779,3,-8,0,960.013423001,1
Returning_Visitor,0,0.000020105,34.629559002,2,-8,0.01,629.698243509,1
New_Visitor,0,0.003821961,,2,4,0.006531634,891.844222097,0
Returning_Visitor,0,0.002471141,0,1,1,0,349.7747267,0
New_Visitor,0,0,108.033921838,3,3,0,1138.078286488,1
New_Visitor,0,0.000105165,0,2,3,0.000000888,1442.627970852,0
Returning_Visitor,0,0.008534034,0,1,-6,0.000003029,803.763304286,0
Returning_Visitor,0,0.092177228,0,3,-7,0.002925108,0.000010396,0
Returning_Visitor,0,0.000296643,0,3,3,0.000002323,0.000010397,0
Returning_Visitor,0,0.000012058,0,4,-6,0.000000001,3352.677572349,1
Returning_Visitor,0,0.000036314,12.644866652,5,-8,0,1537.433608497,1
New_Visitor,0,0.026788229,1.861616898,4,-7,0.108693823,1074.375031891,0
,0,0.003914087,0,9,-8,0.2,591.086650933,1
Returning_Visitor,0.2,0.090254705,0,1,2,0.017635337,545.47423557,0
Returning_Visitor,0,0.000328574,24.140372753,2,1,0,764.144455723,1
Returning_Visitor,0,0.011444812,0,3,1,0.002699029,816.397091473,0
Returning_Visitor,0,,0,1,2,0.02,0.000010405,0
New_Visitor,0.2,0.000378828,0,5,2,0.031024912,,0
Returning_Visitor,0.2,0.000229413,0,2,1,0.1,1094.985341887,0
Returning_Visitor,0,0.117870365,0,8,3,0.000005883,1876.273494473,1
New_Visitor,0,0.018751349,0,11,-6,0.000288192,0.000010409,0
New_Visitor,0,,0,2,3,0.010709244,753.125901951,0
New_Visitor,0.8,0.063720678,0,2,3,0.030258716,3001.646151482,0
Returning_Visitor,0,0.060803832,0,3,4,0.023792248,374.039491729,0
New_Visitor,0,0.002150464,0,2,3,0.083869674,0.000010413,0
New_Visitor,0,0.000938919,0,8,3,0.008493738,1978.490778328,0
Returning_Visitor,0,0.007037332,0,3,4,0.04474742,4149.006216342,0
Returning_Visitor,0,0.010368215,0,2,-7,0.211804105,893.374084681,0
Returning_Visitor,0,0.032005783,0,,1,0.087786075,736.15461435,0
Returning_Visitor,0,0.007071188,0,5,-7,0.000060884,0.000010418,0
Returning_Visitor,0,0.002090936,0,3,1,0.000135262,3849.435099179,0
Returning_Visitor,0,0.001451941,16.431085181,2,1,0.036270801,1225.021139321,0
Returning_Visitor,0,0.001917037,0,,1,0,689.028283206,0
Returning_Visitor,0,0.075386867,27.616002103,8,1,0.00000001,1957.843570577,0
Returning_Visitor,0.6,0.004993165,0,7,4,0.002784101,305.139700629,0
Returning_Visitor,0,0.043540253,0,15,1,0,496.037131843,0
Returning_Visitor,0,0.046177738,0,3,1,0.003247521,1102.945816312,0
Returning_Visitor,0,0.000002314,0,1,2,0,902.506242249,1
Returning_Visitor,0.4,0.005838543,0,1,1,0,1138.679295146,0
Returning_Visitor,0,0.002946245,0,,-6,0.092164759,0.000010428,0
Returning_Visitor,0.4,0.004312847,0,5,3,0.004025221,,0
Returning_Visitor,0,0.2,0,5,1,0.009659251,1406.4305537,0
Returning_Visitor,1,0.002498388,0,2,1,0.018478292,2751.071337482,0
Returning_Visitor,0,0.040057764,0,2,4,0.097077085,,0
Returning_Visitor,0,0.091227353,,,1,0,2963.056223297,0
Other,0,0.062584019,,8,4,0,1115.554719873,0
Returning_Visitor,0.6,0.006551677,0,3,-7,0.003760447,1060.487201783,0
Returning_Visitor,0,0.080575515,,5,1,0.000003159,750.774059783,1
Returning_Visitor,0,0.00544883,9.763757743,,3,0.02,412.282779755,0
New_Visitor,1,0.01,0,2,3,0.018468021,2268.485369484,0
Returning_Visitor,0.2,0.030308207,0,4,1,0.042253409,371.444289633,0
Returning_Visitor,0,0.012174178,10.137861864,9,-6,0.002052388,1294.766303323,0
Returning_Visitor,0,0.000307689,0,2,3,0.02,2184.698430139,1
Returning_Visitor,0,0.017027496,0,12,3,0.000545604,56.871773552,0
Returning_Visitor,0,0.1,38.925710338,2,3,0.000000388,2298.784951756,1
New_Visitor,0,0.05,0,2,2,0.122993358,852.250868307,0
Returning_Visitor,0,0.01,0,1,3,0.000416183,1025.88466217,0
Returning_Visitor,0,0.000295869,61.56656801,16,-8,0,1395.519118579,1
Returning_Visitor,0,0.148596959,0,2,-7,0.011345292,,0
Returning_Visitor,,0.000978424,0,6,3,0.069590314,825.371052967,0
Returning_Visitor,0,0.00037874,0,18,3,0.000020446,2152.973389506,0
Returning_Visitor,0,0.05,0,2,3,0.192096515,825.335168513,0
Returning_Visitor,0,0.002133543,0,,4,0.000000376,839.640330294,0
,0,0.13823962,0,1,3,0.009848352,0.000010452,0
Returning_Visitor,0,0.008375664,,2,1,0,583.734169394,0
Returning_Visitor,0.2,0.007283122,0,4,1,0.000803715,715.495963058,0
Returning_Visitor,0.2,0.000651088,62.622550364,7,1,-0.065337418,814.754201776,1
Returning_Visitor,0,0.03081374,0,2,1,0.01,503.97278526,0
Returning_Visitor,0.2,,9.239100337,15,-7,0.085200928,768.044197693,0
Returning_Visitor,0,0.05,16.854514473,,2,0.000111687,149.480824761,0
,0,0.011494162,,3,1,0,4135.726657492,1
Returning_Visitor,0,0.106231363,0,12,1,0.000341506,2262.523349154,0
Returning_Visitor,0.2,,0,5,1,0.122561226,188.704707968,0
Returning_Visitor,0,0.11007866,0,7,-8,0.2,159.630672977,0
Returning_Visitor,,0.099051916,0,2,1,0.000385006,688.170723884,0
Returning_Visitor,0,0.000286992,0,3,-8,0.00000346,3504.778332448,1
Other,0,0.050239011,0,7,-6,0.017036974,196.632586988,0
Returning_Visitor,0,0.003161401,0,8,2,0.000015232,0.000010466,0
New_Visitor,0.2,0,0,1,-9,0,1649.030474673,0
Returning_Visitor,0,0.009120433,0,,4,0.00107291,899.895903584,0
New_Visitor,0,0.000046443,42.431833844,1,2,0.2,0.000010469,0
Returning_Visitor,0,0.018072203,0,3,2,0.000001756,494.123664389,0
Returning_Visitor,0,0.002862103,17.550005271,13,3,0.000725326,,1
Returning_Visitor,0,0.02,33.216915684,2,1,0.004100586,800.213624625,0
Returning_Visitor,0,0.000006642,0,4,-5,0,1127.687267158,1
Returning_Visitor,0.2,,0,4,-6,0.000100316,845.582342345,0
Other,0,0.099316663,0,3,-6,0.023434583,1100.328815748,0
Returning_Visitor,0,0.001070977,0,2,1,0.042221736,155.972696233,0
Returning_Visitor,0,0.010067643,7.35343135,3,3,0.02,491.386891717,0
Returning_Visitor,0,,0,2,4,0.000606188,3113.270656521,0
Returning_Visitor,0,0.038858059,0,2,4,0.001746647,907.628293786,0
Returning_Visitor,0,0.000165784,8.40695837,,3,0.000164447,3426.339586373,1
Returning_Visitor,0,0.042344724,0,2,1,0,0.000010481,0
,0,0.008845688,17.214293255,20,2,0.000243728,3442.466948073,1
Returning_Visitor,0,0.02,0,2,3,0.000078331,1515.273164184,0
Returning_Visitor,0,0.156246486,0,4,-8,0.001883831,308.042157292,0
Returning_Visitor,0,0.002682706,286.665616889,1,-8,0,5102.522420823,1
Returning_Visitor,0,0.071969457,,3,2,0,282.748090898,0
Returning_Visitor,0,,0,6,3,0.05170962,591.677287676,0
Returning_Visitor,0,0.030331036,0,2,1,0.035842896,494.859029202,0
Returning_Visitor,0,0.128658819,0,1,-6,0.002145196,426.781494572,0
Returning_Visitor,0,,0,1,1,0,655.346935956,0
Returning_Visitor,0.2,0.017098579,0,2,1,0.090029636,808.244611087,0
Returning_Visitor,0,0.092581124,0,,4,0.016227629,937.335197661,0
Returning_Visitor,0,0.04895231,0,2,4,0.000291964,297.232110021,0
New_Visitor,,0.000000003,68.941786533,3,1,0.000078609,4637.538331139,1
Returning_Visitor,0,0.034363934,0,3,2,0.000387011,785.610075181,0
Returning_Visitor,0,0.037819444,0,4,3,0,2172.152771288,0
Returning_Visitor,0,,0,9,3,0.000011981,38.496293683,0
Returning_Visitor,0,0.01,0,1,-6,0.002390672,489.031700996,0
New_Visitor,0,0.000386759,,10,-8,0,1762.3903229,1
New_Visitor,0,0.000028106,20.696964687,2,2,0,1813.168622239,1
Returning_Visitor,0,0.050022519,0,3,1,0.012882834,2139.966525845,0
Returning_Visitor,0,0.001747203,0,11,4,0.02,2423.636014411,0
New_Visitor,0,0.000772549,0,4,3,0.000011003,1010.433978563,0
Returning_Visitor,0,0.075947353,0,4,2,0.000324991,699.42526884,0
Returning_Visitor,0.8,,0,2,1,0,3019.100789349,0
,0,0.004398329,0,2,1,0.2,696.135660318,0
Returning_Visitor,0,,0,3,1,0.036690422,403.662984662,0
Returning_Visitor,0,0.004637329,278.822628289,5,3,0.000000816,991.475127415,1
New_Visitor,0,0.034502056,21.324023682,3,1,0.000265189,2192.197664946,0
Returning_Visitor,0,0.000516549,0,2,3,0,389.973004895,0
New_Visitor,0,0.003707832,19.245649739,1,3,0.0218323,4000.894895111,0
Returning_Visitor,0,0.055710332,0,12,-8,0.000093938,253.59174706,0
Returning_Visitor,0.8,0.067065378,,2,-6,0.00008367,749.164914373,0
Returning_Visitor,0,,0,3,-6,0.000000036,222.352323792,0
Returning_Visitor,0,0.011165766,0,14,1,0.000573367,460.437616468,0
New_Visitor,0,0.04817192,0,2,-8,0.096244824,500.627781271,0
Returning_Visitor,0,0.008803622,0,1,4,0.014769206,847.019667703,0
Returning_Visitor,,,0,,2,0.021971236,559.177590629,0
Returning_Visitor,0,0.299776627,0,9,1,0.081838717,1590.505687889,0
Returning_Visitor,0,0.0864513,0,7,1,0.00412649,616.778252995,0
Returning_Visitor,0,0.020039171,0,2,-5,0.000016094,906.784666628,1
Returning_Visitor,0,0.004833851,0,1,-9,0.05,886.189618476,0
Returning_Visitor,0,0.02617315,0,1,4,0.1331924,495.713758282,0
Returning_Visitor,0,0.228206223,67.709261649,4,3,0,439.137322082,1
New_Visitor,0,0.03441352,14.468163023,9,1,0.05,2353.437052439,0
Returning_Visitor,0,,0,2,4,0,661.928511062,1
Returning_Visitor,0,0.009464665,0,3,-5,0.02,1719.560715833,0
Returning_Visitor,,0.015908135,0,18,3,0.069486027,152.115546493,0
Returning_Visitor,,0.01,0,4,-6,0,391.163561996,0
Returning_Visitor,0,0.056736908,0,,2,0.004599808,2246.045996223,0
Returning_Visitor,0,0.05,0,,1,0.000831633,,0
Returning_Visitor,,0.001389739,0,1,4,0,623.888322313,0
Returning_Visitor,0.4,0.149302363,0,2,-8,0,373.063496939,0
Returning_Visitor,0,0.00362791,53.741167748,3,3,0.000000762,1307.179940808,1
Returning_Visitor,0,0.009629748,0,1,3,0.01,5002.445444044,1
Returning_Visitor,0,0.052295126,0,2,-6,0,1050.474027743,0
Returning_Visitor,0,0.01,160.244241016,3,1,0,527.796325312,1
New_Visitor,0,0.03820167,0,,1,0.00000402,1863.620932761,0
New_Visitor,0.6,0.01,,10,3,0.003700451,1243.046226139,0
Returning_Visitor,0,0.00248621,0,3,4,0,1480.772994346,0
Returning_Visitor,0,0.086227281,0,1,3,0.000000129,1068.562091673,0
Returning_Visitor,0,0.046477894,0,5,4,0.002576428,2002.421902176,0
Returning_Visitor,0,0.00909267,0,2,2,0.000558592,127.67479575,0
Returning_Visitor,0,0.013996331,0,3,4,0.01,4305.538565579,1
Returning_Visitor,0,0.025400036,0,3,2,0.007915203,577.810167389,0
Returning_Visitor,0,0.1,5.785034924,1,3,0.000471362,1759.147490472,0
,0,0.168033319,0,2,1,0.000042016,468.727970614,0
Returning_Visitor,0,0.001363183,3.098640178,3,-6,0.003018794,632.072094509,0
Returning_Visitor,0,0.2,0,3,3,1.476797832,0.000010549,0
Returning_Visitor,0.6,0.02,0,4,3,0.038880949,551.216764624,0
Returning_Visitor,0,0.000002395,57.431586951,,1,0,988.439662876,1
New_Visitor,0,0.142689021,0,,1,0.000518352,406.835796242,0
Returning_Visitor,0,0.081701865,0,3,-6,0.003577483,1024.477843712,0
Returning_Visitor,0,0.113395836,14.439713746,2,4,0.05,2766.540383598,1
Returning_Visitor,0,0.072094361,0,12,1,0.082870249,1439.314736581,0
Returning_Visitor,0,0.005112929,0,2,-7,0.013027908,303.933223763,0
Returning_Visitor,0,0.000008513,0,9,2,1.185551278,915.23877565,1
Returning_Visitor,0.2,0.043236019,,2,-5,1.482932914,637.194961202,0
New_Visitor,0,,0,4,3,1.225942848,3065.694744257,0
Returning_Visitor,0,0.027389207,0,13,2,0.000077039,910.497082343,0
Returning_Visitor,0,0,1.002962844,6,1,1.409797678,,0
Returning_Visitor,0,0.008638238,0,9,-5,0.001704805,309.213488861,0
Returning_Visitor,0,0.075836798,0,7,2,0.027390225,1555.892895199,0
Returning_Visitor,0,,0,2,1,0.011728208,2225.207582101,0
Returning_Visitor,0,0.000626164,0,2,1,0.019498263,1657.894973927,0
Other,0,0.106770721,0,2,-5,0.01,,0
Returning_Visitor,0,,0,16,1,0,598.90281277,0
Returning_Visitor,0,0.057373999,0,4,-5,0.052565538,1015.953395316,0
Returning_Visitor,0,0.103713593,0,12,4,0.05,1634.759674808,1
Returning_Visitor,0,0.02876311,5.158125066,,3,0.054363712,1214.705706021,0
Returning_Visitor,0,0.077673952,0,9,-5,0.003761215,1790.37413172,0
Returning_Visitor,,0.014017052,,2,3,0.001305406,1330.93921043,0
Returning_Visitor,0,0.149995309,0,4,1,0.001292948,989.253402038,0
Returning_Visitor,0,0.081297085,,4,1,0.000158314,2085.631038801,0
,0.6,0.09375553,0,3,-7,0,277.577897718,0
Returning_Visitor,0,0.006872018,0,2,-6,0.02,425.670634493,0
Returning_Visitor,0,,0,5,-6,0.000760123,2733.20348381,0
Returning_Visitor,0,0.001804646,0.789533845,2,3,0.021247628,761.850946801,0
Other,0,0.01,0,4,3,0,2194.968580529,0
Returning_Visitor,0.4,0.000932271,39.653213471,,3,0.01,2923.324462633,1
Returning_Visitor,0,0.002703999,0,1,1,0.000000357,919.366133728,0
New_Visitor,0,0.004835748,4.134798221,2,4,0.000004784,2453.760200159,1
Returning_Visitor,0,0.004605815,0,7,-8,0.000786742,2021.998570111,0
Other,0,0,0,3,-7,1.436178912,1568.766317083,0
New_Visitor,0,0.020106368,0,6,3,0.001598353,2999.455097341,0
Returning_Visitor,0,0.000407732,0,7,-7,0.05,763.314077899,1
,0,0,0,,1,0.000006194,1129.469164517,0
,0,0.024874824,0,2,1,0.002561999,0.000010588,0
Returning_Visitor,0,0.000000912,0,3,1,0.000426094,1157.072027564,0
New_Visitor,0,0.007396397,0,3,3,0.070789042,611.350234139,0
Returning_Visitor,0,0.133697126,17.655015819,,-6,0.007159306,494.958761816,0
,0,0.001451125,0,8,1,0.097586139,1894.050234123,0
New_Visitor,0,0.000649847,0,4,1,0.000894273,,0
Returning_Visitor,0.4,0.000178512,0,2,1,0.000006597,904.790241894,0
New_Visitor,0,0.134793785,0,2,4,0.000099912,941.288747244,0
Returning_Visitor,0,,0,2,-5,0.034056926,,0
Returning_Visitor,0,,0,2,3,0.019137043,1561.476491536,0
Returning_Visitor,0,0.000012502,0,2,2,0.010887552,3269.561753995,1
Returning_Visitor,0,0.002460234,0,3,4,0,1020.909554423,0
Returning_Visitor,0,0.056329672,0,3,1,0.003004009,2588.521997,0
Returning_Visitor,0,0.000637983,21.304374817,1,-5,0.083297082,326.057411335,1
New_Visitor,0,0.001873951,0,2,-7,0,0.000010602,0
Returning_Visitor,0,0.113703107,,4,-7,0.00000628,584.687644147,0
Returning_Visitor,0,0.005785399,0,2,1,0,2885.999836343,1
Returning_Visitor,0,0.00913406,0,2,4,0,432.740627842,0
Returning_Visitor,0,,0,4,3,0.012975593,662.620798001,0
Returning_Visitor,0.8,0.05,0,2,1,0.02,4403.328652778,0
Returning_Visitor,0,0.064963418,0,3,-7,0.037481581,324.304447475,0
Returning_Visitor,0,0.000918943,0,1,1,0.02,1175.285473838,0
Returning_Visitor,0,0.1,14.823684185,2,3,0.00102327,1567.179813402,0
Returning_Visitor,0,0.044961094,33.613260025,4,-7,0.067567959,1725.248589967,0
Returning_Visitor,0,0.051397296,0,1,1,0.000809397,687.391398701,0
Returning_Visitor,0.2,0.052667903,0,2,1,0.000009065,1361.286364239,0
Returning_Visitor,0,0.077655772,0,7,1,0.000044328,1428.374322897,0
Returning_Visitor,,0.001942252,0,2,2,0.000001059,2170.234377236,0
Returning_Visitor,0,0.006721098,8.979351446,2,2,0.000481142,1212.759138657,0
New_Visitor,0,,0,2,1,0,787.736765034,0
Returning_Visitor,0.6,0.01,0,4,-8,0,0.000010618,0
Returning_Visitor,0,0.046362785,0,2,-6,0.115649331,329.11735879,0
Returning_Visitor,0,0.111568557,0,4,1,0.026832529,260.177518807,0
Returning_Visitor,0.2,0.000007159,0,3,1,0,418.604088435,0
Returning_Visitor,0,0.064282087,0,3,1,0.000005258,570.476660397,0
Returning_Visitor,0,0.006382201,0,,1,0.030369555,257.010680166,0
New_Visitor,0,0.052988745,4.864634021,,3,0.024666848,424.161486113,0
Returning_Visitor,0.2,0.01,0,2,-7,0.000004624,3247.615345412,0
Returning_Visitor,0,0.003388679,44.019909034,6,1,0.000222518,5020.535259538,1
Returning_Visitor,0,0.223270262,25.012014799,2,2,1.260056326,1029.610170722,0
New_Visitor,0,0.1,0,2,4,0,1722.822914923,1
Returning_Visitor,0,0.000000095,0,4,-7,0,2132.69939434,1
Returning_Visitor,0,0.094811778,0,1,1,0.000183372,2411.026856101,0
Returning_Visitor,0,0.000003965,0,5,1,0,762.237004795,1
Returning_Visitor,0,0.02271489,5.322929774,10,1,0.01,522.146359617,0
Returning_Visitor,0,0.0004081,0,4,-8,0.061677621,1646.244833528,0
Returning_Visitor,0,0.035096534,0,2,1,0,,0
Returning_Visitor,0,0.004688286,0,7,2,0.014843423,1340.026223131,0
New_Visitor,0,0.00813755,,2,1,0.007461516,2861.471236381,0
Returning_Visitor,0,0.034172745,0,2,1,-0.041177044,1064.406716466,0
Returning_Visitor,0.2,0.045389919,0,3,-6,0.014092771,1428.309466535,0
Returning_Visitor,0.6,0.004226926,0,10,4,0.05,1685.534686459,0
Returning_Visitor,0,0.208622003,0,3,1,0.011963074,0.00001064,0
Returning_Visitor,0.8,0.0210564,0,2,1,0.003156924,2360.706267031,0
Returning_Visitor,0,0.006877988,21.219050728,7,-6,0,,1
Returning_Visitor,0,0.103216024,0,7,1,0.08318461,1468.978966238,0
Returning_Visitor,0,0.184889176,24.523670976,1,4,0.000085398,922.745393501,0
Returning_Visitor,0.6,0.05197439,0,2,-7,0,,0
Returning_Visitor,0,0.011431458,0,3,1,0.000155857,3145.436828428,0
Returning_Visitor,0,0.005942528,0,4,-7,0.000175837,113.418243472,0
Returning_Visitor,0,0.00711818,15.395640717,4,2,0.005143397,3805.132660076,1
Returning_Visitor,0,0,0,1,3,0.001034945,1235.411795643,0
Returning_Visitor,0,0.000442158,0,6,1,0.05,646.905823327,0
Returning_Visitor,0,0.228026848,0,1,2,0.004189365,2310.040499915,0
Returning_Visitor,0,0.030430053,1.422528147,2,-5,0.003226032,2088.250586041,0
Returning_Visitor,0,0.044865493,0,2,2,0.005312244,2628.728206992,0
Returning_Visitor,0,0.009024066,,10,-8,0.0364352,68.866277733,0
New_Visitor,0,0.011274594,0,1,1,0.005335991,2167.551767713,0
,0,0.1,0,4,1,0,1565.700740331,0
New_Visitor,0,0.002309466,0,10,1,0.000474349,5592.206631695,0
Returning_Visitor,,0.009941411,0,9,1,0.001292278,2126.146762415,0
Returning_Visitor,0.8,0.029774769,0,7,3,0.030252494,660.575141266,0
Returning_Visitor,,0.027166474,0,2,1,0.000005092,1465.785609067,0
New_Visitor,0,0.025013074,0,4,1,0.005172008,770.265534998,0
Returning_Visitor,0,0.007739426,0,2,1,0.093102788,1122.579102088,0
Returning_Visitor,0,0.201995049,0,2,3,0.001063805,2304.512954935,0
Returning_Visitor,0,0.003395915,0,2,4,0.006836427,764.000089447,0
New_Visitor,0,0.038530496,0,5,1,0.01,1948.124454546,0
Returning_Visitor,0,0.322040541,0,2,1,0.047778434,1722.485892932,0
Returning_Visitor,0,0.021806805,0,2,3,0.001026802,275.593462676,0
Returning_Visitor,0,0,0,1,1,0.01,2039.341769965,0
Returning_Visitor,0,0.015396158,0,1,4,0,1398.094262255,0
Returning_Visitor,0.2,0.022906309,0,2,1,0.000289653,922.441612492,0
New_Visitor,0,0.02,0,2,3,0,971.792119071,0
Returning_Visitor,,0.019308635,0,3,1,0.024459018,,0
Returning_Visitor,0.6,0.2,0,2,4,0.01,2383.481373991,0
Returning_Visitor,0,0.000054899,0,7,3,0.017000949,1026.875520192,0
Returning_Visitor,0,0.036264642,0,8,3,0.000145856,2533.893785526,0
New_Visitor,,0.014918789,0,5,-5,0.011901464,1472.40759293,0
Returning_Visitor,0,0,28.500533608,2,1,0,636.908904586,1
New_Visitor,0,0.062769214,62.500127834,7,-5,0,2004.048119051,1
Returning_Visitor,0,0.021524836,0,2,-6,0.005879488,399.849115503,0
Returning_Visitor,0,,,4,1,0.002012196,417.249875628,0
Returning_Visitor,0,0.13827826,0,3,4,0.076229349,1078.230677026,0
Returning_Visitor,0,0.024716822,0,2,-6,0.000129228,,0
Returning_Visitor,0,0.01,17.598432555,10,-6,0,1358.927901527,1
New_Visitor,0,0.001552578,2.565738509,,1,0.104429608,834.012064068,0
Returning_Visitor,0,0.000320214,0,18,-6,0,777.172050859,1
Returning_Visitor,0,0.11527476,0,2,-5,0,1624.907291438,0
Returning_Visitor,0.4,0.02,0,1,-8,0.112246826,,0
Returning_Visitor,0,0.1,0,6,3,0.2,407.483143722,0
Returning_Visitor,0,0.002921739,,11,1,0.089306184,331.645844195,0
Returning_Visitor,,0.037352771,0,3,-6,0.000000004,1448.291254009,0
New_Visitor,,0.121978295,0,6,4,0,1073.677030483,1
New_Visitor,0,0.02699391,7.654833394,1,1,0.001556975,1601.624720872,0
Returning_Visitor,0,0.001879595,0,2,-6,0.028078856,1695.511339591,0
New_Visitor,0,0.00140405,0,2,-7,0.055727395,910.455619055,0
New_Visitor,0,0.058136207,0,3,1,0.010590048,1014.052564139,0
Returning_Visitor,0,0.090445184,0,2,4,0.000109479,0.000010696,0
Returning_Visitor,0,0.0689895,0,2,1,0.000612386,391.145634493,0
Returning_Visitor,0,0.003350796,0,3,2,0.000221057,999.171940238,0
Returning_Visitor,0,0.004551013,0,3,-8,0.000000807,2497.56019421,0
Returning_Visitor,0,0.2,0,1,2,0.001315757,3555.948493151,0
New_Visitor,0,,0,2,-6,0.003734974,4012.866270271,0
Returning_Visitor,0.2,0.137737099,0,1,-6,0.061908893,1369.878125784,0
New_Visitor,0,0.142943255,0,5,1,0.000001027,1390.259623261,0
Returning_Visitor,0,0.021073361,0,1,4,0.000002575,606.046858273,0
Returning_Visitor,0,0.055591981,0,9,1,0.254772299,0.000010705,0
Returning_Visitor,0.6,0.004251341,0,2,3,0.001670449,1157.750422049,0
Returning_Visitor,0,0.00027256,4.899122843,5,3,0,222.645977162,1
Returning_Visitor,0,0.214925972,0,1,-7,0.000030296,1874.689079681,0
Returning_Visitor,0,0,0,3,-7,0.000183834,1007.61864176,0
Returning_Visitor,,0.027488568,60.770895276,2,4,0,5150.966284479,1
Returning_Visitor,0,0.000522893,0,3,3,0,1006.981492489,1
Returning_Visitor,0.8,0.091095031,2.009592136,1,1,0.05788217,499.424606138,0
Returning_Visitor,0,0,0,3,2,0.000014,1023.709872254,1
Returning_Visitor,0,0.1,5.71485497,3,1,0,1069.866232634,0
New_Visitor,0,0.000272101,237.886140019,1,3,0,1171.149586565,0
New_Visitor,0,0.067947078,22.166564288,1,-7,0.002022048,624.149252873,0
Returning_Visitor,0,0.030061909,0,3,1,0.1,369.330204426,0
Returning_Visitor,0,0.000055898,0,1,2,0.004376776,1097.970590219,0
Returning_Visitor,0,,0,1,1,0,1152.76896266,0
Returning_Visitor,0,0.000212293,0,7,1,0,334.720404394,0
Returning_Visitor,0,0.012126595,0,1,1,0.05,2717.709004952,0
Returning_Visitor,0.4,0.056890079,0,4,-8,0.019907259,613.227391799,0
Returning_Visitor,0,0.004685278,0,5,-9,0,585.791002547,0
New_Visitor,,0.02,0,,1,0,696.020916676,1
Returning_Visitor,0,0.167368391,0,2,3,0.013387618,866.357893402,1
Returning_Visitor,0,0.003602292,0,7,1,0.021229378,1158.019937613,0
Returning_Visitor,0.4,0.095369589,0,13,3,0.000215045,1006.37373632,0
Returning_Visitor,0,0,1.971787534,4,3,0.142416341,928.438601585,0
Returning_Visitor,0,0.078986158,0,2,-6,0.012797539,406.8229197,0
Returning_Visitor,0,0.000000918,73.406217824,2,1,0,1226.300121835,1
Returning_Visitor,0,0.000154692,0,5,1,0.022865865,654.87170814,0
Returning_Visitor,,0.065760695,0,1,2,0.010965726,2794.856048894,0
New_Visitor,0,0,6.832007436,3,-6,0.024923815,1394.202862072,0
Returning_Visitor,0,0.107388295,,6,1,0.05,135.883717406,0
Other,0,0.076149389,0,3,1,0.02,458.715950172,0
Returning_Visitor,0,0.00025401,43.5704069,4,3,0,1437.176914186,1
Returning_Visitor,0.6,0.005576604,0,13,1,0.192195477,292.586901549,0
Returning_Visitor,0,0.107680143,0.642548994,2,2,0.0382427,2128.631268397,0
Returning_Visitor,0,0.001567094,0,1,1,0.000245778,980.391341839,0
Returning_Visitor,0,0.02,0,6,-6,0.000001136,1240.305401667,0
Returning_Visitor,0,0.04091795,0,3,4,0.020763067,0.000010741,0
Returning_Visitor,0,0.000001687,91.186882563,5,4,0.000069399,265.323625547,1
New_Visitor,0,0,58.92813682,3,1,0,4642.51788422,1
New_Visitor,0,0.007474431,8.468913676,7,3,0.00019119,1417.991196805,0
New_Visitor,0.8,0.058966375,0,3,1,0.016385445,40.435245244,0
Returning_Visitor,0,,0,4,1,0.027822268,1389.61976886,0
Returning_Visitor,1,0.004660618,,3,-8,0.009232812,1116.508657421,0
Returning_Visitor,0,0.000001432,14.994166815,2,-7,0,0.000010748,1
Returning_Visitor,0,0.012213337,0,4,1,0.019875098,1197.605397944,0
New_Visitor,0,0.018301731,0,4,4,0.000007476,992.756832149,0
Returning_Visitor,0,0.030581918,0,3,4,0,1936.803516479,0
Returning_Visitor,0,0.093103953,0,1,3,0,,0
Returning_Visitor,0.8,0.021508274,0,2,1,0.007191726,1220.595341665,0
Returning_Visitor,0,0.001552949,0,,-5,0.003526197,3056.956498135,0
New_Visitor,0.2,0,0,1,3,0.132427119,2275.444535011,0
New_Visitor,0,0.001909427,0,3,1,0,3244.965706203,1
Returning_Visitor,0,0.025755471,3.018025494,,1,-0.115883415,1003.606440317,0
Returning_Visitor,0,0.00003567,65.278580015,5,4,0,2566.01064726,1
New_Visitor,0,0.006207075,0,4,2,0.000003588,316.678609752,0
Returning_Visitor,0,0.000796992,3.979176766,2,1,0.042340296,582.453521385,0
Returning_Visitor,0,0.000502847,4.262663394,3,4,0.000002138,446.456885026,0
Returning_Visitor,0,0.001332981,0,1,1,0.000030953,377.277598403,0
Returning_Visitor,0,0.036680416,0,5,1,0,,0
Returning_Visitor,0,0.001457715,104.697351916,2,1,0,929.208113626,1
New_Visitor,0.2,0,0,4,-6,0.015452811,1088.634099012,0
Returning_Visitor,0,,0,,1,0.00010118,386.317500866,0
Returning_Visitor,0,0.007193958,0,3,1,0.011608245,0.000010767,0
Returning_Visitor,,0.01,0,4,2,0.01,2376.814946978,0
Returning_Visitor,0.4,0.142260876,10.020740854,2,1,0.094800594,1196.045086853,0
Returning_Visitor,0,0.16715713,0,1,2,0,430.686157969,0
Returning_Visitor,0,0.063853675,0,6,1,0.02,851.197178852,0
New_Visitor,0,0.015286327,0,2,1,0.051646698,1832.79163128,0
Returning_Visitor,0.2,0.01277501,0,15,2,0.01644181,2110.639776166,0
Returning_Visitor,0,0.000148674,14.151844327,3,3,0.013282079,2888.061681891,0
,0,0.020902316,0,2,4,0,502.66360039,0
Returning_Visitor,0,0.038931524,,4,4,0.075517377,,0
Returning_Visitor,0,0.008463241,0,3,4,0.001676958,1568.75862123,0
Returning_Visitor,0,0.028937378,0.833301232,2,-7,0.000002903,1376.567201147,0
Returning_Visitor,0,0.007089214,0,6,3,0,252.867813178,0
Returning_Visitor,0,0.022549367,0,1,3,0.143748266,845.929722227,0
Returning_Visitor,1,0.022305986,0,2,3,0.000164443,2886.693493317,0
Returning_Visitor,0,0.016393852,0,3,2,0.003274232,2129.38875938,0
Returning_Visitor,0,0.069669108,0,2,-6,0.02,0.000010783,0
New_Visitor,0,0.000412403,0,2,2,0.115666002,763.014835079,0
Returning_Visitor,0,0.000120571,45.131565637,2,3,1.057626776,284.976774131,0
Returning_Visitor,0.4,0.002899938,0,1,1,0,0.000010786,0
,0.2,0.119953472,0,2,1,1.082622108,274.947221796,0
New_Visitor,0,0.13038876,0,2,4,0.01293222,1745.257584717,0
Returning_Visitor,0,0.015838469,0,1,1,0.022846255,3520.289334262,0
Returning_Visitor,0,0.061604815,0,1,1,0.000379467,644.957134803,0
Returning_Visitor,0,0.022400142,0,2,4,0.000094356,738.300822559,0
Returning_Visitor,0.6,0.042124576,0,2,3,0.01680511,625.269699519,0
Returning_Visitor,0,0.2,0,5,3,0.007255659,154.630992766,0
Returning_Visitor,0,0.006033709,0,3,3,0.137780011,1907.25214192,0
Returning_Visitor,0.8,0.054914486,0,1,1,0.004448179,521.216369054,0
Returning_Visitor,0,0.000734642,13.90675151,4,4,0,1134.457166977,1
Returning_Visitor,0,0.007321056,0,5,4,0.175872306,1024.974816359,0
New_Visitor,0,0.148389263,0,5,1,0.2,1793.237262473,0
Other,0.6,0.090024218,3.897016031,2,1,0.01,1621.263240678,0
Returning_Visitor,0,,36.448067884,1,1,0.00063802,706.240617934,1
Returning_Visitor,0,0.004543332,0,3,-7,0,926.172417745,0
New_Visitor,0,0.05,0,2,1,0.196922957,0.000010802,0
Returning_Visitor,0,0.000211989,82.798285475,3,4,0.05,0.000010803,0
Returning_Visitor,0,0.000002137,0,,4,0.000105328,1137.06892703,1
Returning_Visitor,,0.089268361,0,3,3,0.005130184,740.49754696,0
Returning_Visitor,0,,0,3,1,0.001326549,1905.043489536,0
Returning_Visitor,0,0.02,21.864328089,2,3,0.001280942,,1
Returning_Visitor,0,0.05,0,2,4,0.047119343,543.99055701,0
Returning_Visitor,,,0,3,2,0.050200619,1838.87518377,0
Returning_Visitor,0,0.044394967,0,5,-8,0.00312551,612.677631251,0
Returning_Visitor,0,0.006588279,0,4,1,0.00648117,832.484032117,0
New_Visitor,0.6,0.01,0,1,-6,0.219735316,637.036796277,0
New_Visitor,,0.039692853,0,4,-6,0.011670983,1185.920877667,0
New_Visitor,0,0.345285892,0,,1,0.030424064,303.832167547,0
Returning_Visitor,0,0.002526396,0,2,3,0.00035678,1436.849470121,0
Returning_Visitor,0,0.017697642,3.485441573,,1,0.004098065,2029.387307607,0
New_Visitor,0,0.022394026,0,7,3,0.2,2122.105918915,0
Returning_Visitor,0,0.333117308,0,2,3,0.000174148,730.683154901,0
Returning_Visitor,0.2,0.1,0,5,2,0,762.419021745,0
New_Visitor,0,0.004492343,0,2,3,0.000011033,538.175570404,0
Returning_Visitor,0,0.004910575,0,7,3,0,1007.21371634,0
Returning_Visitor,0,0.040551408,,4,1,0.040813341,578.53843778,0
Returning_Visitor,0,0.014364356,0,1,1,0.05,958.18368587,0
Returning_Visitor,0,0.000047238,0,4,1,0.01,1344.814691292,1
Returning_Visitor,1,0.01,0,1,4,0.1,1583.346867999,0
Returning_Visitor,0,0.018965391,0,4,1,0.02691695,1043.766090751,0
Returning_Visitor,0,0.010012537,0,6,-9,1.476621063,2993.724947479,0
Returning_Visitor,0.2,0.008222961,0,3,1,0.011275678,1217.374235532,0
Returning_Visitor,0,0.020880691,0,3,2,0.00413483,2284.927450521,0
Returning_Visitor,0,0.015840652,0,5,-7,0.000463902,1397.0273749,0
Returning_Visitor,0.6,0.0926636,0,5,-8,0.08292266,1504.830966434,0
Returning_Visitor,0,0.067723103,0,2,-8,0.002304125,4414.25853754,0
Returning_Visitor,0,0.01,0,2,3,0.05444901,802.94384989,0
Returning_Visitor,0,0.034228112,0,1,4,0.022321829,2018.433952469,0
Returning_Visitor,0.2,0.00384187,0,1,1,0.031659078,534.361539223,0
New_Visitor,0.4,0.02,0,13,3,0.00005135,,0
Returning_Visitor,0,0.144637351,10.603504721,2,1,0.00148153,960.179382693,0
Returning_Visitor,0,0.12290615,71.993878361,2,-7,0,574.260723559,1
Returning_Visitor,0,0.193747448,0,1,-8,0.054226208,348.900029928,0
Returning_Visitor,,0.034938614,,1,3,0,0.00001084,0
Returning_Visitor,0,0.104668342,0,3,4,0,293.674131855,0
Returning_Visitor,0,0.098138713,0,3,3,0.029534495,443.583356786,0
Returning_Visitor,0,0.000049755,0,1,3,0.005459706,0.000010843,0
New_Visitor,0,,0,3,-8,0.01,33.493120631,0
Returning_Visitor,0,0.031443617,13.031750884,7,1,0.000208565,392.969160091,0
Returning_Visitor,0,0.100541341,0,2,1,0.038474041,1824.29025004,0
Returning_Visitor,0,0.02,25.340301304,4,-8,0.000000121,1652.774492031,1
Returning_Visitor,0,0.010806331,0,3,2,0.018210988,1038.838113931,0
Returning_Visitor,0,,0,5,1,0.097189931,3693.076560733,0
Returning_Visitor,0.2,0.082477622,3.500156571,5,1,0.000087184,1231.758592574,0
Returning_Visitor,0,,0,2,1,0.016983489,1379.507935381,0
,0,0.05849089,0,5,1,0.00238204,827.272677604,0
Returning_Visitor,0,0.01,4.525831298,,-6,0.015494368,565.452416507,0
Returning_Visitor,0.6,0.003761288,0,2,-6,0.000066266,2268.559108148,0
,0,0.001307807,0,2,1,0.001172463,2303.934166158,0
New_Visitor,0,0.018833774,0,2,1,0.268011853,581.186437353,0
Returning_Visitor,0,0.009387781,0,2,1,0.166709142,696.82211048,0
Returning_Visitor,0,0.000033173,,2,1,1.143102236,0.000010858,0
Returning_Visitor,0,0.017998698,0,6,1,0.00059151,2496.100491831,0
Returning_Visitor,0.4,0.002916343,0,5,1,0.00000733,1813.195184788,0
Returning_Visitor,0.8,0.018738639,0,6,1,0.008044159,1368.821617508,0
Returning_Visitor,0,0.001735677,0,2,3,0.008799522,483.466884656,0
Returning_Visitor,0,0.062586041,0,2,-7,0,130.03004283,0
Returning_Visitor,0,0.000724599,0,2,1,0.033723929,433.61206662,0
New_Visitor,0,0.056834726,0,2,4,0.000000365,1225.086059105,0
Returning_Visitor,0,0.08295456,,1,4,0.034446102,284.083393874,0
New_Visitor,0,0.004418444,0,5,-7,0.000000195,1971.679919693,0
New_Visitor,0,0.020070247,0,4,3,0.218494751,1944.696735101,0
Returning_Visitor,0,0.005359555,0,4,-6,0.04134055,,0
Returning_Visitor,,0.002681099,2.631318874,2,-7,0.000021052,0.00001087,0
Returning_Visitor,0,0.00004085,0,4,1,0,1404.943842976,0
Returning_Visitor,0,0.088014332,0,5,3,0.000014077,1499.514528787,0
Returning_Visitor,0,0.003204128,0,9,-7,0.052028722,0.000010873,0
Returning_Visitor,0,0.05,21.926076959,1,1,0,1457.27596045,1
Returning_Visitor,0,0.05,,7,3,0.008728352,251.325790951,0
New_Visitor,0,0.036964096,0,3,1,0.000154092,1111.309731116,0
Returning_Visitor,0,0.068913229,2.098110903,1,-8,0.00092342,1713.02568481,0
Returning_Visitor,0,0.002667101,5.936912015,1,-7,0,1295.761016558,0
Returning_Visitor,0,,0,2,3,0.002888059,2284.805379314,0
New_Visitor,0,0.036089843,0,2,4,0.000024058,281.870674964,0
New_Visitor,0,0.091234379,0,1,3,0.038854237,476.73527446,0
New_Visitor,0,0.000151511,0,2,3,0,4291.287787598,1
Returning_Visitor,0.6,0.023583838,0,,3,0.000010261,3024.561816301,0
Returning_Visitor,0,,0,2,-6,1.010298301,,0
Returning_Visitor,0,0.001244156,27.269476852,5,-7,0,949.944821009,1
New_Visitor,0,0.010998542,18.294998185,8,1,0.000114627,932.1532714,1
New_Visitor,0,0.000584515,20.673536254,4,3,-0.176525608,1349.722761072,1
Returning_Visitor,0,0.000018938,0,1,3,0.000023966,1546.371010617,0
Returning_Visitor,0,0.02679799,0,6,3,0.00005778,210.278156335,0
Returning_Visitor,0.4,0.020890056,0,2,4,0.115859107,974.27685549,0
Returning_Visitor,0,0.021310002,0,5,1,0.01754071,56.343437249,0
Returning_Visitor,0.4,0.02,5.051121515,2,3,0.055823549,2156.684798959,0
Returning_Visitor,0,0.045507534,0,,-8,0.022552655,3551.045650094,0
Returning_Visitor,0,0.000023155,25.093492671,2,1,0,1211.041504199,1
Returning_Visitor,0,0.080483769,0,13,-7,0,2247.659218903,0
Returning_Visitor,0,,0,3,1,0.003961316,1280.30121392,0
Returning_Visitor,0,0.06597497,0,10,1,0.000003237,1981.222052166,0
Returning_Visitor,0,0.007856065,0,3,1,0.012784341,1432.4146415,0
Returning_Visitor,0.2,0.151502609,0,2,1,0.009039303,748.090208417,0
Returning_Visitor,0,0.019356065,0,3,4,0.000021076,2147.569192371,0
Returning_Visitor,0.4,0.020484688,0,4,3,0.000292278,,0
,,,0,6,4,0.000000439,1948.301269735,1
Returning_Visitor,,0.058655326,12.675616485,1,3,0.053308449,3367.043650745,0
Returning_Visitor,0,0.010610333,0,14,4,0.122327285,1324.140048161,0
Returning_Visitor,,0.016508699,0,3,-8,0.0119272,2674.63143124,0
Returning_Visitor,0.4,0.003371552,0,2,4,0.003809443,1710.247325914,0
Returning_Visitor,1,,0,3,-8,0.000522001,461.793668722,0
New_Visitor,0,0.11111568,0,2,1,0.004043562,3480.052063631,0
Returning_Visitor,0,0.160101271,0,1,1,0,720.918556354,0
Returning_Visitor,0,0.047820059,0,4,1,0.001754296,1766.39572184,0
New_Visitor,0,0.092096846,0,2,3,0,2485.673006588,0
Returning_Visitor,0.4,0.108074143,0,2,-8,0.032732838,659.598958848,0
Returning_Visitor,0,0.007221905,0,1,1,0.000549392,1294.554201995,1
Returning_Visitor,0,0.01653291,0,2,4,0.022039465,1000.553028062,0
Returning_Visitor,0,0.00082759,0,2,4,0.012392941,0.000010915,0
Returning_Visitor,0,0.002708872,26.409495005,2,1,0.007578593,780.730691826,0
Returning_Visitor,,0.000811969,0,7,2,0.00379966,886.731232734,0
New_Visitor,0,0.268375223,0,1,-7,0.02,,0
Returning_Visitor,0,0.01298191,0,4,3,0.142714637,2335.757630066,0
Returning_Visitor,0,0.1,0,5,-8,0.042615142,1738.534700457,0
Returning_Visitor,0,0.003933702,0,1,1,0.053711027,1610.905591922,0
Returning_Visitor,0.2,0.000105179,0,2,-6,0.002020945,0.000010922,0
Returning_Visitor,,0.006734975,29.518950969,4,3,0.008053555,1397.319171844,0
Returning_Visitor,0,0.001511412,0,2,4,0.001003622,239.602379864,1
Returning_Visitor,0,0.138072632,0,3,2,0.000769404,1019.658430851,0
New_Visitor,0,0.000000139,10.81738719,11,3,0,2529.191217694,1
Returning_Visitor,0,0.05,,6,-8,0.000683372,539.062298693,0
New_Visitor,0,0.02188439,0,1,1,0.001557495,2286.880071986,0
Returning_Visitor,0,0.018546396,0,1,1,0.000013159,641.174224087,1
Returning_Visitor,0,0.117768218,0,1,-8,0.000905794,758.396080579,0
Returning_Visitor,0.4,0.068013216,0,1,2,0.011447798,1348.068864431,0
Returning_Visitor,0,0.113689226,0,2,3,0.100885896,1183.658086938,0
Returning_Visitor,1,0.066088732,10.186577105,6,-6,0.086941631,171.065126254,0
Returning_Visitor,0,0.015540706,,1,-5,0.000129558,1455.859288277,0
Returning_Visitor,,0.030213161,0,2,3,0.000078003,286.728666345,0
Returning_Visitor,0.2,0.103900978,0,1,1,0,1678.80549026,0
Returning_Visitor,,0.037347192,0,1,1,0.000023005,488.591308573,0
Returning_Visitor,0,0.015611829,0,9,1,0,1425.241804258,0
New_Visitor,0.4,0.025311305,0,3,1,0.009892493,626.590172217,0
Returning_Visitor,0,0.000538585,56.810897652,7,1,0.000000001,432.882545987,1
Returning_Visitor,0,0.09319582,0,2,2,0.02,790.661419342,0
Returning_Visitor,0,0.000138431,190.275176043,13,-7,0.000105845,1349.453396045,1
Returning_Visitor,0,0.000048632,0,2,2,0.02349649,428.98037457,0
New_Visitor,0.4,0.004881468,0,,1,0.1,1379.102130226,0
Returning_Visitor,0,,0,4,1,0.013711818,2653.258801804,0
Returning_Visitor,0.4,0.002915009,0,2,4,0,2302.667772184,0
Returning_Visitor,0,0.025603692,0,,1,0.02,1878.333341895,0
Returning_Visitor,0,0.005110262,0,3,2,0.005035008,683.645393479,0
Returning_Visitor,0.2,0.00000089,7.100492076,2,1,0,1008.729857586,1
Returning_Visitor,,0.04294186,6.250491422,2,1,0.091919992,434.787924234,0
Returning_Visitor,0,0.006252002,33.879088811,5,-8,0,443.619151769,1
Returning_Visitor,0.6,,0,,1,0.000000929,2129.356101103,0
Returning_Visitor,0,0.145088695,14.718583932,,1,0.013686761,1192.656120491,0
Other,0,0.076547256,49.039666136,4,4,0.00006078,434.595738095,0
Returning_Visitor,0,,0,5,3,0.040854488,2412.129253046,0
New_Visitor,0.4,0.00169061,0,4,1,0.02,2767.11869463,0
New_Visitor,0,0.042770363,0,10,-8,0.05,162.723449655,0
Returning_Visitor,0.2,0.027527087,0,3,4,0.008781299,465.803700325,0
Returning_Visitor,0,0.05,0,12,4,0.000449355,704.233039275,0
Returning_Visitor,0,0.119538464,0,3,4,0.000620319,0.00001096,0
Other,0,0.098759206,3.336743791,,-8,0.062008233,792.374411366,0
Returning_Visitor,0.2,0.006776051,0,2,1,0.01475701,1112.307799373,0
New_Visitor,0,0.061716004,6.076441294,7,2,0.029364067,702.634951134,0
Returning_Visitor,0,0.007182768,0,3,3,0.052818062,,0
Returning_Visitor,0,0.076385611,0,3,2,0.010713581,191.564366505,0
Returning_Visitor,0,0.002010602,8.261148158,3,1,0,,1
New_Visitor,0.2,0.014281401,0,2,-6,0.014142489,2435.450358058,0
Returning_Visitor,0,0.000013844,0,2,3,0.01,2361.550814953,0
Returning_Visitor,0,0.022852634,3.051906926,2,2,0.086765583,257.715607933,0
Returning_Visitor,0,0.044730511,,2,-6,0.000599474,225.186221785,0
Returning_Visitor,0,0.032003047,0,3,1,0.047779301,159.524030437,0
Returning_Visitor,,0.01,0,2,3,0.016376258,650.631587841,0
New_Visitor,0.2,0.008833916,0,17,1,0.000000925,1802.216389589,0
New_Visitor,0,0.000000083,0,3,-5,0,1359.259730545,1
Returning_Visitor,0,0.000001201,10.984089737,,-7,0.02,326.657371758,1
Returning_Visitor,0,0.1,0,2,3,0.00000622,535.284204317,0
Returning_Visitor,0,,3.540330818,2,1,0.046379119,5017.619010323,0
Returning_Visitor,0.4,,0,4,1,0.032771241,0.000010978,0
Returning_Visitor,0,0.010063986,0,2,-8,0.008388497,261.510943272,0
Returning_Visitor,0,0.021154192,225.29616968,1,1,0.194948616,,1
Returning_Visitor,0,0.007825398,0,2,-8,0,1290.710801017,1
New_Visitor,0,0.015007457,0,2,3,0.05,1067.9786486,0
Returning_Visitor,0,0.133437183,23.718964995,8,-6,0.003054638,865.631534227,0
Returning_Visitor,0,0.166007673,0,2,1,0.000692566,,0
New_Visitor,1,0.032818023,0,2,-5,0.161030428,946.936736911,0
Returning_Visitor,0,0.056264475,0,3,1,0.000047513,0.000010986,0
Returning_Visitor,0,0.000000017,8.881563995,2,-6,0.00000063,639.578527105,1
Returning_Visitor,0,0.000250639,14.32639782,4,4,0.000003956,2626.156924222,1
Returning_Visitor,0,0.01,0,2,3,0,,0
Returning_Visitor,0,0.000369972,0,2,3,0.0011477,306.223101525,0
Returning_Visitor,,0.000095884,0,3,1,0.008551232,1762.143025152,0
,0,0.005768363,0,2,1,0.1,0.000010992,0
New_Visitor,0,0.1,0,3,1,0.000255923,355.053078452,0
Returning_Visitor,0,0.000740906,0,1,3,0.000003237,3475.757635244,1
Returning_Visitor,0,0.074893875,29.145738608,4,-8,0.001588773,0.000010995,0
Returning_Visitor,0,0.06555332,0,1,1,0.057755694,1157.571021056,0
Returning_Visitor,0,0.002578301,0,1,-6,0.086060987,,0
Returning_Visitor,0,0.005989646,0,6,-8,0.02,918.904999265,0
Returning_Visitor,0,0.129930933,,4,2,0,0.000010999,0
Returning_Visitor,,,0,14,1,0,981.441751085,0
Returning_Visitor,0,0.2,0,2,3,0.1,1314.900660133,0
New_Visitor,0,0.182220668,24.305244299,1,4,0.008745307,1542.035645868,0
Other,0,0.01,0,4,1,0.02,0.000011003,0
Returning_Visitor,0,0.02,0,7,4,0.05,2076.889365261,0
Returning_Visitor,0,0.140384356,2.661845296,1,4,0,1849.40671023,0
Returning_Visitor,0,0.05050882,0,2,-6,-0.051522523,884.440166549,0
Returning_Visitor,0.6,0.008514781,0,2,1,0.013040363,1419.381479155,0
Returning_Visitor,0,0.112912601,,3,-8,0.004450452,1441.417392625,0
New_Visitor,0,0.002358437,0,5,-7,0.05,0.000011009,0
New_Visitor,0,0.039523557,,2,2,0.014415584,992.967158453,0
Returning_Visitor,0,0.112327786,0,2,3,0,70.531012878,0
Returning_Visitor,0,0.000000002,0,2,3,0.063044881,207.958409033,0
Returning_Visitor,0.4,0.003286357,0,2,1,0.001079786,2800.135480928,0
Other,0.6,0.115498292,7.557497362,2,-5,0.01,668.158071323,0
Returning_Visitor,0,0.120187755,0,2,-7,0.144243267,967.516892118,0
Returning_Visitor,0.6,0.04380706,0,1,1,0.03106796,,0
Returning_Visitor,0,0.109808085,0,1,2,0.046714379,1203.505563732,0
New_Visitor,0,0.002896217,0,3,3,0.02,1784.840957057,0
Returning_Visitor,0,0.036169841,0,3,3,0.2,1132.433311459,0
,0,0.085053804,0,10,1,0,,0
Returning_Visitor,0,0.01,0,1,1,0.01717979,620.958212113,0
Returning_Visitor,0,0.05,0,2,2,0.00062569,397.717481131,0
Returning_Visitor,,0.000231435,0,1,-7,0.2,785.687233856,0
Returning_Visitor,0.2,0.019821821,0,2,3,0.000278071,217.651233079,0
Returning_Visitor,0,,0,7,4,0,1295.721616095,0
Returning_Visitor,0,0,0,2,2,0.052528181,110.660976082,0
Returning_Visitor,0.4,0.494515538,0,3,4,0.000051214,49.971774503,0
New_Visitor,0,0.008142991,0,3,-8,0.021773952,1027.044216943,0
Returning_Visitor,0,,0,5,3,0.000014123,200.240763375,0
,0,,0,2,-7,1.269866258,3058.212540695,0
Returning_Visitor,0,0.005946622,,2,-6,0.000175257,1126.389539611,0
Returning_Visitor,0,0.002265975,0,5,1,0.011924065,2085.861521062,0
Returning_Visitor,0,0.052362595,0,1,3,0.179227253,0.000011033,0
Returning_Visitor,0,0.251261726,0,3,1,0.019827167,1822.97041456,0
New_Visitor,0,0.01501209,59.322692405,2,3,0.007927856,2551.761738882,0
New_Visitor,0,0.037160759,0,8,1,0,1080.543368735,0
Returning_Visitor,0,0.000078238,65.574652171,1,1,0.000000663,4789.851077897,1
Returning_Visitor,0,0.001737543,3.499674959,2,2,0.028418984,,0
Returning_Visitor,0,0.1,0,2,1,0.080799987,2435.677425911,0
Returning_Visitor,0,0.2,0,2,1,0.000356814,1485.088202051,1
New_Visitor,0,0.000832462,0,2,4,0.1,2296.547617605,0
Returning_Visitor,0,0.010261682,0,4,1,0,2469.100208161,0
Returning_Visitor,1,0.05,0,2,1,0,873.28772019,0
Returning_Visitor,0,,0,4,3,0.01,1831.59873746,0
Returning_Visitor,0,0.02,3.81491289,1,2,0.008160226,1226.887220599,0
Returning_Visitor,0,0.020009366,0,2,1,0.000008309,2193.916266641,0
Returning_Visitor,,0.137142257,0,3,-8,0.182341956,2595.754706034,0
Returning_Visitor,0.2,0.050116731,0,6,1,0.030572639,2819.102628103,0
Returning_Visitor,0,0.026043479,0,2,3,0.00365077,576.467846593,0
Returning_Visitor,0,0.005849158,7.276314703,2,4,0.003382917,271.769883757,0
New_Visitor,0.2,0.032036831,0,2,1,0.05,488.599600792,0
New_Visitor,0,0.000225189,0,2,-5,0.008850608,180.419909819,0
Returning_Visitor,0,0.1,0,2,1,0.076178383,1200.150024792,0
Returning_Visitor,,0.220368066,0,3,1,0.032376426,5243.480621912,0
Returning_Visitor,1,0.077172021,0,3,1,0,194.226719757,0
Returning_Visitor,0.2,0.089045101,,10,1,0.029822198,1730.605053081,0
Returning_Visitor,0.6,0.008481873,0,3,1,0.029258197,1417.258532725,0
Returning_Visitor,0.2,0.091224286,5.961320321,1,3,0.000021469,642.46521068,0
Returning_Visitor,0.2,0.241382094,0,5,2,0.000006547,3255.302710243,0
Other,0,0.01,0,5,1,0.01,2256.042379799,0
Returning_Visitor,0,0.012392763,,1,1,0.002361738,0.000011061,0
Returning_Visitor,0,0.000481318,0,10,1,0.000117345,915.40330041,0
Returning_Visitor,0,0.1,,5,-6,0.05,0.000011063,0
New_Visitor,0.8,0.000005663,0,3,1,0.02,1194.925878106,0
Returning_Visitor,0,0,0,2,2,0.006004507,244.439303337,0
Returning_Visitor,0,0.137665597,0,2,3,0.040432774,864.30618328,0
Returning_Visitor,0,0.017634468,0,1,3,0.022300071,14.469946561,0
Returning_Visitor,0.2,0.029369689,0,2,3,0.004374895,0.000011068,0
Returning_Visitor,0,0.014841449,,,1,0.000002961,1525.925971605,0
Returning_Visitor,0,0.056327561,0,1,1,0.05,2920.602020639,0
Returning_Visitor,0,0.021463879,0,2,1,0.000833765,783.424211118,0
Returning_Visitor,0,0.003929474,8.52213636,7,2,0.000448774,882.858228044,1
Returning_Visitor,0,0.140115813,,2,3,0.027124826,409.812681266,0
Returning_Visitor,0,0.000109451,12.014052004,6,3,0.009027431,1989.731949242,1
Returning_Visitor,0.2,0.003495427,0,7,-6,0.320658932,933.204615553,0
Returning_Visitor,0,0.014205185,0,9,-8,0.000003659,1514.787902113,0
Returning_Visitor,0,0.00003762,0,1,1,1.477387384,1257.106848108,0
New_Visitor,0,0.011145495,0,3,-7,0,2592.899823695,0
Returning_Visitor,0,0.010900878,0,9,-5,0.000634844,661.803868652,0
New_Visitor,0,0.26462736,0,2,1,0.013532101,372.939185028,0
Returning_Visitor,0.2,0.010473285,0,1,2,0.000000043,1165.775399169,0
Returning_Visitor,0,0.004501723,0,4,2,0,193.514163025,0
Returning_Visitor,0,0.075758639,0,3,1,0.1,1583.424236217,0
Returning_Visitor,0,,0,3,3,0.023015919,473.10238995,0
Returning_Visitor,0,,,4,1,0.005472556,1906.360151905,0
Returning_Visitor,0,0.000369025,28.008769392,1,3,0,1845.630867806,1
Returning_Visitor,,0.000047348,5.176316385,2,-5,0.004732281,179.968985393,0
New_Visitor,0.2,0.017805965,0,1,1,0,,0
Returning_Visitor,0,0.203350181,0,5,1,0.02,0.000011089,0
New_Visitor,0,0.071908736,6.647336152,2,1,0.003860517,3030.423128121,0
Returning_Visitor,0,0.008524576,0,8,4,0.01946535,1536.382771351,0
,0,0.019943622,0,2,1,0.074429125,1250.976228232,0
Returning_Visitor,0,0.053358379,0,2,-6,0.1,237.99724648,0
Returning_Visitor,0,0.079681901,0,4,-5,0.025545065,2661.278587537,0
Returning_Visitor,0,0.02,0,9,1,0.002416666,328.552307929,0
Returning_Visitor,0.4,0.05,0,3,1,0.001214483,645.711873564,0
Returning_Visitor,0.8,0.067994431,3.882194994,1,2,0.003865814,0.000011097,0
Returning_Visitor,0,0.004596612,12.182196782,2,2,0.000040838,3597.328497451,0
Returning_Visitor,0.2,0.004014151,203.106037993,4,4,0,1935.654701536,1
Returning_Visitor,0,0.053438678,0,3,1,-0.128250557,4897.053075285,0
New_Visitor,0,0.010640591,0,1,2,0.001023565,436.076247238,0
Returning_Visitor,0,0.162275303,0,1,-7,0,354.093791107,0
Returning_Visitor,0,0.003496482,0,3,1,0,1865.101656937,0
Returning_Visitor,0,0.160859889,0,1,-8,0.000013679,743.100640948,0
,,0.056025009,0,2,1,0.000114195,704.234745127,0
Returning_Visitor,0.8,0.02,0,5,-6,0.114597648,0.000011106,0
Returning_Visitor,0.6,0.02183164,0,5,-6,0,79.672231246,0
Returning_Visitor,0,0.000624182,0,1,2,0.003713911,1803.25999292,0
New_Visitor,0,0.029500003,0,8,1,0.005315838,2341.303532578,0
Returning_Visitor,0,,0,1,3,0.01,3201.5642661,1
New_Visitor,0,0.02,15.582845467,4,1,0.052109453,1099.380204815,1
,0,0.000958269,0,8,-6,0.024932389,1392.220445479,1
Returning_Visitor,0,0.346254258,0,3,4,0.01,1381.824543331,0
Returning_Visitor,0,0.060894926,0,16,1,0.070522105,664.601723127,0
,0.6,0.000008244,2.504246498,3,3,1.10834317,1040.287396079,0
Returning_Visitor,0,0.000605125,0,2,2,0.000050058,896.48027142,0
New_Visitor,0,0.02,0,2,1,0.017013786,3594.48306978,0
Returning_Visitor,0,0.02021332,0,2,1,0.001949631,0.000011118,0
New_Visitor,0,0.000729003,0,1,1,0,,0
Returning_Visitor,0,0.002254558,0,1,1,0,897.629206919,0
Returning_Visitor,0,0.22744739,0,4,3,0.014342769,1775.847725328,0
New_Visitor,0,0.006058675,0,1,1,0.000028603,152.420508888,0
New_Visitor,0,0.057596105,34.159265922,2,2,0.000546641,891.597749292,0
Returning_Visitor,0,0.022883641,0,1,-9,0.000001301,767.681667895,0
New_Visitor,0,0.14069001,0,1,3,0.000016244,2326.428118976,0
Returning_Visitor,0.4,0.033007752,19.232756849,13,-6,0.000001977,437.617771065,0
New_Visitor,0,0.019355056,0,10,3,0.02,2534.040333686,0
Returning_Visitor,0,0.056130705,,4,1,0.000000004,1996.294863815,0
Returning_Visitor,0.4,0.02656821,0,3,3,0.000048433,281.335927687,0
New_Visitor,0,0.005536963,0,11,-6,0.205303711,1431.865377965,0
Returning_Visitor,,0.114415914,0,2,4,0.008475388,963.235982481,0
,0,0.000001243,0,4,-7,0,,1
Returning_Visitor,0.2,,0,1,-7,0.000515518,1430.724696066,0
Returning_Visitor,0,0.035773306,0,13,3,0,958.29947446,0
Returning_Visitor,0,0.017467902,0,6,1,0,,0
Returning_Visitor,0.4,0.10521501,,2,2,0.01,312.150599646,0
,0,0.195185238,19.350375593,2,-6,0.014377577,2023.843429444,0
New_Visitor,0,0.004615207,0,15,-5,0.000091527,605.774880476,0
New_Visitor,,0.004386673,0,15,2,0.1,927.23045404,0
New_Visitor,0,0.001943526,0,1,3,0.010864871,1326.955851976,0
Returning_Visitor,0.8,0.12640276,0,2,1,0.003061779,5294.387664879,0
Returning_Visitor,0.4,0.003557307,0,2,1,0.05,1590.522459543,0
New_Visitor,0,0.03243704,0,15,2,0.000001315,2253.5271628,0
Returning_Visitor,0,0.001969941,0,2,1,0,0.000011144,0
Returning_Visitor,0,0.152340223,0,3,2,1.078813499,593.616710845,0
Returning_Visitor,0,0.001257762,0,3,1,0,94.842186829,0
New_Visitor,0,0.006406318,2.808155082,3,1,0.007041871,730.354964481,0
New_Visitor,0.2,0.000000691,,2,-6,0,1130.328570272,0
,0,,0,3,1,0.007229697,1120.716461886,0
Returning_Visitor,0,0.004546317,0,2,-6,1.488843399,353.1349886,0
Returning_Visitor,,0.009092654,12.889770511,2,4,0.05,1059.9532878,1
Returning_Visitor,0,0.081971475,0,2,1,0,423.7273708,0
Returning_Visitor,0,0.2,5.38752339,,-7,0.000000001,3451.818020156,1
New_Visitor,0,0.027816095,0,2,1,0,499.000732121,1
Returning_Visitor,,0.066796081,50.997045194,,3,0,1572.92667894,1
Returning_Visitor,0,0.000707889,0,1,3,0,494.434275786,0
Other,0,0.003664398,0,1,2,0.000583836,516.80091891,0
New_Visitor,0,0,0,3,1,0.000000539,,0
Returning_Visitor,0,0.002064894,0,7,3,0.004244983,3978.862695534,1
Returning_Visitor,0,0.022594913,,3,-7,0,0.00001116,0
New_Visitor,0,0.013025338,6.98048827,2,3,1.072233881,810.065311198,0
Returning_Visitor,0.4,0.16649425,6.931664392,4,3,0.002439983,1517.535516978,0
New_Visitor,0,0.028353979,0,2,-8,0,2385.593741617,0
Returning_Visitor,0,0.012236137,0,2,3,0.02,928.503067606,0
Returning_Visitor,0.4,0.024011092,0,6,1,0,1503.983443663,0
Returning_Visitor,0.2,0.000454235,0,5,1,0.005134385,0.000011166,0
Returning_Visitor,0,0.016623174,,4,-8,0.056718844,129.279768971,0
Returning_Visitor,0,0.001798589,30.542750119,,-6,0.00000003,1285.310564008,1
Returning_Visitor,0,0.102080658,34.936029167,1,3,0.2,1377.656839938,0
Returning_Visitor,0.6,,0,3,1,0.000003488,1767.501075265,0
Returning_Visitor,0,0.030636123,0,1,-6,0.000038358,,0
Returning_Visitor,0,0.093739226,0,2,1,0.062666354,1944.503077556,0
New_Visitor,0,0.002478626,12.085832214,2,4,0.000000502,1297.245423786,1
Returning_Visitor,0,0.007119128,0,2,-7,0,180.012632095,0
Returning_Visitor,1,0.000448601,0,7,-6,0.070821529,3066.243182573,0
Returning_Visitor,,0.109179241,0,6,-6,0.05,157.359675316,0
Returning_Visitor,0,0.011467096,8.237656674,7,3,0.02,1014.31039634,0
,0,0.000103953,2.19995134,5,1,0,2616.970306856,1
Returning_Visitor,0.2,0.150795994,0,,1,0.000003607,210.050062947,0
New_Visitor,0.4,0.00168064,0,2,1,0.07147701,342.980532077,0
Returning_Visitor,0,0.080685496,0,3,3,0.006766294,398.258027066,0
Returning_Visitor,0.2,0.1,0,1,1,0,1036.937475984,0
Returning_Visitor,0,0.014919483,0,15,-6,0.001321185,123.005240097,0
Returning_Visitor,0,0.001417823,0,1,3,0.001392574,880.242607851,0
Returning_Visitor,0,0.05,0,2,2,0,0.000011185,0
Returning_Visitor,0.6,0.083204578,0,,-6,0,690.639319593,0
Returning_Visitor,0,0.002654317,0,4,1,0,831.729152818,1
New_Visitor,0,0.046784809,0,2,1,0.001592855,465.245328394,0
Returning_Visitor,0,0.090684684,0,1,-5,0.025550069,2088.014026105,0
Returning_Visitor,0.6,0.011801362,0,3,2,0.005601303,2435.564486736,0
Returning_Visitor,,0.152841566,0,2,1,0.02,0.000011191,0
Returning_Visitor,0,0.006594129,3.94207671,4,1,1.262988208,3811.040559418,1
Returning_Visitor,0,0.020099347,0,3,2,0.000010691,1966.481484555,0
Returning_Visitor,0,0.077814624,0,7,3,0.099754943,478.883326294,0
Returning_Visitor,0.2,0.030803646,0,2,1,0.000031705,1324.264505565,0
New_Visitor,0,0.006504333,0,2,2,0.022015738,510.295694286,0
Other,,0.002420901,0,2,-6,0.081550568,3349.979753651,0
New_Visitor,0,0.008101998,0,1,3,0.058992698,1731.725270311,0
New_Visitor,0,0.125823723,0,4,1,0.000519079,768.242422114,0
Returning_Visitor,0,0.05,0,5,-6,0.000091252,1520.773918355,1
Returning_Visitor,0,0.237255873,0,1,3,0.022081316,862.731525609,0
Returning_Visitor,0,0.05,0,2,2,0.004929895,975.463219632,0
Other,0,0.000029195,49.802656243,1,1,0.054362352,2106.686238616,0
Returning_Visitor,0,0.005970338,0,2,4,0.01461566,,0
Returning_Visitor,0,0.204297111,0,1,-7,0.01,2545.153849887,0
Returning_Visitor,0,0.03078056,0,1,-5,0.006356781,54.69529541,0
Returning_Visitor,0,0.035263863,4.119011888,1,1,0.000355305,511.265504141,0
Returning_Visitor,0,0.00001035,0,4,-6,0.001134226,0.000011208,0
Returning_Visitor,0,0.028303939,0,2,4,0.033181754,538.072026792,0
Returning_Visitor,0,0.02,22.613197179,2,2,0.001137807,1590.697847194,0
Returning_Visitor,0,0.01,0,2,1,0.1,2959.183612024,0
Returning_Visitor,0,0.073431156,0,1,1,0.01,1671.606676902,0
Returning_Visitor,0.8,0.045844045,0,2,-7,0.01,3436.782090582,0
New_Visitor,0.4,0.054004603,,,1,0,3686.932023925,0
Returning_Visitor,0,0.00191126,7.053677378,18,-8,0.033255675,2465.176361087,0
Returning_Visitor,0,0.003238861,0,3,-6,0.000000184,961.577339021,1
Returning_Visitor,0,0.033614826,8.105521253,1,1,0.001102133,0.000011217,0
Returning_Visitor,0,0.00186173,0,1,3,0,979.277496515,0
Returning_Visitor,0,0.026702291,7.305025588,1,2,0.000334015,112.889587857,0
Returning_Visitor,0.2,0.004080838,0,4,-6,0.02,0.00001122,0
Returning_Visitor,0,0.017470672,0,3,1,0.059076224,137.411646137,0
Returning_Visitor,0,0.055860228,0,5,4,0.041489831,3111.619779088,0
New_Visitor,0,0.01957898,0,1,2,0.000000102,307.455032385,0
Returning_Visitor,0.8,0.002360769,0,1,1,0,845.93438759,0
New_Visitor,0,0.004908672,35.674168959,2,1,0,1805.968331036,1
Returning_Visitor,0,0.082221533,0,,1,0.001518126,1736.593048529,0
Returning_Visitor,0,0.05976346,0,,1,0,1687.014127241,0
Returning_Visitor,0.6,0.032033443,2.908291351,1,-6,0.248038174,3084.18837785,0
Returning_Visitor,0.8,0.05,0,1,1,0.000039481,0.000011229,0
Returning_Visitor,0.2,0.070352584,0,2,-7,0.119097297,616.1885349,0
New_Visitor,0,0.010473461,0,2,2,0,1530.242872093,0
New_Visitor,0.4,0.05,0,,-6,1.148034131,1460.141149051,0
Returning_Visitor,0,0.004475181,0,4,3,1.04943133,953.528895922,0
Returning_Visitor,0.6,0.034295459,0,2,1,0.008531254,0.000011234,0
Returning_Visitor,0,0.116241247,0,9,3,0,627.928432102,0
Returning_Visitor,0,0.002638414,0,1,1,0.000495961,490.126294438,0
Returning_Visitor,0.2,0.000870493,31.949488582,2,1,0.031595133,1439.062489384,0
Returning_Visitor,0,0.049714827,,2,4,0,806.875471923,0
Returning_Visitor,,0.057129695,0,2,4,0,2032.633358764,0
,0,0.007387628,0,2,1,0.008118034,114.139486722,0
Returning_Visitor,0,0.077315165,0,9,-6,0.088474837,318.395196433,0
New_Visitor,0,0.00000066,28.854918964,7,1,0.000201672,398.060545446,1
Returning_Visitor,0,0.002392157,0,2,3,0,2510.243148508,1
Returning_Visitor,0,0.042663033,0,2,1,0.004250626,416.849527515,0
Returning_Visitor,0,0.000101534,0,2,1,0.000237969,1406.20827948,0
Returning_Visitor,,0.005624665,0,2,1,0.039267731,1400.723126941,0
,0,0.01,,1,1,0.000004549,1716.531153114,1
Returning_Visitor,0,0.014142093,0,3,1,0.009571335,96.858427823,0
Returning_Visitor,0,0.044630136,8.408133501,2,3,0.01,911.447097363,0
Returning_Visitor,0.8,0.029635918,0.563593429,3,1,0.007915142,2602.586767683,0
New_Visitor,0,0.007694207,,4,2,0.000024883,2527.546855071,0
Returning_Visitor,0,0.029893229,,3,1,0.000003593,154.249636143,0
Returning_Visitor,0,0.020241491,0,5,1,0.000330631,2680.6967191,0
Returning_Visitor,,0.003371321,0,1,1,0.069192138,1796.301936295,0
Returning_Visitor,0.8,0.003109563,0,2,3,0.000000942,0.000011255,0
,0,0.173614904,0,14,2,0.023377206,1303.375381719,0
Returning_Visitor,0,0.000453631,1.871102428,2,-7,0.2,1482.485902438,0
New_Visitor,0,0.002723901,,2,2,0.029943593,652.115070624,0
Returning_Visitor,0,0.091444116,0,6,4,0,194.402997341,0
Returning_Visitor,0,0.010360784,33.7897773,,4,0,2149.643527321,1
Returning_Visitor,0,0.004745686,13.34228811,3,3,0.047607648,24.962633253,0
New_Visitor,0,0.009334001,0,7,4,0,4682.761120439,0
Returning_Visitor,0,0.000220143,0,4,3,0,1715.059071352,1
Returning_Visitor,0,0.082639553,0,2,4,0.000006442,374.302971506,0
Returning_Visitor,0,0.002895666,0,5,1,0.009196286,1411.055759993,0
Returning_Visitor,0,0.141094962,0,1,-8,0,408.639760702,0
Returning_Visitor,0,0.030114806,0,3,-6,0.02,41.883482671,0
Returning_Visitor,0,0.025117732,0,2,1,0.02,,0
Returning_Visitor,,0.038052215,0,5,3,0.000050273,898.008743427,0
Returning_Visitor,0,0.10671241,45.466189298,2,-6,0.011223953,,0
New_Visitor,0,0.211680835,,4,1,0.004982979,0.000011271,0
Returning_Visitor,0.6,0.009532799,0,5,1,0.019356159,0.000011272,0
Returning_Visitor,0,0.187501165,43.615298144,,4,0,2270.301949421,1
Returning_Visitor,0,0.000161454,0,13,3,0.000002521,,0
Returning_Visitor,0,0.000412238,0,3,1,0.000043446,767.950921066,0
Returning_Visitor,0,0.060350804,0,3,1,0.001180293,265.769390068,0
Returning_Visitor,0,0.072362329,0,4,4,0.1,2334.432769542,0
Returning_Visitor,0,0.288401733,0,2,-6,0.000020643,1286.25881621,0
Returning_Visitor,0,0.1687542,0,2,1,0.01,333.883228135,0
Returning_Visitor,0.4,0.006909185,0,2,1,0.000235996,0.00001128,0
Returning_Visitor,0,0.085195872,4.737197751,9,3,0.001299971,1162.255679755,0
,0,0.077847798,0,2,4,0.012438765,0.000011282,0
Returning_Visitor,0,0.1247455,0,17,4,0,732.347151208,0
Returning_Visitor,0,0.01066151,0,2,4,0.003760429,1656.351590468,0
Returning_Visitor,0,0.002607569,0,5,2,0.006711842,2076.543441193,0
Returning_Visitor,0.2,0.05,0,4,-6,0.005418826,1605.169750502,0
Returning_Visitor,0,0.001493485,8.868367201,2,1,0,2388.032991617,1
Returning_Visitor,0,0.052138444,0,1,4,0.02,706.09033917,0
Returning_Visitor,0.6,0.00718836,0,10,1,0.012336988,2295.871991414,0
Returning_Visitor,0,0.010584257,1.232520809,6,3,0.000023306,628.656892882,0
Returning_Visitor,0,0.058617477,0,3,3,0.000001379,674.790406234,0
Returning_Visitor,0.6,0.007354429,77.168987839,3,4,0.027435963,,0
Returning_Visitor,0,0.000179298,0,5,2,0.004328524,1703.885837877,0
Returning_Visitor,0,0.035830615,0,2,4,0.000004295,,1
Other,0,0.02697323,0,10,3,0.006006496,0.000011295,0
,,0.019150208,0,2,2,0.001018789,2514.906200404,0
Returning_Visitor,0,0.124708321,0,5,-6,0.164693698,599.853613603,0
Returning_Visitor,0,0.017469333,0,3,-6,0,1107.933012932,0
New_Visitor,0,0.125400271,0,2,1,0.000035214,0.000011299,0
,0,0.031713179,0,1,1,0.000048365,696.325649461,0
New_Visitor,,0.351576728,0,2,1,0,682.061824657,1
New_Visitor,0,0.000099726,95.616882932,3,1,0.02,1230.450702775,1
Returning_Visitor,0,0.001848141,0,2,2,0.001859895,1764.284130844,1
Returning_Visitor,0,0.006598455,133.680779716,2,4,0,769.005626143,1
Returning_Visitor,0.2,0.195713286,0,2,3,0.252465422,0.000011305,0
Returning_Visitor,0,0.02,0,4,1,0.14462642,634.721976148,0
Returning_Visitor,,0.145416464,,2,1,0.000171472,2062.384063957,0
New_Visitor,0,0.020168163,,3,1,0.008507859,,0
Returning_Visitor,0,0.011823943,0,,-7,0.000000455,1321.425706408,0
Returning_Visitor,0.4,0.002378885,0,3,3,0.000386958,1735.09860133,0
Returning_Visitor,,0.006593959,0,5,2,0.001383863,41.191504246,0
Returning_Visitor,0,0.003723793,0,7,1,0,328.38999442,0
Returning_Visitor,0,0,0,7,3,0.003095056,151.949966987,0
New_Visitor,0.8,,5.946656565,2,2,0.002257767,1403.083849966,0
Returning_Visitor,0,0.062506534,0,19,1,1.226042935,5244.746560645,1
Returning_Visitor,0,0.000000258,0,15,1,0.01,2853.357390676,1
,0,0.00581395,10.747696105,13,1,0.2,338.103990346,0
Returning_Visitor,0.6,0.008651076,0,2,1,0.02,2939.821189357,0
Returning_Visitor,0,0.05,0,1,3,0.01,2598.587958379,0
Returning_Visitor,0,0.063981316,19.119022634,5,1,0.009501217,2583.074609127,0
New_Visitor,0,0.135678354,0,8,-5,0.000042238,2154.918564146,0
Returning_Visitor,0,0.080166916,,1,-6,0.000000343,2070.30412488,0
New_Visitor,0,0.001886456,0,3,4,0,1847.449353802,0
New_Visitor,1,0.001744254,5.368941407,1,4,0.000005558,1424.535055791,0
Returning_Visitor,0.4,0.1,0,3,1,0.014717363,383.79044016,0
Returning_Visitor,0,0.00007702,25.380206181,2,3,0.02,2785.371755304,0
Returning_Visitor,0,0.048088915,3.252344782,1,3,0.000000002,2121.390236116,0
Returning_Visitor,0,0.026453951,0,1,-8,0,1199.653552732,0
New_Visitor,0,0.212388758,0,3,1,0.176190687,145.622341364,0
Returning_Visitor,0,0.019320059,0,2,1,0.025185768,977.152519499,0
New_Visitor,0,0.013795575,0,2,-7,0.083835167,1504.939126229,0
New_Visitor,0,0.001872617,,4,3,0.000031877,1150.415649799,0
New_Visitor,0,0.003155495,0,7,3,0.000039077,490.817820084,0
Returning_Visitor,0,0.007342338,3.692041083,5,1,0.062211288,2502.910364003,0
Returning_Visitor,0.2,,0,1,-6,0.042544075,529.677754716,0
Returning_Visitor,0.8,0.001171717,0,1,1,0.029920691,473.142464514,0
Returning_Visitor,0,0.063858573,0,1,4,0.005216483,,1
Returning_Visitor,0.4,0.037574704,189.989955806,5,2,0.01,1511.317229933,1
Returning_Visitor,0,0.046527875,0,4,1,0.00015192,,0
,0,0.000090689,0,2,-5,0.000021966,228.135231776,0
Returning_Visitor,0,0.025966308,0,1,1,1.307581113,113.694963721,0
Returning_Visitor,0,0,0,2,1,0,1838.812942082,1
Returning_Visitor,0,,57.775541795,5,1,0.000006292,2998.09902543,1
Returning_Visitor,0,0.022856279,0,3,1,0.02,1120.9210615,0
New_Visitor,0,0.006286201,0,1,1,0.000040195,417.836777389,0
Returning_Visitor,0.2,,0,1,4,0.000178949,845.757284391,0
,0,0.006322036,17.120692606,3,2,0.000136036,,0
Returning_Visitor,0,0,15.25790554,16,1,0,4067.874293569,1
Returning_Visitor,0,0.127135745,0,3,1,0.05,325.998072773,0
,0,0.00013361,11.086356655,8,4,0.000507827,0.00001135,0
New_Visitor,0,0.093430502,0,1,1,0.009036819,875.458788296,0
Returning_Visitor,0,0.130065013,0,2,2,0,328.160770721,0
Returning_Visitor,,0.016905646,0,2,1,0.017117271,2019.434232628,0
,0,0.019955501,0,2,1,0.013509085,0.000011354,0
Returning_Visitor,0,0.08931524,4.779961174,5,4,0,317.838220418,1
New_Visitor,0,0.003451601,0,1,4,0.001587177,617.807001803,0
Returning_Visitor,0,0,0,1,-8,0.000004778,872.261609927,0
Returning_Visitor,0,0.00155602,10.37170917,3,-7,0.01,2465.308930948,0
Returning_Visitor,0,0.12579314,0,4,1,0.004866887,459.83943474,1
Returning_Visitor,0,0.0009582,0,2,2,0,637.260958576,1
Returning_Visitor,0,0.000024999,8.772618987,9,-7,0,4481.403971823,1
Returning_Visitor,0,0.05,6.576424866,2,1,0,1057.77769037,0
Returning_Visitor,0,0.029911421,0,7,-6,0.000038159,2944.392966677,0
Returning_Visitor,0,0.002924683,0,10,4,0.016565842,2342.906909848,0
Returning_Visitor,0,0.057508061,0,5,4,0.000084045,655.099194152,0
Returning_Visitor,0,0.013252985,0,2,1,0.005595609,628.828182374,0
Returning_Visitor,0,0.035008706,5.124518986,2,-6,0.039525104,199.589438234,0
Returning_Visitor,0,0.001546609,0,1,-6,0.000051786,132.975914431,0
Returning_Visitor,0,0.0039532,0,2,1,0.000434441,156.947869517,0
Returning_Visitor,0,0.020938069,0,2,2,0.03131249,753.76576253,0
Returning_Visitor,0,0.003643231,0,3,3,0.042309952,337.164847732,0
Returning_Visitor,0,0.02,0,2,3,0.001161997,2406.111622491,0
Returning_Visitor,0,0.107989933,5.01757287,10,3,0.010888527,1494.179927228,0
Returning_Visitor,0.4,0.004732364,6.745969872,,1,0,2406.629404442,1
Returning_Visitor,0,0.01112796,9.726820458,3,3,0,504.030971594,1
Returning_Visitor,0,0.000022332,104.430267536,2,3,0.000001883,2487.15858196,1
Returning_Visitor,0,0.005619129,18.368877311,2,1,0.000115988,221.50944842,0
New_Visitor,0,0.042950978,0,2,3,0.000004853,324.327307794,0
Returning_Visitor,0,0.000302816,0,2,-5,0.002581812,945.563481757,0
Returning_Visitor,0,0.002601918,24.872777038,2,1,0.2,108.41709182,0
Returning_Visitor,0,0.000720576,0,1,1,0.05,221.708267208,0
New_Visitor,0,0.014559483,30.554621938,3,-7,0,,1
Returning_Visitor,0,0.025713157,0,7,3,0,1209.796634612,0
New_Visitor,0,0.052341981,0,3,1,0.019696713,2260.181811904,0
New_Visitor,0,0.067319697,0,2,3,0.01,382.242326006,0
New_Visitor,0.4,0.031295028,0,3,3,0.014019236,1313.855687801,0
Returning_Visitor,0,0.17161252,0,3,2,0,0.000011387,0
Returning_Visitor,0,0.1,0,,1,0.000483342,0.000011388,0
Returning_Visitor,0,0.13131714,0,1,1,0,873.841047985,0
Returning_Visitor,0,0.017949087,35.868034147,1,1,0.000047795,1191.046281657,0
Returning_Visitor,0,0.028049004,0,1,3,0.000012149,62.356077211,0
Returning_Visitor,0,0.05,0,1,1,0.01,767.436309787,0
Returning_Visitor,0,0.007634553,0,7,1,0.00148423,883.025031911,0
Returning_Visitor,0,,,6,1,0.002285726,1215.595214879,0
Returning_Visitor,0.4,0.007721317,0,2,-5,0.001012641,397.92037221,0
New_Visitor,0,0.05,0,1,1,0.017678854,,0
Returning_Visitor,0,0.015397439,19.628338798,1,2,0.000000064,1217.158633768,1
Other,0,0.061621054,0,2,1,0.02,461.300582698,0
Returning_Visitor,0,0.006140612,0,3,3,0.011948821,206.018715523,0
New_Visitor,0.6,0.007812966,0,3,3,0.006159876,0.0000114,0
Returning_Visitor,0,0.055950036,0,3,1,0,,0
,0,0.118838661,0,2,-7,0,2058.679918111,0
Returning_Visitor,0,0.02,160.566191288,5,2,1.097275105,3113.810311528,1
Returning_Visitor,,0.051070619,0,6,-8,0.002934336,1073.540877542,0
Returning_Visitor,0,0.000944839,0,2,-9,0.000007883,1508.340600988,0
New_Visitor,0,0.006253145,0,1,3,0.002128519,1697.118406259,0
Returning_Visitor,0.6,0.022097896,3.593581425,2,4,0,,0
Returning_Visitor,,,0,2,2,0,106.153474296,0
Returning_Visitor,0.6,0.009032812,6.061268083,3,-7,0.039602021,733.467944768,0
Returning_Visitor,0,0.101432569,0,6,1,0.012412349,691.597791509,0
Returning_Visitor,0,0.00020753,0,1,1,0.000000202,218.139880178,0
Returning_Visitor,0,0.000158257,0.877828322,2,1,0,0.000011412,0
Returning_Visitor,0,0.010456566,0,4,3,0.149557889,265.883847848,0
Returning_Visitor,0,0.00143717,0,4,-8,0.000013302,2074.337541538,1
Returning_Visitor,0,0.017609213,0,6,4,0.000040594,2034.808213162,0
,0,0.006030825,0,6,3,0.03696919,641.884034609,0
Returning_Visitor,0,0.00494047,2.777766906,5,1,0.036573593,2634.541066687,0
Returning_Visitor,0,0.02,0,,-7,0.001705788,239.962745543,0
Returning_Visitor,0.4,0.121093739,0,2,1,0.01,1380.665289918,0
Returning_Visitor,0,0.002855276,0,3,-6,0.002293862,299.815709776,0
Returning_Visitor,0,0.121707834,2.377130865,2,-6,0.000001727,371.320433215,0
Returning_Visitor,0,0.000671555,36.513416717,3,3,0.1,2923.211301344,1
Returning_Visitor,0,0.000299174,12.735129419,,3,0.00005579,2700.885852997,1
New_Visitor,0,0.05,0,3,1,0.129942376,1353.156862318,0
Returning_Visitor,0,0.2,5.273884398,2,1,-0.130514591,1008.169804088,0
Returning_Visitor,0,0.000220998,0,4,4,0.011234415,654.299260976,0
New_Visitor,0,0.000000018,,1,1,0,542.879983163,1
New_Visitor,0,0.092792065,0,,3,0.003608141,772.100831858,0
Returning_Visitor,0,0.016601882,0,9,-5,0.000002323,1091.180964021,0
New_Visitor,0,0.042258281,0,2,2,0.00577746,126.333768247,0
Returning_Visitor,0,0.050992483,0,1,2,0.000962854,270.984286876,0
Returning_Visitor,0,0.032815462,0,2,3,0.02,0.000011432,0
Returning_Visitor,0,0.023144974,0.801697748,1,1,0,1311.725588967,0
New_Visitor,,0.062832964,0,,1,0.028418815,1563.503245645,0
Returning_Visitor,0.2,0.001013818,0,1,1,0.01,159.282180508,0
Returning_Visitor,0,0.018186503,0,1,-7,0,2183.017195709,1
Returning_Visitor,0.6,0.011345063,0,3,-6,0.02160732,679.901635247,0
Returning_Visitor,0,0.014156942,0,1,4,0.089504516,833.166216568,0
Returning_Visitor,0,0.038050039,0,2,1,0.038699267,1355.813140705,0
Returning_Visitor,0,0.001001099,0,2,3,0.000031396,2661.928832983,0
New_Visitor,0.2,0.039911487,0,3,1,0,625.027239823,0
New_Visitor,0.8,0.000206851,0,1,2,0.033882616,837.952858433,0
Returning_Visitor,0,0.003982955,0,10,-8,0.002637821,281.136709464,0
Returning_Visitor,0,,0,3,4,0.001619097,369.06560542,0
Other,0,0.163527938,0,6,3,0.000013243,300.622616791,0
Returning_Visitor,0.8,0.071182182,0,2,-9,0.02,419.305525489,0
Returning_Visitor,0.4,0.026504495,0,8,3,0.070931994,517.3394216,0
Returning_Visitor,0.2,0.046025204,0,3,3,0.000675686,465.810597806,0
Returning_Visitor,0,0.000544433,3.100591674,2,-6,0.023461875,808.314779355,0
New_Visitor,0.2,0.032763867,17.115402539,15,-8,1.264375159,745.004452568,0
Returning_Visitor,0,0.000204285,28.582300513,8,3,0,570.680467214,1
Returning_Visitor,0,0.001639698,126.946622506,,3,0,2307.111531372,1
New_Visitor,0,0.075620972,0,2,-6,0.030579305,2764.602659908,0
Returning_Visitor,0,0.010395063,0,2,1,0.000610775,175.388424377,0
New_Visitor,0,0.019254144,0,2,3,1.064908514,2993.527796104,0
New_Visitor,0,0.001731492,0,7,1,0.077184396,0.000011456,0
Returning_Visitor,0,0.019432631,0,2,1,0.00018131,3832.493601296,1
New_Visitor,0.2,0.074862881,0,2,2,0.010557662,,0
Returning_Visitor,0,0.001724779,1.824925144,6,1,0.023848521,0.000011459,0
New_Visitor,0,0.001125989,14.264256416,2,-6,0.00000004,570.418274676,1
Returning_Visitor,0,0.023039763,55.5527432,2,4,0.003651733,1513.562780265,1
Returning_Visitor,0,0.000032249,0,2,2,0,1764.967270723,1
Returning_Visitor,0,0.056861296,0,5,1,0.02,2449.477366625,0
Returning_Visitor,0.2,0.028367206,0,10,-5,0.000846933,1951.632948652,0
Returning_Visitor,0,0.018328448,0,2,-6,0.01,571.066274042,0
Returning_Visitor,0,0.05,0,11,-6,0.000000026,199.106490013,0
Returning_Visitor,0,0.074914401,0,3,1,0.01,412.697779023,0
Returning_Visitor,0.2,,0,6,3,0.000000114,1124.615436152,0
,0,0.101174988,0,5,3,0.004066472,601.401235366,0
New_Visitor,0,0.033074148,0,2,2,0.000015426,1834.085691348,0
Returning_Visitor,0.8,0,6.114834552,2,4,0.000001374,729.115389942,0
Returning_Visitor,0,0.008022446,0,2,4,0.02,1230.340772116,0
Returning_Visitor,0,0.241156941,,2,1,0.005370535,1185.673893695,0
Other,0,0.010205047,0,3,1,0.001236427,727.865127072,0
Returning_Visitor,0,0.126777422,0,3,-5,0.03620786,1008.953745574,0
Returning_Visitor,0.6,0.124692992,0,1,1,0,685.470667842,0
Returning_Visitor,0,0.055857172,0,8,3,0.120042691,,0
New_Visitor,0,0.011283831,0,3,-8,0.000262855,1129.248342741,0
Returning_Visitor,0,0.002143415,7.474697704,2,4,0.007297538,,1
Returning_Visitor,0,0.144926674,26.036553825,2,-6,0.000000004,2739.477263061,1
Returning_Visitor,0,0.011618659,0,2,2,0.04238641,395.215410539,0
New_Visitor,0,0.019308315,0,1,2,0.000000871,466.272966692,0
Returning_Visitor,,0.2,0,3,-6,0,1046.610700747,0
Returning_Visitor,0.6,0.007260298,0,2,1,0.078469788,789.567035004,0
Returning_Visitor,0,0,0,3,-6,0.001883774,912.267954229,0
Returning_Visitor,0,0.144478127,0,8,2,0.000000069,4681.244727497,0
New_Visitor,0,0.2,50.792385077,3,-7,0,5147.053410902,1
Returning_Visitor,0,0.087325751,0,2,3,0.2,0.000011488,0
Returning_Visitor,0,0.092089373,0,1,1,0.2,6403.33144028,0
Returning_Visitor,0,0.000522756,0,3,2,0.023131298,0.00001149,0
Returning_Visitor,1,,0,2,1,0.000129858,985.480958435,0
New_Visitor,0,0.153346014,0,7,3,1.318917325,589.274224627,0
Returning_Visitor,,,0,6,4,0.00003384,0.000011493,1
Returning_Visitor,0,0.138024218,0,3,-6,0.019455822,2268.677781675,0
Returning_Visitor,0,0.096817902,0,11,4,0.0039065,2545.474117118,0
,0.2,0.117230763,0,1,1,0.002086674,0.000011496,0
,0,0.19884016,0,2,1,0,1558.213949216,0
Returning_Visitor,0.6,0.000871468,0,5,-6,0.016100368,1852.839094202,0
Returning_Visitor,0,0.006128096,0,5,3,0,2753.366648706,1
Returning_Visitor,0,0.109019528,0,1,4,-0.16371828,1827.181962171,0
New_Visitor,0,0.010641485,0,4,1,0.000454976,512.578508697,0
Returning_Visitor,0.8,0.014314432,0,2,1,0.00229551,993.880084105,0
Returning_Visitor,0,0.1121681,8.413125896,2,4,0.1,0.000011503,0
Returning_Visitor,0,0.2,0,2,-7,0,275.444381698,0
Returning_Visitor,0.2,0.011400708,0,2,3,0.000056764,1108.494380105,0
,0,0,0,2,4,0.000126845,,0
Returning_Visitor,0,0.000000006,39.5087274,2,3,0,770.451202809,1
Returning_Visitor,0,0.054484589,5.734893368,3,1,0.028154689,2440.292131933,0
New_Visitor,0,0.043109121,0,2,1,0.01,461.040520587,0
New_Visitor,0.2,0.039078917,0,2,-7,0.02,288.783143322,0
Returning_Visitor,0,0.000138301,0,2,3,-0.237962098,1369.258625914,1
Returning_Visitor,0,0.054450015,23.374745209,,2,0.000000357,1011.164235324,0
Returning_Visitor,0,0.000537105,0,,1,0.172855431,,0
New_Visitor,0,0.026567363,0,1,1,0.332450151,2063.096874002,0
New_Visitor,0,0.003456112,0,3,-6,0.000067512,144.76389977,0
Returning_Visitor,0,0.05,0,2,1,0.013717676,766.93241526,0
,0,0.1,0,3,-5,0.060376752,1222.137564292,0
New_Visitor,0.8,0.1,0,5,1,0.000156483,617.975655519,0
Returning_Visitor,0,,0,3,2,0.000845748,2934.659840293,0
Returning_Visitor,0,0.053845509,0,1,2,0.008545536,729.676049828,0
Returning_Visitor,0,0.194925056,0,1,-7,0.010824541,0.000011521,0
Returning_Visitor,0,0.028748943,0,2,1,0.016931537,855.169763026,0
New_Visitor,0,0.007996081,0,,-6,0,135.832222425,0
Returning_Visitor,0,0.207481232,0,4,1,0.000000207,0.000011524,0
Returning_Visitor,0,0.008220736,0,,4,-0.066016582,718.12184652,0
Returning_Visitor,0,0.020781373,0,1,1,0.031414768,1104.354008011,0
Returning_Visitor,0.8,0.02,0,1,-9,0.002210104,462.485290272,0
Returning_Visitor,0,0.060166463,0,9,-6,0.05,1413.815621501,0
Returning_Visitor,0,0.02,0,1,2,0.001002738,975.005542686,0
Returning_Visitor,0,0.052854785,24.246223554,8,2,0,2497.185455423,1
New_Visitor,0,0.000168362,0,9,4,0,3774.280999688,0
New_Visitor,0,0.007789434,0,2,1,0.010791353,871.287628434,0
New_Visitor,0,0.008360273,0,1,-7,0.000004079,209.876487089,0
New_Visitor,0.8,0.009634369,0,3,2,0.017001081,,0
New_Visitor,0,0.000021861,39.88484939,1,4,0,1215.591917147,1
New_Visitor,0,0.117313797,7.01831607,2,4,0.1,1827.700222663,0
Returning_Visitor,0,0.000000001,206.738695896,2,1,0,2695.088370718,1
Returning_Visitor,0.2,0.04632044,0,8,1,0.000026722,650.188846347,0
Returning_Visitor,0,,0,8,3,0.000511754,715.429693612,0
Returning_Visitor,0,0.204128255,0,6,3,0.01,4469.024081583,0
Returning_Visitor,0,,0,3,1,0.02,2215.274552937,0
Returning_Visitor,0,0.145260588,0,2,-7,0.000002332,1150.740094308,0
Returning_Visitor,0,0.004348382,,7,1,0.000000027,5582.546377784,1
Returning_Visitor,0,0.000158096,,3,-7,0.122151038,250.240619439,0
Returning_Visitor,0,0.002020647,0,3,1,0,1440.784152455,0
Returning_Visitor,0,0.035994734,0,3,1,0.038645261,2222.328195722,0
New_Visitor,0.6,0.009701543,0,3,-7,0.020565696,236.114170469,0
New_Visitor,0,0.204925618,0,14,3,0.000001583,2900.389608295,1
New_Visitor,0,0.063672805,0,4,2,0.008153979,209.71874916,0
New_Visitor,0,0.189227806,0,2,-7,0.00356121,224.703131091,0
Returning_Visitor,0.2,0.034800056,0,,2,0.1,221.302965073,0
New_Visitor,0,0.01,14.764139452,2,-6,0.000000031,2213.55616829,1
,0,0.009003825,4.603233581,3,3,0.002362313,1660.920423418,0
Returning_Visitor,0,0.043698663,0,2,1,1.461741504,1574.175707957,0
New_Visitor,0,0.000757151,9.184624242,15,1,0,1144.627587786,1
New_Visitor,,0.055676265,0,3,-7,0,2078.142819743,0
Returning_Visitor,,0,13.025164536,5,2,0.000416295,1275.953373991,0
,0,0.036125184,18.29228734,1,1,0.000000164,1375.747539456,1
Other,0,0.02,0,5,1,0.1,226.107928934,0
Returning_Visitor,0,0.004815023,0,3,-6,0.082511069,625.756829885,0
Returning_Visitor,0,0.008830754,0,7,1,0.003366726,2275.254817171,1
New_Visitor,0,0.02776174,0,2,3,0.011051707,461.194186844,0
Returning_Visitor,0.2,0.021558092,0,5,1,0.05,374.037295087,0
New_Visitor,0,0.014622901,27.230503845,2,1,0.001745168,1226.823612387,0
New_Visitor,0.6,0.006560386,0,17,2,0.092884489,4599.507589124,0
Returning_Visitor,0,0.02,0,1,3,0.003533257,319.442462793,0
Returning_Visitor,0,0.001958469,0,2,1,0.02,613.512612475,0
New_Visitor,,0.047993838,15.446902341,3,4,0.000024109,444.24040901,1
New_Visitor,0,0.040442158,0,2,1,0,741.147177062,0
New_Visitor,0.8,0.109383322,,1,1,0.000031078,0.00001157,0
New_Visitor,0,0.068906079,0,2,-8,0,1086.332800911,0
New_Visitor,0,0.013393306,10.44887774,2,2,0,405.002619471,1
Returning_Visitor,0,0.000373362,0,,-8,0.000015821,1370.042260805,0
Returning_Visitor,0,,5.356839814,4,1,0,0.000011574,0
Returning_Visitor,0,0.074987344,0,12,3,0.007533631,3935.580763351,0
New_Visitor,0,0.00002513,,2,1,0,830.707305026,1
New_Visitor,0,0.2,0,1,2,0.000000032,1175.011428062,0
New_Visitor,0,0.108856821,7.968088308,5,3,1.393389671,2274.304206023,0
New_Visitor,0,0.07600389,0,3,3,0,1448.585016824,1
Returning_Visitor,0,0.014677418,0,,-8,0.014302969,567.849896843,0
New_Visitor,0,0.00121487,0,2,-8,0.003598035,825.951705433,0
Returning_Visitor,0,0.000943105,0,,3,1.184221888,2732.129537444,0
Returning_Visitor,0,0.028810571,0,4,4,0.02,212.360292467,0
Returning_Visitor,0,0.212754664,0,4,4,0.000001324,12.281492789,0
Returning_Visitor,0,0.028662589,0,3,2,0.002441384,946.39760799,0
New_Visitor,,0.011030341,7.053620631,3,-5,0.000546012,1543.08891565,0
Returning_Visitor,0,0.000459073,17.673431893,2,-6,0.000000005,1119.959293887,1
Returning_Visitor,0.2,0.013061381,0,10,2,0.046621144,1305.712902085,0
New_Visitor,0,0.098021139,0,2,3,0.010255629,826.039389104,0
Returning_Visitor,0,0.000007992,9.522590018,2,3,0.015201491,3458.609293004,1
Returning_Visitor,0,0.023029112,0,4,3,0.062664061,1043.637918483,0
Returning_Visitor,1,0.118168887,0,4,1,0.000014674,540.935516629,0
Returning_Visitor,0,0.2,0,6,-6,0.2,1270.599303985,0
Returning_Visitor,0,0.084513832,0,2,-6,0,0.000011594,0
Returning_Visitor,0,0.031197082,0,2,2,0.001441305,129.254601366,0
Returning_Visitor,0,0.007598951,,2,3,0.000216704,838.796659016,0
Returning_Visitor,0,0.062392406,22.271945237,2,1,0,,1
Returning_Visitor,0,0.05,0,7,1,0.02,1331.129106205,0
Returning_Visitor,0,,,7,1,0.0046869,1091.550547324,0
Returning_Visitor,0,0.004354511,4.151748994,2,3,0.000212676,1154.69674587,0
,0,0.017222031,0,10,-6,0.000049974,,0
Returning_Visitor,0,0.006026443,26.136786174,1,1,0,1481.28576796,0
Returning_Visitor,0,,0,2,-5,0,0.000011603,0
Returning_Visitor,0,0.006920638,0,10,-7,0.028558885,794.858951948,0
Returning_Visitor,0,0.04184146,4.227348075,2,1,0,2056.493791527,1
Returning_Visitor,0.6,0.001090548,0,1,1,0.011461235,3674.754310133,0
New_Visitor,,0.005046471,2.533489122,13,-8,0.000000404,3696.483304262,0
Returning_Visitor,0,,0,2,-6,0.00001901,3678.828847709,0
,0.6,0.015061474,0,,-8,0.290843215,2307.464847993,0
New_Visitor,0,0.012017679,0,2,4,0,0.00001161,0
New_Visitor,0,0.020049425,12.648295744,3,3,0.000775041,2879.085254369,0
Returning_Visitor,0,0.003729803,0,6,-7,0.037232949,600.850931879,0
New_Visitor,0,0.002109395,0,2,1,0.000807271,563.058357349,0
Returning_Visitor,0,0.01,0,1,1,0.058940362,,0
New_Visitor,0,0.01,0,3,-7,0.088418915,733.912073934,0
New_Visitor,0,0.016552072,0,3,4,0.000004085,137.829022088,0
Returning_Visitor,0,0.032968495,3.998929943,10,1,0.001609552,3530.398309362,0
Returning_Visitor,0,0.268342159,0,4,1,0,1160.857984226,0
Returning_Visitor,0,0.2,0,10,4,0.220441989,671.256816783,0
Returning_Visitor,0.2,0.003924471,0,2,3,0.02,1034.349505371,0
Returning_Visitor,0,,0,2,3,0.000277309,1131.884055322,0
Returning_Visitor,0,0.008920391,0,1,3,0.109423774,691.464653663,0
Returning_Visitor,0,0.048459396,0,,-7,0.02,390.15524319,0
Returning_Visitor,0,0.040234024,0,1,1,0.053645271,1515.719428887,0
Returning_Visitor,0.4,0.000694126,0,1,3,0,1621.152828871,1
Returning_Visitor,0.2,0.006035541,11.377685873,2,1,0.001274476,1699.468004047,0
Returning_Visitor,0,0.000000019,24.529060494,2,-6,0.000165452,795.415609308,1
Returning_Visitor,0.4,0.047940204,4.474143482,2,-9,0.004739039,317.278463299,0
Returning_Visitor,0,0.00968249,0,4,-6,0.002905498,0.000011629,0
New_Visitor,0,0.02231971,0,5,1,0,2558.659685565,0
,0,0.000013199,0,3,1,0,993.752549833,0
Returning_Visitor,0.2,0.000224565,8.913123699,10,-8,0.01,3505.536011534,1
Returning_Visitor,0,0.042713821,0,4,1,0.000000186,2619.955070562,0
Returning_Visitor,0.4,0,6.882541991,1,1,0.030238912,1784.955110109,0
Returning_Visitor,0,0,37.395648183,2,1,0.000016585,,1
New_Visitor,0,0.023499121,1.423904407,3,-8,0.000533416,1364.715429267,0
Returning_Visitor,0,0.001385456,0,1,-6,0.02,1764.446862754,0
Returning_Visitor,0,0.024616422,17.05235136,1,1,0.000862764,3013.825350785,0
Returning_Visitor,0,0.049234904,0,4,1,0.056663295,1879.428443312,0
Returning_Visitor,0,0.053091403,0,2,4,0.091504933,1136.53025895,0
Returning_Visitor,0.4,0.05,0,3,1,0.005639302,1411.350072229,0
Returning_Visitor,0,0.061539391,16.109330003,5,-8,1.26444251,,1
New_Visitor,0,0.044815047,0,13,1,0,3142.780060826,1
Returning_Visitor,1,0.004430878,0,2,4,0.002689156,1961.028348107,0
Returning_Visitor,0,0.097567336,0,4,-7,0.003884152,2189.752496722,0
Returning_Visitor,0,0.000827987,0,2,1,0.000240509,338.550620952,0
New_Visitor,0,0.000958188,37.379074678,,3,0.000000005,,1
Returning_Visitor,0,0.056930469,0,1,4,0.008912746,286.975479857,0
New_Visitor,0,0.046200308,0,2,-6,0.001506924,0.000011649,0
,0,0.001346961,0,1,-8,0.066658777,377.502743846,0
Returning_Visitor,0,0.085167863,0,2,3,0.000072977,1211.623878164,0
Returning_Visitor,0,0.20356348,0,2,-5,0.004492594,500.475305149,0
Returning_Visitor,0.2,0,0,3,2,0.005460767,771.472076597,1
Returning_Visitor,0,0.013916436,0,2,-7,0,36.898271827,0
Returning_Visitor,0,0.206480937,4.442649999,2,1,1.088127452,5130.295924509,0
Returning_Visitor,0,0.044250587,7.830633908,3,2,0.002974463,1323.764144003,1
Returning_Visitor,0,0.02,35.737075371,2,1,0.003165542,,0
Returning_Visitor,0.4,0.01,0,2,1,0.015573866,1611.030577359,0
New_Visitor,0,0.039250512,24.519415871,8,1,0.085145568,1499.921799543,1
Returning_Visitor,,0.01058194,22.935563037,4,3,0.000003284,2070.958981594,1
Returning_Visitor,0,0.003170358,0,1,3,0.003623023,0.000011661,0
Returning_Visitor,0,0.063120517,0,,-6,0.028352955,797.171656784,0
Returning_Visitor,0,0.059991834,0,1,-7,0.000365143,107.610623712,0
Returning_Visitor,,0.060126553,0,3,-5,0.000080506,1046.184843404,0
Returning_Visitor,0,0.0364408,0,19,3,0.05,580.173285893,0
New_Visitor,0,0.025328062,0,6,1,0.008612012,0.000011666,0
Returning_Visitor,0,0.003296151,0,3,-6,0.00648093,0.000011667,0
Returning_Visitor,0,0.044674084,0,2,3,0.299408829,2020.154044851,0
New_Visitor,0,0.00144789,0,1,-6,0.000754842,456.713745033,0
Returning_Visitor,0,0.000072407,0,4,1,0.015824211,1233.072615379,1
Returning_Visitor,0,0.005777112,0,1,1,0.00116431,1172.833943829,0
New_Visitor,0,0.119451555,0,2,2,0.021287729,129.966586223,0
,0,0.000008467,0,3,1,0.000000149,4340.02435365,1
New_Visitor,0.6,0.057228616,3.1285481,12,1,0.018352088,839.460104279,0
Returning_Visitor,0,0.003073643,14.888639784,2,-8,0.000046885,628.68221651,1
Returning_Visitor,0,0.000000046,0,7,3,0.000034538,1402.599373319,0
Returning_Visitor,0,0.00138139,0,2,3,0.001240575,2608.240992623,0
Returning_Visitor,0,0.017666127,0,9,-5,0.002767177,,0
New_Visitor,0,0.038338119,0,5,3,0.128610735,188.142951495,0
Returning_Visitor,0,0.051342889,0,3,4,0.046154513,917.380131437,0
Returning_Visitor,0,0.090085731,0,6,-6,0.1,4329.752638521,0
Returning_Visitor,0,0.104167292,0,1,1,0.000356274,1496.347678541,0
Returning_Visitor,0,0.04166466,0,2,1,0.000003028,1111.794137262,0
New_Visitor,0.8,0.014757721,3.200136694,3,4,0.000190218,369.244236028,0
Returning_Visitor,0,0.006162892,0,3,1,0.011692239,2111.452473313,0
Returning_Visitor,0,0.000198033,0,17,3,0.000000752,0.000011686,0
Returning_Visitor,,0.02,,2,1,0.073894794,2120.50598798,0
,0,0.023398425,0,4,2,0.001931932,1675.102839875,0
New_Visitor,0,0.085001884,,1,4,0.001329554,1148.962513889,0
Returning_Visitor,0.6,0.054875914,0,3,1,0.000285062,1532.960303273,0
New_Visitor,0,0.000000016,68.138096581,4,1,0.05,224.979091836,1
Returning_Visitor,0,0.067023194,0,2,-5,0.015909168,5030.497652119,0
New_Visitor,0,0.044567057,0,1,2,0.040638839,3293.820321782,0
Returning_Visitor,0,0.024819225,0,3,1,0.02927337,624.079068439,0
Returning_Visitor,0,0.003323596,0,2,3,0.005959968,1307.201119421,0
New_Visitor,0,0.000473155,0,4,-7,0.000000034,464.06347096,1
Returning_Visitor,0.2,0.097508531,0,1,1,0.008553647,557.057024155,0
New_Visitor,0,0.051513996,0,7,4,0.024162108,266.017114263,0
Returning_Visitor,0,0.029051561,0,1,-5,0.021794322,1178.149548306,0
,0,0.018350629,0,6,2,0.002223476,90.21094931,0
Returning_Visitor,0,0.113319607,0,2,1,0.000000029,1628.485469038,1
Returning_Visitor,0,0.05,,3,-7,0.000169634,0.000011702,0
Returning_Visitor,0,,0,5,2,0.001026908,541.263894349,0
Returning_Visitor,0,0.039621672,0,3,1,0,990.493468099,0
,0,0.030518484,0,10,3,0.068355625,,0
Returning_Visitor,0,0.083929677,0,4,4,0.007661117,2541.002421588,0
Returning_Visitor,0.8,0.00009818,0,3,-8,0,1675.48228723,0
Returning_Visitor,0,0.01,0,1,3,0.02,236.173300261,0
Returning_Visitor,0,0.007864253,10.950201627,6,2,0,4591.431442831,1
New_Visitor,0,0,0,1,3,0.21660133,2336.544514288,0
,0,0.024909168,0,,1,0.02,524.971729348,0
Returning_Visitor,0,0.02,0,2,-6,1.364468301,1016.327440134,0
Returning_Visitor,0,0.019255454,0,6,1,0.000925425,1976.891828186,0
Returning_Visitor,0.2,0.035225704,0,1,3,0,432.288558495,0
,,0.01,0,2,1,0,863.226176045,1
Returning_Visitor,0,0.017044082,0,3,3,0.016110224,3182.272543252,0
Returning_Visitor,0,0.01880578,0,1,-8,0.10569605,862.978191496,0
Returning_Visitor,0,0.002472128,0,3,1,0.02,1993.441286178,0
Returning_Visitor,0,0.004214509,0,1,1,0.000250702,2552.021607833,0
Returning_Visitor,0,0.016025864,0,1,-6,0,,1
Returning_Visitor,0.6,0.162305705,0,4,-7,0.000015311,399.174025355,0
Returning_Visitor,0.2,0.131458094,,8,1,0.017429051,1738.182681557,0
Returning_Visitor,0,0.000111865,62.208946975,3,3,0.000000045,1249.27468659,1
New_Visitor,0,0.023996692,0,3,3,0.000003893,0.000011724,0
Returning_Visitor,0,0.000002947,0,4,4,0.2,3552.494005916,1
New_Visitor,0,0.00669793,21.670559252,2,1,0,1598.714892298,1
Returning_Visitor,0,0.117103033,18.395001173,2,1,0,741.981829399,0
Returning_Visitor,0.8,0.000143265,0,1,1,0.011540795,1308.322719721,0
Returning_Visitor,0,0.014899249,0,18,1,0.000811999,1922.938376434,0
Returning_Visitor,0,0.071110644,0,16,3,0.00033651,2151.392508931,0
Returning_Visitor,0,0.00013272,31.30722345,14,1,0,,1
New_Visitor,0,0.061064975,0,1,-8,0.003865374,3334.210053327,0
New_Visitor,0,,0,2,1,0.000000002,129.431593325,0
Returning_Visitor,0,,0,2,1,0.020049999,551.177996889,0
Returning_Visitor,0,0.005768137,0,14,1,0.1,825.871165084,0
New_Visitor,0,,,,-6,0.000005696,1434.212793153,1
Returning_Visitor,0,0.05275294,0,12,1,0.01,721.712610136,0
Returning_Visitor,0,0.002811707,0,20,1,0,238.660585065,1
,0,0.005341513,0,3,-6,0.015251808,1128.618301703,0
Returning_Visitor,0,0.009274006,0,4,3,0.010249524,,0
New_Visitor,0,0.02,0,1,1,0.01,0.000011741,0
New_Visitor,0,0.01072664,0,2,-6,0.000705489,823.356437058,0
Returning_Visitor,0,0.2,,2,1,0.185299548,850.005795937,0
Returning_Visitor,0,0.001859682,0,2,4,0.000077479,943.28215508,0
Returning_Visitor,0,,33.34818421,1,4,0.000015647,2233.157543628,1
Returning_Visitor,0,0.000018197,0,2,3,0.005087237,0.000011746,0
Returning_Visitor,1,0.000477301,0,3,4,0.040525312,338.710879097,0
Returning_Visitor,,0.05,0,17,1,0.000039262,2881.971093056,0
Returning_Visitor,0,0.010888443,36.093151702,2,4,0.033325727,2879.744539229,0
Returning_Visitor,0,0.027416919,0,9,4,0,2363.395453897,1
Returning_Visitor,0,0.088538195,0,2,1,0.001873284,1791.269713133,0
Returning_Visitor,,0.029824803,0,1,1,0.000053444,1139.263978706,0
Returning_Visitor,0,0.005433047,,1,1,0.000326758,832.308952641,0
Returning_Visitor,0,0.005945149,0,1,3,0.009876788,507.197849848,0
Returning_Visitor,0,0.2,0,2,1,0.05,101.36429647,0
,0,0.040909331,0,3,4,0.002911128,1523.664393594,0
New_Visitor,0,0.019459961,14.164488969,5,3,0.000000026,3159.674953667,1
Returning_Visitor,0,0.000148512,91.785358744,8,1,0.000081659,336.355809654,0
Returning_Visitor,0,0.025754527,0,4,1,0.010890984,573.743012668,0
Returning_Visitor,0,,57.399501036,5,-7,0,4450.938212822,1
New_Visitor,0,0.006321805,0,1,-8,0,1188.314016475,1
Returning_Visitor,0,0.007523652,0,1,-8,0,4058.205427024,0
Returning_Visitor,,0.058423959,75.192432011,,4,0,1507.801106651,1
New_Visitor,0,0.001810551,0,13,1,0.004137914,835.266997393,0
Returning_Visitor,0,0.061144331,0,2,1,0.007017698,133.48419765,0
Returning_Visitor,0,0.02,,7,1,0.00035672,124.379325284,0
Returning_Visitor,,0.001074798,7.200394659,5,-7,0.000044926,775.143864396,0
Returning_Visitor,0,0.013968532,0,2,-6,0.023257736,380.062600823,0
Returning_Visitor,0,0.10559482,20.34850951,,1,0.000666281,3584.012259915,0
Returning_Visitor,0,0.025306779,0,,1,0.000000002,3080.13489766,0
Returning_Visitor,0,0.01076748,21.669731714,2,2,0.005830429,1656.81622601,0
New_Visitor,0,,10.904558413,5,3,0,2260.197047438,1
Returning_Visitor,0,0.000206543,12.149042414,2,4,0,,1
,0,0.00201311,0,5,-7,0.07204334,880.134080572,0
New_Visitor,0,0.006766705,30.823715593,3,3,0.062012227,1018.426280117,0
New_Visitor,0,0.018290325,0,1,4,0.004728494,,0
Returning_Visitor,0,0.000239826,106.452747963,5,4,0,702.499773729,0
Returning_Visitor,0,0.00010285,0,3,-7,0,305.7961147,1
Returning_Visitor,0,0.05072587,4.456878151,1,1,0,385.026867133,0
Returning_Visitor,0.2,0.039099686,0,2,3,0.014998163,501.561584856,0
New_Visitor,0,0.0016632,0,1,1,0,3068.688087732,0
Returning_Visitor,0.2,0.064758265,3.664207485,2,-7,0.000201431,340.760582151,0
Returning_Visitor,0.2,0.096913851,0,8,-9,0,581.375305745,0
Returning_Visitor,0,0,0,2,3,0.001034669,702.854566896,0
Returning_Visitor,0,0.00020457,0,3,1,0.000021924,1128.587639067,1
Returning_Visitor,0,0.096180753,0,2,3,0.000003605,1003.221185769,0
Returning_Visitor,0,0.016156803,0,2,2,0.02,782.913829858,0
Returning_Visitor,0,0.025250119,0,2,3,0.060060751,0.000011788,0
Returning_Visitor,0,0.000149145,,2,3,0.01,4345.850311651,1
Returning_Visitor,0,0.003424165,0,4,1,0,2450.958322996,0
Returning_Visitor,0.8,0.004871249,93.317587833,6,4,0.000000064,874.92943556,1
Returning_Visitor,0.6,0.071593913,0,2,1,0.000000255,121.911278564,0
Returning_Visitor,0.2,0.1,0,,1,0.001227525,607.635511471,0
Returning_Visitor,0.4,0.015933217,0,3,2,0.003758017,307.075094084,0
New_Visitor,0,0.003563304,0,6,1,0.000876805,135.205969964,0
Returning_Visitor,0,0.005521132,0,2,3,0.1,627.796966293,0
Returning_Visitor,0,0.2,0,2,1,0.02,2264.692320624,1
New_Visitor,0,0.127000133,0,2,1,0.000120029,597.227875999,0
Returning_Visitor,0.2,0.149860447,0,1,3,0,1092.097476966,0
Returning_Visitor,0,0.062948198,0,4,-7,0.000003705,0.0000118,0
New_Visitor,1,0.123798288,0,2,-8,0,389.224285298,1
New_Visitor,0,0.000122743,0,4,2,0.042253609,0.000011802,0
Returning_Visitor,0,0.005133033,0,,3,0.000001309,1277.422567312,0
Returning_Visitor,0,0.022921942,0,3,2,0.000779446,2984.449676584,0
Returning_Visitor,0,0.005781721,0,4,1,0,1042.837051089,1
Returning_Visitor,0,0.110681878,0,4,3,0.000150467,807.215487772,0
New_Visitor,0.4,0.153533211,0,3,-7,0.006886259,1528.180101949,0
New_Visitor,0,0.002479177,0,2,2,0.004258249,,0
Returning_Visitor,0,0.039439527,0,3,4,0.02212109,1868.866166454,0
Returning_Visitor,0,0.05,0,2,-6,-0.044138111,991.845908383,0
Returning_Visitor,0,,2.619365155,2,1,0.030093762,487.866567821,0
New_Visitor,0,0.038473896,8.520325572,5,1,0.01876214,527.324467566,0
Returning_Visitor,0,0.026928462,0,1,1,0.101712126,872.755989687,0
Returning_Visitor,0,0.048826527,0,3,3,0,1348.652294418,0
Other,0,0.1,0,2,1,0.021382826,1648.533294619,0
Returning_Visitor,0,0.00491623,0,2,3,0,469.980690806,0
Returning_Visitor,0,0.000043732,2.542967587,2,-8,0,840.750709117,0
Returning_Visitor,0,0.016883606,0,3,2,0.047410524,999.8106941,0
Returning_Visitor,0,0.064199598,0,,2,0.000212488,0.000011819,0
Returning_Visitor,0,0.136414661,0,5,1,0.02,3200.21165497,0
Returning_Visitor,0,0.005267512,0,2,1,0.000603469,0.000011821,0
,0,0.02,13.85412713,1,1,0.000000346,973.541384874,1
Returning_Visitor,0,0.037260281,0,1,1,0.033626133,373.33567648,0
Returning_Visitor,0,0.116702844,0,3,-6,0.000223448,0.000011824,0
New_Visitor,0,0.112065839,0,2,3,0.004749653,527.921978726,0
Returning_Visitor,0,0.046819755,47.134289008,2,1,0.00000095,900.573102627,0
Returning_Visitor,0,0.000920517,0,3,4,0.05,1817.571320674,0
Returning_Visitor,0,0.014568932,0,4,1,1.311960533,,0
Returning_Visitor,0,0,0,2,4,0.001475527,528.089266532,0
Returning_Visitor,0,0.004459024,,6,3,0.002083923,1035.903247116,0
Returning_Visitor,0,0.020849402,0,2,4,0.024330138,1983.05431829,0
Returning_Visitor,0,0.005942616,0,7,2,0,518.934114237,0
Returning_Visitor,0,0.06826623,0,8,3,0.020627274,2182.058828535,0
Returning_Visitor,0,0.112211352,0,3,3,0,246.176623058,0
Returning_Visitor,0,0.001090035,47.693943928,1,4,0.1,126.556529009,1
Returning_Visitor,0,0.118172606,0,2,1,0.004137553,2315.5151165,0
New_Visitor,0,0.075837041,0,4,3,0.031844872,1789.908415515,0
New_Visitor,0,0.005229649,24.720837161,5,-7,0,1075.64346002,0
Returning_Visitor,0,0.023101038,0,4,1,0.001913944,289.722780514,0
Returning_Visitor,0,0.04006353,0,,1,0.00996142,0.00001184,0
Returning_Visitor,0,0.001243133,121.671590739,,3,0,823.794487084,1
Returning_Visitor,0,0.013535005,0,1,1,0.051165922,1184.269749852,0
New_Visitor,0,0.055417577,88.258661906,1,3,0.01,4367.653557591,1
Returning_Visitor,0,0.111879941,12.936090303,1,1,0.2,388.027739318,0
Returning_Visitor,0,,4.412380263,1,-8,1.411926745,535.382210519,0
Returning_Visitor,0,0.318015907,,1,2,0.002767776,59.572353432,0
Returning_Visitor,0,0.043155333,4.817961425,2,1,0.06243559,6328.926180901,0
Returning_Visitor,0,0.02,15.122679392,3,3,0.076058444,14.767844287,0
Returning_Visitor,0,0.19208661,0,6,1,0.006160446,1034.216961935,0
Returning_Visitor,0,0.019784013,6.922822735,4,1,0.06297241,,0
Returning_Visitor,0,0.024224455,0,1,3,0.040262221,3231.922241318,0
Returning_Visitor,0,0.081938095,0,6,4,0.033671105,1827.013491645,0
,0,0.005656163,0,,4,0.007182081,282.404698691,0
New_Visitor,0,0.000079779,0,1,1,0.004267479,2250.414218634,0
Returning_Visitor,0.6,0.01,0,1,1,0.000220239,,0
Returning_Visitor,0,0.001751037,0,1,1,0.037719339,356.711786675,0
Returning_Visitor,0,0.011544678,0,2,-8,0.001378618,0.000011857,0
Returning_Visitor,0,0.2,0,4,3,0.114027292,1102.070047225,0
Returning_Visitor,0,0.004770534,0,3,1,0.004063729,24.664148438,0
Returning_Visitor,0,0.02,7.766215586,3,2,0.000024052,304.075912374,0
Returning_Visitor,0,0.000195921,0,2,1,0.02,2084.811833892,0
Returning_Visitor,0,0.047727025,0,3,-6,0.001046949,243.111545352,0
Returning_Visitor,0,0.013011007,0,,-6,0.000059328,1601.349505107,0
Returning_Visitor,1,0.000944589,0,1,1,0.017289996,0.000011864,0
New_Visitor,0,0.05,0,3,4,0.000020315,547.206054249,0
New_Visitor,0,0.054252515,0,4,1,0.000000605,0.000011866,0
Returning_Visitor,1,0.208366252,0,2,3,0.041404405,377.212866543,0
Returning_Visitor,0,0,0,2,4,0.01,505.268268353,0
,0.2,0.144999538,0,2,2,0.010370189,1727.478399081,0
Returning_Visitor,0,0.001846942,0,1,1,0.106254127,192.42453961,0
Returning_Visitor,0,0.005582647,0,2,4,0.005248234,3856.145584054,0
Returning_Visitor,0,0.000923473,0,2,3,0.000017449,1078.088526455,0
Returning_Visitor,0,0.042903239,2.926258519,4,2,0.00167389,845.845763865,0
Returning_Visitor,0,0.2,0,12,-7,0.040865769,927.082412449,0
Returning_Visitor,0.2,0.01,12.412689948,2,-9,0.000000084,2510.277548503,1
Returning_Visitor,0,0.000520117,0,3,-6,0.00431937,1536.896603592,0
New_Visitor,0,0,38.563415228,5,1,0,,1
Returning_Visitor,1,0.30522375,0,2,1,0,452.222841916,0
New_Visitor,0,0.052437921,0,,3,0.117626385,106.354649768,0
Returning_Visitor,0.2,0.01,42.746470572,3,-6,0.000000097,2866.425620989,1
Other,0,0.051901835,0,2,2,0.009103728,1050.987561617,0
Returning_Visitor,,0.15630642,0,2,1,0,1523.990021806,0
New_Visitor,0.6,0.000849055,0,8,-7,0.044092932,337.12530761,0
Returning_Visitor,0.2,0.026919907,0,4,-6,-0.190422856,907.129526288,0
Returning_Visitor,0,0.038808881,0,8,1,0.020611219,319.585720596,0
Returning_Visitor,,0.015498965,0,2,-7,0.028496509,1295.677803198,0
Returning_Visitor,0,0.00055975,0,,-7,0,3951.404922637,1
Returning_Visitor,0,0.000648127,,1,3,0.007963535,3545.294899503,0
,0.6,0.00578155,0,3,-6,0.01,885.831471678,0
Returning_Visitor,0,0.000042198,0,1,1,0.001940981,39.180351875,0
Returning_Visitor,0,0.003087974,0,2,4,0.1,938.227299013,0
New_Visitor,0,0.006291664,6.992260807,2,1,0.000037852,657.153760345,0
Returning_Visitor,0.2,0.000035756,2.157426163,2,-7,0,3779.898358842,0
,0.6,0.060757482,0,7,3,0.000000812,720.524971721,0
New_Visitor,0.6,0.088163791,0,2,4,0.000000001,830.607464416,0
New_Visitor,0.8,0.000680641,0,3,-6,0.00796576,0.000011896,0
Returning_Visitor,0,0.000092698,0,14,3,0.02,502.589434481,0
Returning_Visitor,0.4,0.010217057,0,2,1,0,1067.302493868,0
Returning_Visitor,0.6,0.053737778,0,2,1,0.02,1339.716415795,0
Returning_Visitor,,0.00349777,0.596669198,2,2,0.075725647,1702.002622883,0
Returning_Visitor,0,0.000056963,0,5,1,0.02,2155.362994172,1
Returning_Visitor,0.4,0.000748171,0,2,-5,0,2223.161773057,0
Returning_Visitor,0,0.149634487,0,2,-6,0.046880234,2935.264567276,0
Returning_Visitor,0,,0,12,1,0.093528434,810.314520309,0
Returning_Visitor,0,0.002434141,0,,1,0.001620626,1588.407435032,0
Returning_Visitor,0,0.005064338,,5,3,0.042899209,484.018547573,0
Returning_Visitor,0,0.02,0,1,4,0.024001044,1101.475654582,0
Returning_Visitor,0,,12.204126585,5,1,0,2494.276487415,1
,0,0.2,0,4,1,0,0.000011909,0
Returning_Visitor,0,0.009146159,9.085309379,4,-5,0,41.968392167,0
Returning_Visitor,0,0.010445083,0,,1,0,745.04338857,0
Returning_Visitor,0,0.014126271,23.73114434,7,4,0.000000748,1245.305077013,0
Returning_Visitor,0.6,0.021269286,0,2,1,0.000001668,1098.310342271,0
Returning_Visitor,0.4,0.000094868,0,1,2,0,1607.752487628,0
Returning_Visitor,0,0.007399606,0,2,-6,0,1651.799695855,0
Other,0,0.130395395,,1,1,0.000739979,728.005580798,0
Returning_Visitor,,0.063147175,22.892525956,,2,0.000002877,2471.466879215,1
New_Visitor,0,0.178941788,6.558813387,1,-6,0,1196.017940859,1
Returning_Visitor,0.2,0.000119721,6.519675016,3,1,0.02,0.000011919,1
Returning_Visitor,0,,0,14,-5,0.002762447,1013.614782926,0
Returning_Visitor,0,0.2,4.922312925,7,3,0,969.80125828,1
,0,0.05,32.594111637,,4,0.000000976,1492.550598888,1
Returning_Visitor,0,0.01,,3,1,0,2797.301603346,0
Returning_Visitor,0,0.012684472,0,3,1,0,2273.666803251,1
New_Visitor,0,0.000156103,0,1,1,0.000080335,1173.88444372,0
Returning_Visitor,,0,12.661566201,3,1,0.065866744,1871.274327813,1
Returning_Visitor,0,0,0,2,1,0.000033763,1623.799348808,0
Returning_Visitor,0,0.039772176,0,10,1,0.012880955,2968.579411243,0
New_Visitor,0,0.046158583,0,2,-5,0.014608233,1524.773623832,0
Returning_Visitor,0,0.000000163,0,3,3,0.00001975,2779.047965851,1
Returning_Visitor,0,0.18325788,0,2,-7,0.018891535,813.379883168,0
Returning_Visitor,0,0.018100906,0,2,-9,0.000361566,,0
New_Visitor,0,0.050076349,8.476290749,2,3,0.035384367,1032.345562352,0
,0,0.008993516,8.676280721,14,3,0.034535489,3774.510956491,0
Returning_Visitor,0,0.2,0,1,1,0.2,0.000000395,0
Returning_Visitor,0,0.1,0,2,1,0,64.000000396,0
Returning_Visitor,,0.2,0,3,-9,0.2,0.000000397,0
Returning_Visitor,0,0.14,0,4,2,0.05,2.666667398,0
Returning_Visitor,0,,,4,1,0.02,627.500000399,0
New_Visitor,0,0.099637503,0,1,1,0.085005968,1505.388015978,0
Returning_Visitor,0,0.003024056,0,5,3,0.030921647,730.652165563,0
Returning_Visitor,0,0.017612171,0,2,-6,0.000002774,688.810331791,0
Returning_Visitor,0,0.001769253,0,3,2,0.011427268,1137.581880625,0
New_Visitor,0,0.016757342,0,4,3,0.012159243,0.000000009,0
Returning_Visitor,0,0.006045049,0,8,1,0.060166542,3385.306343817,0
Other,0.2,0.05,0,2,1,0.002699057,314.471514883,0
New_Visitor,0.6,0.014987127,9.856743386,2,4,0,1887.440451441,0
Returning_Visitor,0,0.04537277,0,2,1,0.000006437,763.968255472,0
Returning_Visitor,0,0.1,0,3,1,0.000139223,767.170696857,0
Returning_Visitor,0.4,0.05,11.564664182,13,-8,0.063258076,169.903754347,0
Returning_Visitor,0,0.005627824,0,10,1,0.000135776,1498.296324724,0
Returning_Visitor,0,0.088379018,0,9,3,0.013098373,288.56774084,0
Returning_Visitor,0,0.001692552,0,2,2,0.057782114,1746.285414395,0
Returning_Visitor,0,0.092387359,0,1,1,0,103.377690945,0
Returning_Visitor,0.4,0.024397523,0,11,1,0.2,1583.975965229,0
Returning_Visitor,0,0.003082573,0,6,4,0.164386996,3118.702597971,0
Returning_Visitor,0,0.020506023,3.061824992,3,3,0.062983964,347.653898548,0
New_Visitor,1,0.008826122,0,2,1,0.000010687,1352.179311659,0
Returning_Visitor,0,0.032068425,0,8,1,0.232524228,1529.982438653,0
New_Visitor,0.2,0.083104394,0,12,4,0,95.796436171,0
Returning_Visitor,0,0.003982639,23.344408171,2,-5,0.101529603,1121.99551589,1
Returning_Visitor,0,0.213828454,0,2,1,0.000024155,0.000000027,0
Returning_Visitor,0,0.026125732,0,3,1,0.274430877,103.771392113,0
Returning_Visitor,0,0.218945785,0,2,3,0.001521617,1094.685248587,0
Returning_Visitor,0,0.000002625,0,5,1,0.000000054,748.925789984,1
New_Visitor,0,0.002209736,0,10,4,0.000673541,3363.219444726,0
Returning_Visitor,0.2,0.03680286,0,2,3,0.000000199,0.000000032,0
Returning_Visitor,0,0.003281106,0,3,-6,0.003397549,1293.314240704,0
New_Visitor,0,0.024000091,79.971040754,4,1,0,509.753478037,1
New_Visitor,0,0.007441114,0,1,4,0.000016538,1017.257468648,0
New_Visitor,0,0.021752658,0,2,2,0,1365.629490282,0
Returning_Visitor,0,0.023443939,0,2,-5,0,1858.042408819,0
Returning_Visitor,0,0.038587183,0,7,1,0.04043877,1945.756377622,0
New_Visitor,0.4,0.2,0,2,4,0.002515265,0.000000039,0
Returning_Visitor,0.4,0.04010769,0,8,1,0.018402399,1125.019813176,0
Returning_Visitor,0,0.003907681,0,2,1,0.002431824,1591.671601388,0
Returning_Visitor,0.8,0.032969956,0,3,2,0.1,663.080065251,0
Returning_Visitor,0.4,0.008160916,0,2,-6,0.021487159,1097.710751296,0
Returning_Visitor,0,0.021442136,0,3,-5,0.000493987,1491.670999621,0
New_Visitor,0,0.027039645,38.348589152,1,1,0,910.338347329,1
Returning_Visitor,0,0.00947606,0,1,1,0.007836835,248.474720214,0
Returning_Visitor,0,0.017614101,0,2,4,0.05,529.376586214,0
Returning_Visitor,0,0.024038262,68.835497625,11,3,0.047149307,271.082815907,0
New_Visitor,0,0.000242023,0,7,4,0.000069671,0.000000049,0
New_Visitor,0.8,0.100500988,0,2,-6,0.000013217,552.676409253,0
Returning_Visitor,0,0.101268434,0,4,3,0.069854211,1820.735589428,0
Returning_Visitor,0,0.01265984,0,1,2,0.200361154,2092.938210638,0
New_Visitor,0,0.005405333,0,3,-6,0.027046511,571.200741302,0
Returning_Visitor,0,0.000637037,0,3,4,0.000000255,113.130929568,1
Returning_Visitor,0,0.027761031,0,6,1,0.051737503,2472.575362959,0
Returning_Visitor,0,0.000559446,0,2,4,0.05,1147.952921437,0
Returning_Visitor,0,0.029894975,0,4,1,0.000137977,1050.284840513,0
Returning_Visitor,0,0.047028874,0,2,1,0.000036715,3247.155996416,0
New_Visitor,0,0.014730293,0,3,1,0.043255689,762.652692757,0
Returning_Visitor,0.4,0.134288445,0,1,3,0.010246668,424.478094598,0
Returning_Visitor,0,0.05,2.551018583,3,4,0.003042023,1165.425181464,0
New_Visitor,0,0.003320281,0,1,3,0.025477986,423.226551336,0
New_Visitor,0,0.000085459,0,1,1,0,1603.058527729,1
Returning_Visitor,0,0.146797355,0,1,-7,0.000004488,182.019814457,0
Returning_Visitor,0,0.005533982,0,10,-7,0.000000001,0.000000065,0
Returning_Visitor,0.6,0.004142333,0,2,1,0.013493065,454.227908858,0
New_Visitor,0,0.039902781,0,1,3,0.05,1859.222483397,0
New_Visitor,0,0.066246886,0,2,3,0.120358788,2298.416366075,0
Returning_Visitor,0,0.053007184,0,8,1,0.045067436,1044.362227322,0
New_Visitor,0,0.000000466,1.386027743,3,4,0,601.441680885,1
New_Visitor,0,0.172573698,0,8,2,0.100972858,636.483977271,0
Returning_Visitor,0,0.046583584,0,3,3,0.017309246,1368.371028816,0
Returning_Visitor,0,0.000183015,35.882918829,8,4,0,5586.835713641,1
Returning_Visitor,0,0.2,0,1,4,0.000002825,1182.108926557,0
Returning_Visitor,0,0.066822661,0,2,3,0,0.000000075,0
Other,0,0.000000125,19.264752337,8,1,0,2553.821949624,1
Returning_Visitor,0,0.015304855,24.033210998,4,2,0.005584687,1883.839566347,0
New_Visitor,0,0.004436617,3.040834509,2,1,0,1359.132060105,1
Returning_Visitor,0,0.008085136,16.325376745,3,1,0.000012534,0.000000079,0
Returning_Visitor,0,0.025510631,0,3,1,0,959.390822817,0
Returning_Visitor,0.2,0.008534895,0,8,1,0.019394279,1485.526055433,0
Returning_Visitor,0,0.000052508,0,3,1,0.000001404,442.256984839,0
Returning_Visitor,0.2,0.009399209,44.182695893,2,-8,0.09977816,375.799441983,0
Returning_Visitor,0,0.20764261,9.3384179,2,-8,0.240796832,700.089416764,0
Returning_Visitor,0.4,0.061258814,0,2,4,0.000180792,230.255322152,0
Returning_Visitor,0,0.004576912,0,3,1,0,1069.685423775,0
Returning_Visitor,0,0.00000028,59.631958419,6,3,0.02,1504.272875592,1
Returning_Visitor,0,0.051941737,12.272077099,7,1,0.013074153,265.750743185,0
Returning_Visitor,0,0.03401319,40.741325497,1,1,0.033182769,766.361982042,0
Returning_Visitor,0,0.100662593,0,1,1,0.000000546,1740.939741419,0
New_Visitor,0,0.004070306,0,2,1,0.000000539,882.823515927,1
Returning_Visitor,0,0.138591782,0,2,4,0.000097086,1603.834750126,0
New_Visitor,0,0.005188104,0,1,-6,0.058263007,841.877408393,0
Returning_Visitor,0,0.05,0,2,1,0.00037441,308.287403377,0
Returning_Visitor,0,0.013845971,7.75535998,2,3,0.012367651,1022.588999849,0
Returning_Visitor,0,0.063674329,0,3,4,0.000000233,5076.879472841,1
Returning_Visitor,0.2,0.152708363,12.712439409,3,-5,0,261.010171319,1
Returning_Visitor,0.2,0.03495603,0,3,1,0.003308254,1359.139827652,0
New_Visitor,0,0.000216721,0,2,-7,0.000000002,896.706334369,1
Returning_Visitor,0,0.295603305,7.4197175,14,4,0.016393667,0.0000001,0
Returning_Visitor,0,0.1,0,5,1,0.000000004,2930.192642112,0
Returning_Visitor,0,0.01009048,0,2,1,0.05,942.970360219,0
Returning_Visitor,0.4,0.030843675,0,1,1,0.2,1693.857837906,0
Returning_Visitor,0,0.008033455,0,2,-7,0.163944043,1786.75337879,0
Returning_Visitor,0,0.015135063,0,2,4,0.036001193,1273.913605026,0
Returning_Visitor,0.2,0.101750851,0,6,3,0.007249672,1434.084246263,0
Returning_Visitor,0,0.007157611,0,13,-7,0.006193256,2302.743837803,0
Returning_Visitor,0,0.1,0,3,3,0.09144824,679.406757339,0
Returning_Visitor,0,0.005487009,7.060998007,2,1,0.000938893,709.670158661,0
Returning_Visitor,0,0,0,2,1,0.02,538.211893763,0
Returning_Visitor,0,0.020888921,0,13,1,0.02,992.666300053,0
Returning_Visitor,0,0.031723131,8.113736521,6,1,0.000000001,907.678510138,1
New_Visitor,0,0.000040167,173.31435535,9,2,0,488.436882533,1
New_Visitor,0,0.209992177,42.657357797,1,-6,0,2248.651578613,1
Returning_Visitor,0,0.2,15.722141603,9,1,0.000076024,1143.886012601,0
Returning_Visitor,0,0.029042293,0,4,1,0.000002808,56.909604662,0
New_Visitor,0,0.01,0,2,1,0.001965257,994.843702019,0
Returning_Visitor,0,0.018436511,3.506609722,2,1,0.001475524,397.96456931,0
Returning_Visitor,0,0.011212021,0,3,-6,0.000115875,3726.734175771,1
Returning_Visitor,0,0.073698332,6.072231086,3,1,0.000072186,1461.096864639,0
Returning_Visitor,0,0.01026016,0,2,1,0,4557.411030801,0
Returning_Visitor,0,0.007423591,124.612953513,1,4,0,1924.428232272,1
New_Visitor,0,0.119454313,0,2,1,0.009315743,805.389340454,0
Returning_Visitor,0,0.02,0,5,1,0.060669683,1073.967531692,0
Returning_Visitor,0.4,0.026977537,0,1,-6,0.128607891,808.761828175,0
Returning_Visitor,0,0.092073533,8.751485718,7,-8,0.001584212,3013.131751984,0
Returning_Visitor,0,0.000000232,103.098256252,6,4,0,847.172896579,1
Returning_Visitor,0,0.000450939,10.7321968,3,1,0.000000289,0.000000128,1
New_Visitor,0,0.17982713,0,4,2,0.016068803,568.682422113,0
Returning_Visitor,0,0.08033087,0,2,-8,0.031878564,0.00000013,0
Returning_Visitor,0.2,0.169947143,0,2,4,0.008987369,445.852722525,0
Returning_Visitor,0,0.004427928,0,3,2,0,199.073917124,0
Returning_Visitor,0,0.011628298,39.154869173,17,1,0,1737.233649282,1
Returning_Visitor,0,0.041772356,0,3,3,0.028088167,178.862736711,0
Returning_Visitor,0,0.177524096,0,2,3,0,2097.729041349,0
Returning_Visitor,0.6,0.130596611,0,3,4,0.004768144,676.616539914,0
Returning_Visitor,0,0.004059921,0,4,3,0.001230543,208.95809476,0
Returning_Visitor,0,0.01,0,3,3,0,3169.285531029,0
Returning_Visitor,0,0.04512039,0,5,-6,0.091634849,637.092770297,0
Returning_Visitor,0,0.010721426,332.504657184,3,1,0.000000699,244.50774106,0
New_Visitor,0,0.023123888,6.769856055,1,-8,0.017812958,786.652999585,0
Returning_Visitor,0,0,13.160611301,4,-8,0.175303427,1642.005123745,1
Returning_Visitor,0.2,0.077125062,0,2,1,0.044723765,1475.202508055,0
Returning_Visitor,0,0.026380543,2.594412732,2,1,0.009777954,1008.27717726,0
Returning_Visitor,0,0.078374909,0,2,3,0.00239828,3077.775101398,0
Returning_Visitor,0,0.000015893,0,2,1,0.300791805,1641.870603549,0
Returning_Visitor,0.2,0.02700341,0,3,1,0.01,821.24558172,0
Returning_Visitor,0,0.131676823,0,3,1,0,1033.745828334,0
New_Visitor,0,0.02,0,8,-7,0.064777285,578.924143517,0
Returning_Visitor,0,0.203859916,1.719502964,1,-8,0,165.318555708,0
Returning_Visitor,0.4,0.005494114,0,1,1,0.045308301,220.213596574,0
New_Visitor,0,0.076606602,0,3,-6,0.001567604,1398.231319142,0
Returning_Visitor,0,0.022690636,0,5,1,0.000165289,333.046070144,0
Returning_Visitor,0,0.02,0,2,1,0.000275907,716.920550449,0
New_Visitor,0,0.002235131,0,12,1,0.000794973,403.310116591,0
Returning_Visitor,0,0.015631629,15.750373483,4,-8,0,1149.531308643,1
Returning_Visitor,0,0.092264172,0,4,3,0.018995344,215.087031792,0
Returning_Visitor,0,0.001794944,15.772294939,3,1,0.005231835,711.026914528,0
Returning_Visitor,0,0.0001677,84.307225246,3,1,0.01,2915.940455084,1
Returning_Visitor,0,0.032034478,0,1,1,0.001836003,4287.673580756,0
Returning_Visitor,0,0,0,5,2,0,1089.290524647,0
Returning_Visitor,0,0.001749064,0,1,1,0.007969087,1057.584227034,0
Returning_Visitor,0,0.02175935,93.493201268,11,1,0,2946.407495134,1
Returning_Visitor,0,0.013537504,0,2,-7,0.061217761,1765.271075793,0
Returning_Visitor,0,0.032363962,0,2,2,0.108795604,0.000000165,0
Returning_Visitor,0,0.000013209,31.40396791,7,4,0.012161679,1752.484276027,1
Returning_Visitor,0,0.187777496,0,3,2,0.00007356,0.000000167,0
New_Visitor,0.4,0.0028976,0,3,1,0.013463342,2445.524103247,0
Returning_Visitor,1,0.054946434,0,2,1,0.05,553.937231897,0
Returning_Visitor,0,0.010215373,12.353901389,2,1,0.309207969,1438.40733512,0
Returning_Visitor,0,0.000032124,0,2,1,0.01,1026.952133067,0
Returning_Visitor,0.8,0.007892801,32.074959341,3,1,0,717.194123985,1
Returning_Visitor,0,0.001996324,0,8,3,0.070944648,1615.34653667,0
Returning_Visitor,0,0.054834246,0,1,1,0.001614676,0.000000174,0
Returning_Visitor,0,0.076427306,0,9,3,0.001356935,191.658866314,0
Returning_Visitor,0,0.2,0,2,3,0.010364887,4.733908887,0
New_Visitor,0,0.2,3.346268583,2,1,0,1566.084827729,0
New_Visitor,0,0.072578542,0,3,-7,0.000001065,345.445148509,0
New_Visitor,0,0.000123327,0,4,-5,0.000000447,781.933809263,1
Returning_Visitor,0,0.024519046,10.586833186,2,1,0.105210045,1649.95623786,0
New_Visitor,0.2,0.003235598,0,3,1,0.005574379,1071.674928736,0
New_Visitor,0,0.046538813,0,8,2,0.062848257,733.36638025,0
Returning_Visitor,0,0.00190354,0,3,-8,0.003343812,1959.062311054,1
New_Visitor,0.4,0.001019214,0,2,2,0.000242157,966.645821866,0
Returning_Visitor,0,0.010377673,0,3,3,0,741.04938403,0
Returning_Visitor,0,0.05,0,2,1,0,1597.271975895,0
Returning_Visitor,0,0.011864933,0,1,3,0.00196207,51.635390289,0
Returning_Visitor,0,0.086414535,0,2,1,0.00056068,387.115771739,0
Returning_Visitor,0,0.041113218,57.505345539,3,4,0,1182.789909482,1
Returning_Visitor,0,0.088607977,37.750258295,5,1,0.000002621,2585.278854545,1
Returning_Visitor,0,0.000075667,0,2,4,0,2390.152686769,1
Returning_Visitor,0,0.000000016,52.482064296,9,1,0.000000489,1654.879903443,1
New_Visitor,0.2,0.305204213,0,1,1,0.091003818,1150.882842444,0
Returning_Visitor,0.4,0.057939128,0,2,4,0.005183078,1013.813020302,0
Returning_Visitor,0,0.01,0,2,1,0.005732588,2547.539940132,0
New_Visitor,0,0.045959038,10.623466169,10,4,0.000016083,0.000000196,0
New_Visitor,0,0.110273644,0,7,2,0.000004745,0.000000197,0
Returning_Visitor,0,0.055111918,22.766076648,2,2,0.1,2041.711007311,1
New_Visitor,0.4,0.01,0,1,1,0.102404721,1287.127428449,0
Returning_Visitor,0,0.078002798,0,1,4,0,5167.579561921,0
Returning_Visitor,0.2,0.003175083,0,17,3,0.000437499,1233.733834945,0
Returning_Visitor,0,0.001890645,0,2,1,0.004990206,0.000000202,0
Returning_Visitor,0,0.27934349,0,2,1,0.002152873,2178.666587399,0
Returning_Visitor,0,0.000600131,56.238482942,5,1,0.000000006,4741.814832473,1
Returning_Visitor,0,0.002118242,0,7,-5,0.02,696.76579672,0
Returning_Visitor,0,0.01468192,0,3,2,0.000002729,1632.349438844,0
New_Visitor,0,0.1,31.488500006,4,1,0,4259.848064885,1
New_Visitor,0,0.000431386,15.175059686,3,3,0.01,1774.175048665,1
Returning_Visitor,0,0.1,0,1,3,0.1,1186.671207612,0
Returning_Visitor,0,0.053585189,0,2,3,0,5495.702458323,0
Returning_Visitor,0.8,0.000002746,0,2,1,0.002950253,1901.121030311,0
Returning_Visitor,0,0.001191051,0,2,1,0.05,1508.549849733,0
Returning_Visitor,0,0.078620748,0,1,3,0.000092024,0.000000213,0
Returning_Visitor,0,0.001063498,0,15,1,0.004117326,509.769346102,0
New_Visitor,0,0.046074707,0,2,-6,0.007388843,3823.159193821,0
Returning_Visitor,0,0.110488994,0,7,-7,0.0000317,1018.763083996,0
Returning_Visitor,0,0.02462878,0,2,-7,0,1618.187561706,0
Returning_Visitor,0,0.000901182,0,2,2,0.05,5627.024888028,1
Returning_Visitor,0,0.009559012,0,3,3,0.2,492.086378561,0
Returning_Visitor,0.4,0.02466825,0,1,1,0,287.637495143,0
Returning_Visitor,0,0.2,0,4,1,0.031025201,2216.095710324,0
New_Visitor,0,0.01,3.881650577,2,4,0.000189729,919.718966143,0
Returning_Visitor,0,0.083929166,2.279752592,8,1,0.008421351,667.982595114,0
New_Visitor,0,0.064225677,0,2,3,0.000769528,705.746114035,0
Returning_Visitor,0,0.036439502,0,15,3,0.016794741,177.040365728,0
Returning_Visitor,0,0.010723269,0,4,1,0.003534493,3737.582323604,0
New_Visitor,0,0.044181474,0,5,4,0.002677863,1816.651000664,0
Returning_Visitor,0,0.02,0,1,-5,0.001190804,2866.790994903,0
Returning_Visitor,0,0.009713277,0,2,4,0.081612463,919.886348109,0
Returning_Visitor,0,0.080538036,0,17,-6,0.0650891,908.166199486,0
Returning_Visitor,0.2,0.003230404,0,1,-5,0.055809712,0.000000231,0
Returning_Visitor,0,0.113088758,0,4,1,0.001249507,3216.171137665,0
Returning_Visitor,0,0.051246371,0,1,1,0.000202686,661.693744508,0
Returning_Visitor,0,0.05,0,2,1,0.000554952,1115.060443672,0
Returning_Visitor,0,0.002687533,19.480861843,3,2,0.000030563,2946.280715745,0
New_Visitor,0,0.002245852,0,4,-6,0.000132871,1020.379068735,0
Returning_Visitor,0,0.010750678,0,1,1,0.021400292,2481.795369247,0
Returning_Visitor,0.8,0.040771416,0,1,4,0,1542.234382636,0
Returning_Visitor,0,0.055134636,0,1,3,0.009387344,114.00070362,0
Returning_Visitor,0,0.015981831,0,1,-5,0,2873.331857161,0
Returning_Visitor,0.2,0.042447535,0,1,-5,0.000563412,580.506252709,0
Returning_Visitor,0,0.105556852,0,2,2,0.000050065,249.886781265,0
Returning_Visitor,0,0.006046443,0,3,1,0.000358317,405.041491001,0
Returning_Visitor,0,0.003228797,0,2,3,0.05,6085.3586671,0
Returning_Visitor,0,0.043885474,0,1,-6,0.013753151,1300.180244993,0
Returning_Visitor,0,0.000000007,53.508744133,2,1,0.000000328,1630.702805564,1
Returning_Visitor,0,0.023268335,20.710647892,1,1,0.078606731,530.299097692,0
New_Visitor,0.6,0.102458917,0,4,1,0.01,1605.728918823,0
New_Visitor,0,0.00002144,5.857284653,2,-6,0.00000615,2606.569342136,1
Returning_Visitor,1,0.1,0,5,3,0.1,800.170310632,0
Returning_Visitor,0,0.00591022,0,3,1,0.053390971,1103.699024486,0
Returning_Visitor,0,0.13555361,0,6,3,0.1,1577.576490109,0
New_Visitor,0,0.03125956,0,1,1,0.000002504,159.637170323,0
Returning_Visitor,0,0.005554867,2.964082754,5,-8,0.00004099,600.974527056,0
Returning_Visitor,0,0.007460673,0,1,3,0.00024033,656.149455858,0
Other,0,0.000001364,24.884024037,1,1,0.01533619,1797.245649996,1
Returning_Visitor,0,0.000231479,0,3,2,0,2678.888219194,0
Returning_Visitor,0,0.004491355,0,14,4,0.05,0.000000258,0
New_Visitor,0,0.062605205,23.494978117,1,-7,0,402.913109283,0
Returning_Visitor,0.4,0.05,0,2,-6,0,275.981046525,0
Returning_Visitor,0,0.2,0,3,4,0,2938.852971247,0
New_Visitor,0.4,0.146866728,0,10,3,0,2153.018175425,0
Returning_Visitor,0,0.017012903,0,2,3,0.001277529,1277.478312433,0
Returning_Visitor,0,0.122381744,0,5,4,0.029081234,3535.125144746,0
Returning_Visitor,0,0.000199715,0,10,3,0.007963329,2254.502877069,0
Returning_Visitor,0,0.006550545,0,2,4,0.02546178,651.944604839,0
Returning_Visitor,0,0.00000769,11.032814376,7,3,0.000050312,2402.844632292,1
Returning_Visitor,0,0,13.201550433,4,-6,0.003650782,343.714634208,0
Returning_Visitor,0,0.000194815,0,1,-9,0.000002671,2110.159780135,1
Returning_Visitor,0,0.022159633,0,2,-6,0.015989928,1057.084788987,0
Returning_Visitor,0,0.000000517,0,2,4,0.000000176,2166.210250729,0
Returning_Visitor,0,0,0,1,-6,0.000000001,839.563815174,0
Returning_Visitor,0,0.001221461,113.463253248,17,3,0,2052.368735456,1
Returning_Visitor,0,0.01,0,2,3,0.0000093,639.156652765,0
Returning_Visitor,0,0.002750543,6.062514179,2,1,0.036906776,182.17057169,0
Returning_Visitor,0,0.000088337,0,11,1,0,2289.034581955,1
Returning_Visitor,0,0.007471344,1.781140939,4,2,0.000218442,4248.020178647,1
Returning_Visitor,0,0.0297811,32.393383868,9,1,0,401.267213288,1
Returning_Visitor,0,0.005627259,0,1,-5,0.05,652.466799288,0
Returning_Visitor,0,0.05,0,3,2,0.00000011,893.72067261,0
Returning_Visitor,0,0.012056486,0,8,-6,0.093555075,337.226574283,0
Returning_Visitor,0,0.034180635,0,2,3,0,330.81543338,0
Returning_Visitor,0,0.046761208,1.430352101,2,4,0.000457687,687.037948936,0
New_Visitor,0,0.007543652,173.1891653,4,2,0.000067071,107.417283443,1
Returning_Visitor,0,0.247956441,0,5,3,0.020086518,0.000000285,0
Returning_Visitor,0,0.104341868,0,1,1,0.003903042,321.327869206,0
Returning_Visitor,0,0.003911784,0,10,4,0.103886802,1504.532995027,0
Returning_Visitor,1,0.000977702,0,8,4,0.009405831,383.760491652,0
Returning_Visitor,0,0.007392151,0,5,1,0.00985918,991.609215705,0
New_Visitor,0,0.001227669,0,2,1,0,599.049447581,0
Returning_Visitor,0,0.000000182,6.351305643,10,3,0,4366.778405409,1
Returning_Visitor,0.4,0.039928044,6.655861113,4,3,0.05,789.950866732,0
Returning_Visitor,0,0.079849272,0,3,1,0.000737875,964.509939022,0
Returning_Visitor,0,0.000013519,0,3,3,0.000084178,2966.140764712,0
Returning_Visitor,0,0.000005419,0,2,-8,0.040361623,1336.575016308,0
New_Visitor,0,0.045149653,0,2,4,0.000006142,1855.084764903,0
Returning_Visitor,0,0.127818749,6.913283635,3,-7,0.006495475,1443.009086605,0
Returning_Visitor,0,0.01,0,18,3,0.02,366.142012032,0
Returning_Visitor,0.6,0.000439105,0,2,1,0.005880846,2315.354085997,0
Returning_Visitor,0,0.05,0,3,1,0.018215575,1891.784351914,0
Returning_Visitor,0,0.040470433,0,1,3,0.001420919,1794.732304529,0
Returning_Visitor,0.6,0,0,5,3,0.000091382,1228.490372227,0
Returning_Visitor,0.6,0.025502887,0,9,-6,0.001627551,117.486167367,0
Returning_Visitor,0,0.043504686,44.268125659,1,1,0.206141205,0.000000304,0
Returning_Visitor,0,0.008529105,0,2,2,0.000305712,0.000000305,0
Returning_Visitor,0,0.008236232,0,2,1,0.002254071,1326.381681889,0
Returning_Visitor,0,0.008902491,0,4,1,0.004573561,2887.086568589,0
New_Visitor,0.2,0.10176228,0,5,1,0.008048131,0.000000308,0
Returning_Visitor,0,0.178937976,0,4,-5,0.05,309.120803026,0
Returning_Visitor,0,0.098435818,0,4,3,0.000006318,0.00000031,0
Returning_Visitor,0,0.002556805,0,2,-8,0,2484.377710835,0
Returning_Visitor,0,0.000448785,0,2,3,0.00005016,941.273032935,0
Returning_Visitor,0,0.03507448,41.481241853,3,-7,0.05,233.930771497,1
Returning_Visitor,0,0.1364248,0,1,1,0.066041785,690.991124508,0
Returning_Visitor,0,0.13689472,10.488408728,2,3,0,445.845170565,0
New_Visitor,0.6,0.03442323,2.279725796,2,1,0.056257987,165.44822209,0
Returning_Visitor,0,0.013844147,0,2,4,0,269.756943204,0
Returning_Visitor,0,0.330348671,0,4,2,0.078360464,676.707070453,0
New_Visitor,0,0.007286449,0,2,4,0.004948854,631.446628116,0
New_Visitor,0.2,0.004675869,0,1,1,0,1443.154980318,0
Returning_Visitor,0.2,0.1,0,1,1,0.000018843,988.81284514,0
New_Visitor,0,0.000012845,0,2,3,0.01,1752.0335428,0
Returning_Visitor,0,0.236315671,0,2,3,0.025808815,859.623997111,0
Returning_Visitor,0,0.023380989,0,4,-5,0.000000532,1684.007656496,0
Returning_Visitor,0,0.005416942,0,2,1,0.023873938,519.262749173,0
Returning_Visitor,0,0.026003405,70.332782907,1,4,0.05,715.893497167,0
Returning_Visitor,0,0.150023609,0,11,2,0.000000028,1984.879802819,1
Returning_Visitor,0,0.144665744,0,2,1,0,2644.991551085,0
Returning_Visitor,0.2,0.003933395,0,1,1,0,885.372845086,0
Returning_Visitor,0,0.014148268,0,3,2,0.001516587,2051.421608269,0
Returning_Visitor,0,0.144814456,0,1,3,0.002395663,2017.398075271,0
Returning_Visitor,0,0.013332257,3.567501512,4,3,0.027140464,316.893075641,0
Returning_Visitor,0.8,0.007336326,0,2,1,0.05,506.627061883,0
Returning_Visitor,0,0.023182247,0,5,-6,0,966.433737112,0
Returning_Visitor,0.4,0.1,0,2,-5,0.000083226,1391.511105397,0
New_Visitor,0,0.016285388,0,1,1,0.024127254,2176.153596325,0
Returning_Visitor,0.4,0.056149203,0,1,1,0.05,404.951523046,0
Returning_Visitor,0,0.352688118,0,1,4,0.001511168,339.948863361,0
New_Visitor,0.4,0.022200374,0,2,-6,0.003198176,0.000000339,0
New_Visitor,0,0.004477503,12.975796541,1,1,0.047879231,2869.894711424,1
Returning_Visitor,0,0.005022013,0,3,-9,0,831.372481387,1
Returning_Visitor,0,0.000128883,19.522509547,2,4,0.000020356,919.832205937,1
Returning_Visitor,0,0.09756247,0,2,1,0.000006691,1029.150461779,0
Returning_Visitor,0,0.154466881,0,3,4,0.000545799,1798.670590642,0
Returning_Visitor,0,0.003742318,0,2,3,0.009294055,0.000000345,0
Returning_Visitor,0.6,0.015068392,0,5,-6,0,849.892747097,0
Returning_Visitor,0,0.01004423,73.838100164,4,4,0.02,1255.687170433,0
Returning_Visitor,0.2,0.145328634,0,4,4,0.009776447,1059.196336171,0
Returning_Visitor,0,0.005013105,0,2,3,0.003973586,1328.528758778,0
Returning_Visitor,0.2,0.01026683,0,2,1,0.01,320.140588187,0
New_Visitor,0,0.129755787,0,1,1,0.026050968,1015.131943714,0
Returning_Visitor,0,0.039854396,16.205514849,7,1,0.000077038,1001.818510526,0
Returning_Visitor,0,0.048704515,0,2,3,0.000000001,2373.059041631,0
Returning_Visitor,0,0.235315062,13.398561286,8,3,0.003086919,1856.101831779,0
New_Visitor,0,0.2,22.490331078,7,3,0,68.5611854,0
Returning_Visitor,0,0.243345319,10.171948147,2,-8,0,837.944326024,0
Returning_Visitor,0,0.02,0,1,1,0,534.319667758,1
Returning_Visitor,0,0.071638548,0,3,3,0.008465864,300.534306648,0
Returning_Visitor,0,0.052230899,0,3,3,0.015452249,408.820177625,0
Returning_Visitor,0.2,0.006520535,0,13,3,0,2106.746308553,0
Returning_Visitor,0,0.020021599,0,1,1,0.008261072,239.955179208,0
New_Visitor,0,0.046953211,0,18,1,0.019637541,2050.639536522,0
Returning_Visitor,0,0.001210984,5.708863293,2,3,0.021893643,1676.999035235,0
Returning_Visitor,0,0.2,0,2,3,0,473.984053365,0
Returning_Visitor,0.2,0.01,0,3,-6,0.000399555,2399.120420676,0
Returning_Visitor,0,0.067581304,0,5,1,0,468.331746782,0
Returning_Visitor,0,0.006215759,0,2,-8,0.004076226,1144.04960751,0
Returning_Visitor,0,0.042174442,0,2,1,0.00529334,806.1301516,0
Returning_Visitor,0,0.050656932,0,7,1,0.002318898,2458.163495454,0
Returning_Visitor,0,0.008568105,0,4,1,0,1736.024680315,1
Returning_Visitor,0,0.2,0,5,3,0.000102166,4546.585623833,0
Returning_Visitor,0,0.092671725,16.645163854,1,1,0.039248037,1641.355031379,0
Returning_Visitor,0,0.002109738,0,2,4,0,0.000000373,0
Other,0,0.011115779,0,2,-7,0.000000022,2164.520213089,0
Returning_Visitor,0,0.052684186,0,2,-8,0,1719.326752205,1
Returning_Visitor,0,0.041593828,0,15,-6,0.000005714,1280.476687183,0
Returning_Visitor,0,0.031098647,0,2,1,0.000730754,1281.504951984,0
Returning_Visitor,0,0.067600575,11.626219254,1,1,0,4.00092413,0
Returning_Visitor,0.2,0.088926114,11.498934696,1,1,0.000100562,329.972899684,0
New_Visitor,0,0.079701188,0,10,1,0.000000065,1688.435891028,0
New_Visitor,0,0.000000172,3.672448809,2,3,0,836.221459026,1
Returning_Visitor,0.6,0.038703839,0,4,1,0,2527.565315762,0
Returning_Visitor,0,0.083281274,0,1,2,0,932.19197972,0
Returning_Visitor,0,0.05,0,3,1,0.121270896,814.666595258,0
Returning_Visitor,0,0.045962403,0,1,1,0.001030018,2815.626147525,0
New_Visitor,0,0.029372367,0,17,-8,0.034361708,1912.483648731,0
Returning_Visitor,0,0.021083755,7.233985038,3,3,0,1700.940298857,0
Returning_Visitor,0,0.05,0,5,1,0.022205369,621.649569925,0
Returning_Visitor,0,0.01,0,3,2,0.000625203,1901.823049505,0
Returning_Visitor,0,0.124891173,0,2,-8,0,0.00000039,0
Returning_Visitor,1,0.001244776,0,7,4,0.026375419,0.000000391,0
New_Visitor,0,0.010987894,0,2,1,0.077206596,433.915471001,0
Returning_Visitor,0,0.000509701,0,4,1,0.000000908,1820.84911996,1
Returning_Visitor,0,0.0549899,0,3,1,0.005435356,642.181209422,0
