{
  "data_shape": {
    "rows": 12330,
    "columns": 9
  },
  "split_shape": {
    "train_rows": 7398,
    "val_rows": 2466,
    "test_rows": 2466
  },
  "feature_types": {
    "categorical": [
      "CustomerType",
      "TrafficSource",
      "GeographicRegion"
    ],
    "numerical": [
      "SpecialDayProximity",
      "ExitRate",
      "PageValue",
      "BounceRate",
      "ProductPageTime"
    ]
  },
  "best_model": "gb_baseline",
  "best_threshold_by_f1": 0.25000000000000006,
  "test_default_0.50": {
    "auc": 0.8891391403965392,
    "f1": 0.5981873111782477,
    "precision": 0.7071428571428572,
    "recall": 0.518324607329843,
    "accuracy": 0.8921330089213301,
    "cm": [
      [
        2002,
        82
      ],
      [
        184,
        198
      ]
    ]
  },
  "test_tuned": {
    "auc": 0.8891391403965392,
    "f1": 0.6277205040091638,
    "precision": 0.5580448065173116,
    "recall": 0.7172774869109948,
    "accuracy": 0.8682076236820763,
    "cm": [
      [
        1867,
        217
      ],
      [
        108,
        274
      ]
    ]
  }
}